F1_entropy,F2_chi_square,F3_length,F4_standard_key_len,F5_standard_iv_len,F6_memory_region,F7_change_count,F8_change_pattern,F9_entropy_length_interaction,F10_high_confidence_key,label
4.0,0.0,16.0,1.0,1.0,2.0,0.0,0.0,16.349851365001356,0.0,KEY
4.0,0.0,16.0,1.0,1.0,2.0,11.0,3.0,16.349851365001356,0.0,IV
4.453223149067329,0.0,64.0,1.0,0.0,2.0,11.0,3.0,26.818947757176293,0.0,PLAINTEXT
5.84375,0.0,64.0,1.0,0.0,2.0,11.0,3.0,35.19321190738503,0.0,CIPHERTEXT
4.0,0.0,16.0,1.0,1.0,2.0,3.0,1.0,16.349851365001356,0.0,KEY
4.0,0.0,16.0,1.0,1.0,2.0,11.0,3.0,16.349851365001356,0.0,KEY
4.584962500721156,0.0,24.0,1.0,1.0,2.0,0.0,0.0,21.291906488858938,0.0,KEY
4.0,0.0,16.0,1.0,1.0,2.0,11.0,3.0,16.349851365001356,0.0,IV
4.294508744675456,0.0,64.0,1.0,0.0,2.0,11.0,3.0,25.8631112367027,0.0,PLAINTEXT
5.6875,0.0,64.0,1.0,0.0,2.0,11.0,3.0,34.25221693659933,0.0,CIPHERTEXT
4.501629167387822,0.0,24.0,1.0,1.0,2.0,3.0,1.0,20.904918473044376,0.0,KEY
4.584962500721156,0.0,24.0,1.0,1.0,2.0,11.0,3.0,21.291906488858938,0.0,KEY
4.75,0.0,32.0,1.0,0.0,2.0,0.0,0.0,23.960872066952653,0.0,KEY
3.875,0.0,16.0,1.0,1.0,2.0,11.0,3.0,15.838918509845064,0.0,IV
4.219062198175603,0.0,64.0,1.0,0.0,2.0,11.0,3.0,25.40874438345783,0.0,PLAINTEXT
5.78125,0.0,64.0,1.0,0.0,2.0,11.0,3.0,34.81681391907075,0.0,CIPHERTEXT
4.9375,0.0,32.0,1.0,0.0,2.0,3.0,1.0,24.906695964332364,0.0,KEY
4.9375,0.0,32.0,1.0,0.0,2.0,11.0,3.0,24.906695964332364,0.0,KEY
4.9375,0.0,32.0,1.0,0.0,2.0,0.0,0.0,24.906695964332364,0.0,KEY
4.0,0.0,16.0,1.0,1.0,2.0,11.0,3.0,16.349851365001356,0.0,IV
4.622828664259099,0.0,64.0,1.0,0.0,2.0,11.0,3.0,27.840374552779323,0.0,PLAINTEXT
5.84375,0.0,64.0,1.0,0.0,2.0,11.0,3.0,35.19321190738503,0.0,CIPHERTEXT
4.875,0.0,32.0,1.0,0.0,2.0,3.0,1.0,24.59142133187246,0.0,KEY
4.8125,0.0,32.0,1.0,0.0,2.0,11.0,3.0,24.276146699412557,0.0,KEY
4.875,0.0,32.0,1.0,0.0,2.0,0.0,0.0,24.59142133187246,0.0,KEY
3.584962500721156,0.0,12.0,0.0,1.0,2.0,11.0,3.0,13.26593762571498,0.0,IV
4.425093945008262,0.0,64.0,1.0,0.0,2.0,11.0,3.0,26.649543344044865,0.0,PLAINTEXT
6.0719280948873635,0.0,80.0,0.0,0.0,2.0,11.0,3.0,38.495113349886886,0.0,CIPHERTEXT
5.0,0.0,32.0,1.0,0.0,2.0,3.0,1.0,25.221970596792268,0.0,KEY
4.8125,0.0,32.0,1.0,0.0,2.0,11.0,3.0,24.276146699412557,0.0,KEY
4.0,0.0,16.0,1.0,1.0,2.0,0.0,0.0,16.349851365001356,0.0,KEY
4.0,0.0,16.0,1.0,1.0,2.0,11.0,3.0,16.349851365001356,0.0,IV
4.884623781480403,0.0,64.0,1.0,0.0,2.0,11.0,3.0,29.417001040340917,0.0,PLAINTEXT
5.875,0.0,64.0,1.0,0.0,2.0,11.0,3.0,35.38141090154217,0.0,CIPHERTEXT
4.0,0.0,16.0,1.0,1.0,2.0,3.0,1.0,16.349851365001356,0.0,KEY
4.0,0.0,16.0,1.0,1.0,2.0,11.0,3.0,16.349851365001356,0.0,KEY
4.501629167387822,0.0,24.0,1.0,1.0,2.0,0.0,0.0,20.904918473044376,0.0,KEY
4.0,0.0,16.0,1.0,1.0,2.0,11.0,3.0,16.349851365001356,0.0,IV
4.446873587245974,0.0,64.0,1.0,0.0,2.0,11.0,3.0,26.78070836043653,0.0,PLAINTEXT
5.78125,0.0,64.0,1.0,0.0,2.0,11.0,3.0,34.81681391907075,0.0,CIPHERTEXT
4.501629167387822,0.0,24.0,1.0,1.0,2.0,3.0,1.0,20.904918473044376,0.0,KEY
4.418295834054489,0.0,24.0,1.0,1.0,2.0,11.0,3.0,20.517930457229816,0.0,KEY
4.9375,0.0,32.0,1.0,0.0,2.0,0.0,0.0,24.906695964332364,0.0,KEY
3.875,0.0,16.0,1.0,1.0,2.0,11.0,3.0,15.838918509845064,0.0,IV
4.904078664259099,0.0,64.0,1.0,0.0,2.0,11.0,3.0,29.534165500193577,0.0,PLAINTEXT
5.800704882778696,0.0,64.0,1.0,0.0,2.0,11.0,3.0,34.93397837892341,0.0,CIPHERTEXT
4.726409765557392,0.0,32.0,1.0,0.0,2.0,3.0,1.0,23.841873627056074,0.0,KEY
4.9375,0.0,32.0,1.0,0.0,2.0,11.0,3.0,24.906695964332364,0.0,KEY
4.625,0.0,32.0,1.0,0.0,2.0,0.0,0.0,23.330322802032846,0.0,KEY
4.0,0.0,16.0,1.0,1.0,2.0,11.0,3.0,16.349851365001356,0.0,IV
4.909774413893479,0.0,64.0,1.0,0.0,2.0,11.0,3.0,29.568467399462733,0.0,PLAINTEXT
5.8125,0.0,64.0,1.0,0.0,2.0,11.0,3.0,35.005012913227894,0.0,CIPHERTEXT
4.875,0.0,32.0,1.0,0.0,2.0,3.0,1.0,24.59142133187246,0.0,KEY
4.9375,0.0,32.0,1.0,0.0,2.0,11.0,3.0,24.906695964332364,0.0,KEY
4.8125,0.0,32.0,1.0,0.0,2.0,0.0,0.0,24.276146699412557,0.0,KEY
3.584962500721156,0.0,12.0,0.0,1.0,2.0,11.0,3.0,13.26593762571498,0.0,IV
4.011991415355961,0.0,64.0,1.0,0.0,2.0,11.0,3.0,24.161687965986214,0.0,PLAINTEXT
5.8125,0.0,64.0,1.0,0.0,2.0,11.0,3.0,35.005012913227894,0.0,CIPHERTEXT
4.8125,0.0,32.0,1.0,0.0,2.0,3.0,1.0,24.276146699412557,0.0,KEY
4.875,0.0,32.0,1.0,0.0,2.0,11.0,3.0,24.59142133187246,0.0,KEY
4.0,0.0,16.0,1.0,1.0,2.0,0.0,0.0,16.349851365001356,0.0,KEY
3.875,0.0,16.0,1.0,1.0,2.0,11.0,3.0,15.838918509845064,0.0,IV
4.514162751096862,0.0,64.0,1.0,0.0,2.0,11.0,3.0,27.18594845497772,0.0,PLAINTEXT
5.875,0.0,64.0,1.0,0.0,2.0,11.0,3.0,35.38141090154217,0.0,CIPHERTEXT
3.875,0.0,16.0,1.0,1.0,2.0,3.0,1.0,15.838918509845064,0.0,KEY
3.75,0.0,16.0,1.0,1.0,2.0,11.0,3.0,15.32798565468877,0.0,KEY
4.584962500721156,0.0,24.0,1.0,1.0,2.0,0.0,0.0,21.291906488858938,0.0,KEY
4.0,0.0,16.0,1.0,1.0,2.0,11.0,3.0,16.349851365001356,0.0,IV
4.277921884241178,0.0,64.0,1.0,0.0,2.0,11.0,3.0,25.76321906230411,0.0,PLAINTEXT
5.71875,0.0,64.0,1.0,0.0,2.0,11.0,3.0,34.44041593075647,0.0,CIPHERTEXT
4.334962500721156,0.0,24.0,1.0,1.0,2.0,3.0,1.0,20.130942441415257,0.0,KEY
4.501629167387822,0.0,24.0,1.0,1.0,2.0,11.0,3.0,20.904918473044376,0.0,KEY
4.9375,0.0,32.0,1.0,0.0,2.0,0.0,0.0,24.906695964332364,0.0,KEY
4.0,0.0,16.0,1.0,1.0,2.0,11.0,3.0,16.349851365001356,0.0,IV
4.346117633875558,0.0,64.0,1.0,0.0,2.0,11.0,3.0,26.173918949887543,0.0,PLAINTEXT
5.84375,0.0,64.0,1.0,0.0,2.0,11.0,3.0,35.19321190738503,0.0,CIPHERTEXT
5.0,0.0,32.0,1.0,0.0,2.0,3.0,1.0,25.221970596792268,0.0,KEY
4.875,0.0,32.0,1.0,0.0,2.0,11.0,3.0,24.59142133187246,0.0,KEY
3.875,0.0,16.0,1.0,1.0,2.0,0.0,0.0,15.838918509845064,0.0,KEY
4.0,0.0,16.0,1.0,1.0,2.0,11.0,3.0,16.349851365001356,0.0,IV
4.341982282211645,0.0,64.0,1.0,0.0,2.0,11.0,3.0,26.14901434113124,0.0,PLAINTEXT
5.683364648336088,0.0,64.0,1.0,0.0,2.0,11.0,3.0,34.22731232784304,0.0,CIPHERTEXT
4.0,0.0,16.0,1.0,1.0,2.0,3.0,1.0,16.349851365001356,0.0,KEY
4.0,0.0,16.0,1.0,1.0,2.0,11.0,3.0,16.349851365001356,0.0,KEY
4.501629167387822,0.0,24.0,1.0,1.0,2.0,0.0,0.0,20.904918473044376,0.0,KEY
3.875,0.0,16.0,1.0,1.0,2.0,11.0,3.0,15.838918509845064,0.0,IV
4.451915524693378,0.0,64.0,1.0,0.0,2.0,11.0,3.0,26.811072762235085,0.0,PLAINTEXT
5.71875,0.0,64.0,1.0,0.0,2.0,11.0,3.0,34.44041593075647,0.0,CIPHERTEXT
4.501629167387822,0.0,24.0,1.0,1.0,2.0,3.0,1.0,20.904918473044376,0.0,KEY
4.501629167387822,0.0,24.0,1.0,1.0,2.0,11.0,3.0,20.904918473044376,0.0,KEY
4.875,0.0,32.0,1.0,0.0,2.0,0.0,0.0,24.59142133187246,0.0,KEY
3.577819531114783,0.0,16.0,1.0,1.0,2.0,11.0,3.0,14.624204386131387,0.0,IV
4.728373781480403,0.0,64.0,1.0,0.0,2.0,11.0,3.0,28.47600606955522,0.0,PLAINTEXT
5.769454882778696,0.0,64.0,1.0,0.0,2.0,11.0,3.0,34.74577938476627,0.0,CIPHERTEXT
5.0,0.0,32.0,1.0,0.0,2.0,3.0,1.0,25.221970596792268,0.0,KEY
4.875,0.0,32.0,1.0,0.0,2.0,11.0,3.0,24.59142133187246,0.0,KEY
4.0,0.0,16.0,1.0,1.0,2.0,0.0,0.0,16.349851365001356,0.0,KEY
4.0,0.0,16.0,1.0,1.0,2.0,11.0,3.0,16.349851365001356,0.0,IV
4.276864454101657,0.0,64.0,1.0,0.0,2.0,11.0,3.0,25.756850829067332,0.0,PLAINTEXT
5.738204882778696,0.0,64.0,1.0,0.0,2.0,11.0,3.0,34.55758039060913,0.0,CIPHERTEXT
3.875,0.0,16.0,1.0,1.0,2.0,3.0,1.0,15.838918509845064,0.0,KEY
3.875,0.0,16.0,1.0,1.0,2.0,11.0,3.0,15.838918509845064,0.0,KEY
4.251629167387823,0.0,24.0,1.0,1.0,2.0,0.0,0.0,19.7439544256007,0.0,KEY
4.0,0.0,16.0,1.0,1.0,2.0,11.0,3.0,16.349851365001356,0.0,IV
4.603777399432949,0.0,64.0,1.0,0.0,2.0,11.0,3.0,27.725640828692832,0.0,PLAINTEXT
5.71875,0.0,64.0,1.0,0.0,2.0,11.0,3.0,34.44041593075647,0.0,CIPHERTEXT
4.501629167387822,0.0,24.0,1.0,1.0,2.0,3.0,1.0,20.904918473044376,0.0,KEY
4.501629167387822,0.0,24.0,1.0,1.0,2.0,11.0,3.0,20.904918473044376,0.0,KEY
5.0,0.0,32.0,1.0,0.0,2.0,0.0,0.0,25.221970596792268,0.0,KEY
4.0,0.0,16.0,1.0,1.0,2.0,11.0,3.0,16.349851365001356,0.0,IV
4.44752739943295,0.0,64.0,1.0,0.0,2.0,11.0,3.0,26.784645857907144,0.0,PLAINTEXT
5.84375,0.0,64.0,1.0,0.0,2.0,11.0,3.0,35.19321190738503,0.0,CIPHERTEXT
4.9375,0.0,32.0,1.0,0.0,2.0,3.0,1.0,24.906695964332364,0.0,KEY
4.788909765557392,0.0,32.0,1.0,0.0,2.0,11.0,3.0,24.157148259515978,0.0,KEY
4.9375,0.0,32.0,1.0,0.0,2.0,0.0,0.0,24.906695964332364,0.0,KEY
4.0,0.0,16.0,1.0,1.0,2.0,11.0,3.0,16.349851365001356,0.0,IV
4.287257947809982,0.0,64.0,1.0,0.0,2.0,11.0,3.0,25.81944427104126,0.0,PLAINTEXT
5.75,0.0,64.0,1.0,0.0,2.0,11.0,3.0,34.62861492491361,0.0,CIPHERTEXT
5.0,0.0,32.0,1.0,0.0,2.0,3.0,1.0,25.221970596792268,0.0,KEY
4.875,0.0,32.0,1.0,0.0,2.0,11.0,3.0,24.59142133187246,0.0,KEY
4.8125,0.0,32.0,1.0,0.0,2.0,0.0,0.0,24.276146699412557,0.0,KEY
3.584962500721156,0.0,12.0,0.0,1.0,2.0,11.0,3.0,13.26593762571498,0.0,IV
4.788909765557392,0.0,64.0,1.0,0.0,2.0,11.0,3.0,28.84057603159048,0.0,PLAINTEXT
5.91249200111032,0.0,80.0,0.0,0.0,2.0,11.0,3.0,37.48431243029458,0.0,CIPHERTEXT
4.8125,0.0,32.0,1.0,0.0,2.0,3.0,1.0,24.276146699412557,0.0,KEY
5.0,0.0,32.0,1.0,0.0,2.0,11.0,3.0,25.221970596792268,0.0,KEY
4.0,0.0,16.0,1.0,1.0,2.0,0.0,0.0,16.349851365001356,0.0,KEY
3.875,0.0,16.0,1.0,1.0,2.0,11.0,3.0,15.838918509845064,0.0,IV
4.4117384298164914,0.0,64.0,1.0,0.0,2.0,11.0,3.0,26.56911151922753,0.0,PLAINTEXT
5.78125,0.0,64.0,1.0,0.0,2.0,11.0,3.0,34.81681391907075,0.0,CIPHERTEXT
4.0,0.0,16.0,1.0,1.0,2.0,3.0,1.0,16.349851365001356,0.0,KEY
4.0,0.0,16.0,1.0,1.0,2.0,11.0,3.0,16.349851365001356,0.0,KEY
4.418295834054489,0.0,24.0,1.0,1.0,2.0,0.0,0.0,20.517930457229816,0.0,KEY
4.0,0.0,16.0,1.0,1.0,2.0,11.0,3.0,16.349851365001356,0.0,IV
5.085479296672174,0.0,64.0,1.0,0.0,2.0,11.0,3.0,30.626626830101085,0.0,PLAINTEXT
5.644454882778696,0.0,64.0,1.0,0.0,2.0,11.0,3.0,33.99298340813772,0.0,CIPHERTEXT
4.334962500721156,0.0,24.0,1.0,1.0,2.0,3.0,1.0,20.130942441415257,0.0,KEY
4.334962500721156,0.0,24.0,1.0,1.0,2.0,11.0,3.0,20.130942441415257,0.0,KEY
5.0,0.0,32.0,1.0,0.0,2.0,0.0,0.0,25.221970596792268,0.0,KEY
4.0,0.0,16.0,1.0,1.0,2.0,11.0,3.0,16.349851365001356,0.0,IV
4.880488429816491,0.0,64.0,1.0,0.0,2.0,11.0,3.0,29.392096431584612,0.0,PLAINTEXT
5.78125,0.0,64.0,1.0,0.0,2.0,11.0,3.0,34.81681391907075,0.0,CIPHERTEXT
4.8125,0.0,32.0,1.0,0.0,2.0,3.0,1.0,24.276146699412557,0.0,KEY
4.875,0.0,32.0,1.0,0.0,2.0,11.0,3.0,24.59142133187246,0.0,KEY
4.75,0.0,32.0,1.0,0.0,2.0,0.0,0.0,23.960872066952653,0.0,KEY
3.875,0.0,16.0,1.0,1.0,2.0,11.0,3.0,15.838918509845064,0.0,IV
4.958918898701707,0.0,64.0,1.0,0.0,2.0,11.0,3.0,29.86443356295967,0.0,PLAINTEXT
5.71875,0.0,64.0,1.0,0.0,2.0,11.0,3.0,34.44041593075647,0.0,CIPHERTEXT
4.9375,0.0,32.0,1.0,0.0,2.0,3.0,1.0,24.906695964332364,0.0,KEY
4.9375,0.0,32.0,1.0,0.0,2.0,11.0,3.0,24.906695964332364,0.0,KEY
4.8125,0.0,32.0,1.0,0.0,2.0,0.0,0.0,24.276146699412557,0.0,KEY
3.584962500721156,0.0,12.0,0.0,1.0,2.0,11.0,3.0,13.26593762571498,0.0,IV
4.939464015923011,0.0,64.0,1.0,0.0,2.0,11.0,3.0,29.747269103107012,0.0,PLAINTEXT
5.875,0.0,64.0,1.0,0.0,2.0,11.0,3.0,35.38141090154217,0.0,CIPHERTEXT
4.875,0.0,32.0,1.0,0.0,2.0,3.0,1.0,24.59142133187246,0.0,KEY
4.875,0.0,32.0,1.0,0.0,2.0,11.0,3.0,24.59142133187246,0.0,KEY
3.875,0.0,16.0,1.0,1.0,2.0,0.0,0.0,15.838918509845064,0.0,KEY
3.875,0.0,16.0,1.0,1.0,2.0,11.0,3.0,15.838918509845064,0.0,IV
4.544398195373883,0.0,64.0,1.0,0.0,2.0,11.0,3.0,27.368037421404264,0.0,PLAINTEXT
5.84375,0.0,64.0,1.0,0.0,2.0,11.0,3.0,35.19321190738503,0.0,CIPHERTEXT
3.875,0.0,16.0,1.0,1.0,2.0,3.0,1.0,15.838918509845064,0.0,KEY
3.875,0.0,16.0,1.0,1.0,2.0,11.0,3.0,15.838918509845064,0.0,KEY
4.501629167387822,0.0,24.0,1.0,1.0,2.0,0.0,0.0,20.904918473044376,0.0,KEY
4.0,0.0,16.0,1.0,1.0,2.0,11.0,3.0,16.349851365001356,0.0,IV
4.289717001462482,0.0,64.0,1.0,0.0,2.0,11.0,3.0,25.834253596608587,0.0,PLAINTEXT
5.738204882778696,0.0,64.0,1.0,0.0,2.0,11.0,3.0,34.55758039060913,0.0,CIPHERTEXT
4.41829583405449,0.0,24.0,1.0,1.0,2.0,3.0,1.0,20.51793045722982,0.0,KEY
4.584962500721156,0.0,24.0,1.0,1.0,2.0,11.0,3.0,21.291906488858938,0.0,KEY
4.875,0.0,32.0,1.0,0.0,2.0,0.0,0.0,24.59142133187246,0.0,KEY
4.0,0.0,16.0,1.0,1.0,2.0,11.0,3.0,16.349851365001356,0.0,IV
4.362997562960807,0.0,64.0,1.0,0.0,2.0,11.0,3.0,26.27557609149675,0.0,PLAINTEXT
5.875,0.0,64.0,1.0,0.0,2.0,11.0,3.0,35.38141090154217,0.0,CIPHERTEXT
4.8125,0.0,32.0,1.0,0.0,2.0,3.0,1.0,24.276146699412557,0.0,KEY
4.875,0.0,32.0,1.0,0.0,2.0,11.0,3.0,24.59142133187246,0.0,KEY
4.0,0.0,16.0,1.0,1.0,2.0,0.0,0.0,16.349851365001356,0.0,KEY
4.0,0.0,16.0,1.0,1.0,2.0,11.0,3.0,16.349851365001356,0.0,IV
4.795412751096862,0.0,64.0,1.0,0.0,2.0,11.0,3.0,28.879739402391973,0.0,PLAINTEXT
5.84375,0.0,64.0,1.0,0.0,2.0,11.0,3.0,35.19321190738503,0.0,CIPHERTEXT
4.0,0.0,16.0,1.0,1.0,2.0,3.0,1.0,16.349851365001356,0.0,KEY
4.0,0.0,16.0,1.0,1.0,2.0,11.0,3.0,16.349851365001356,0.0,KEY
4.251629167387822,0.0,24.0,1.0,1.0,2.0,0.0,0.0,19.743954425600695,0.0,KEY
4.0,0.0,16.0,1.0,1.0,2.0,11.0,3.0,16.349851365001356,0.0,IV
4.435732282211645,0.0,64.0,1.0,0.0,2.0,11.0,3.0,26.71361132360266,0.0,PLAINTEXT
5.8125,0.0,64.0,1.0,0.0,2.0,11.0,3.0,35.005012913227894,0.0,CIPHERTEXT
4.584962500721156,0.0,24.0,1.0,1.0,2.0,3.0,1.0,21.291906488858938,0.0,KEY
4.334962500721156,0.0,24.0,1.0,1.0,2.0,11.0,3.0,20.130942441415257,0.0,KEY
4.875,0.0,32.0,1.0,0.0,2.0,0.0,0.0,24.59142133187246,0.0,KEY
3.875,0.0,16.0,1.0,1.0,2.0,11.0,3.0,15.838918509845064,0.0,IV
4.618693312595187,0.0,64.0,1.0,0.0,2.0,11.0,3.0,27.81546994402302,0.0,PLAINTEXT
5.84375,0.0,64.0,1.0,0.0,2.0,11.0,3.0,35.19321190738503,0.0,CIPHERTEXT
4.875,0.0,32.0,1.0,0.0,2.0,3.0,1.0,24.59142133187246,0.0,KEY
4.8125,0.0,32.0,1.0,0.0,2.0,11.0,3.0,24.276146699412557,0.0,KEY
4.0,0.0,16.0,1.0,1.0,2.0,0.0,0.0,16.349851365001356,0.0,KEY
4.0,0.0,16.0,1.0,1.0,2.0,11.0,3.0,16.349851365001356,0.0,IV
4.231352353126395,0.0,64.0,1.0,0.0,2.0,11.0,3.0,25.48276021705061,0.0,PLAINTEXT
5.644454882778696,0.0,64.0,1.0,0.0,2.0,11.0,3.0,33.99298340813772,0.0,CIPHERTEXT
3.875,0.0,16.0,1.0,1.0,2.0,3.0,1.0,15.838918509845064,0.0,KEY
4.0,0.0,16.0,1.0,1.0,2.0,11.0,3.0,16.349851365001356,0.0,KEY
4.501629167387822,0.0,24.0,1.0,1.0,2.0,0.0,0.0,20.904918473044376,0.0,KEY
3.875,0.0,16.0,1.0,1.0,2.0,11.0,3.0,15.838918509845064,0.0,IV
4.493400243944215,0.0,64.0,1.0,0.0,2.0,11.0,3.0,27.060909000183848,0.0,PLAINTEXT
5.8125,0.0,64.0,1.0,0.0,2.0,11.0,3.0,35.005012913227894,0.0,CIPHERTEXT
4.168295834054489,0.0,24.0,1.0,1.0,2.0,3.0,1.0,19.356966409786136,0.0,KEY
4.501629167387822,0.0,24.0,1.0,1.0,2.0,11.0,3.0,20.904918473044376,0.0,KEY
4.875,0.0,32.0,1.0,0.0,2.0,0.0,0.0,24.59142133187246,0.0,KEY
4.0,0.0,16.0,1.0,1.0,2.0,11.0,3.0,16.349851365001356,0.0,IV
4.821469969293428,0.0,64.0,1.0,0.0,2.0,11.0,3.0,29.03666555455603,0.0,PLAINTEXT
5.800704882778696,0.0,64.0,1.0,0.0,2.0,11.0,3.0,34.93397837892341,0.0,CIPHERTEXT
4.75,0.0,32.0,1.0,0.0,2.0,3.0,1.0,23.960872066952653,0.0,KEY
4.875,0.0,32.0,1.0,0.0,2.0,11.0,3.0,24.59142133187246,0.0,KEY
4.9375,0.0,32.0,1.0,0.0,2.0,0.0,0.0,24.906695964332364,0.0,KEY
4.0,0.0,16.0,1.0,1.0,2.0,11.0,3.0,16.349851365001356,0.0,IV
4.285178031846025,0.0,64.0,1.0,0.0,2.0,11.0,3.0,25.80691825208612,0.0,PLAINTEXT
5.875,0.0,64.0,1.0,0.0,2.0,11.0,3.0,35.38141090154217,0.0,CIPHERTEXT
4.8125,0.0,32.0,1.0,0.0,2.0,3.0,1.0,24.276146699412557,0.0,KEY
4.9375,0.0,32.0,1.0,0.0,2.0,11.0,3.0,24.906695964332364,0.0,KEY
4.8125,0.0,32.0,1.0,0.0,2.0,0.0,0.0,24.276146699412557,0.0,KEY
3.4182958340544896,0.0,12.0,0.0,1.0,2.0,11.0,3.0,12.649197672691464,0.0,IV
4.519247562960808,0.0,64.0,1.0,0.0,2.0,11.0,3.0,27.21657106228245,0.0,PLAINTEXT
5.978055907333276,0.0,80.0,0.0,0.0,2.0,11.0,3.0,37.899977761351316,0.0,CIPHERTEXT
4.8125,0.0,32.0,1.0,0.0,2.0,3.0,1.0,24.276146699412557,0.0,KEY
4.75,0.0,32.0,1.0,0.0,2.0,11.0,3.0,23.960872066952653,0.0,KEY
4.0,0.0,16.0,1.0,1.0,2.0,0.0,0.0,16.349851365001356,0.0,KEY
4.0,0.0,16.0,1.0,1.0,2.0,11.0,3.0,16.349851365001356,0.0,IV
4.578223149067329,0.0,64.0,1.0,0.0,2.0,11.0,3.0,27.57174373380485,0.0,PLAINTEXT
5.726409765557392,0.0,64.0,1.0,0.0,2.0,11.0,3.0,34.48654585630465,0.0,CIPHERTEXT
4.0,0.0,16.0,1.0,1.0,2.0,3.0,1.0,16.349851365001356,0.0,KEY
3.875,0.0,16.0,1.0,1.0,2.0,11.0,3.0,15.838918509845064,0.0,KEY
4.584962500721156,0.0,24.0,1.0,1.0,2.0,0.0,0.0,21.291906488858938,0.0,KEY
4.0,0.0,16.0,1.0,1.0,2.0,11.0,3.0,16.349851365001356,0.0,IV
4.835479296672174,0.0,64.0,1.0,0.0,2.0,11.0,3.0,29.12103487684397,0.0,PLAINTEXT
5.8125,0.0,64.0,1.0,0.0,2.0,11.0,3.0,35.005012913227894,0.0,CIPHERTEXT
4.584962500721156,0.0,24.0,1.0,1.0,2.0,3.0,1.0,21.291906488858938,0.0,KEY
4.418295834054489,0.0,24.0,1.0,1.0,2.0,11.0,3.0,20.517930457229816,0.0,KEY
4.8125,0.0,32.0,1.0,0.0,2.0,0.0,0.0,24.276146699412557,0.0,KEY
4.0,0.0,16.0,1.0,1.0,2.0,11.0,3.0,16.349851365001356,0.0,IV
4.228777399432949,0.0,64.0,1.0,0.0,2.0,11.0,3.0,25.467252898807164,0.0,PLAINTEXT
5.769454882778696,0.0,64.0,1.0,0.0,2.0,11.0,3.0,34.74577938476627,0.0,CIPHERTEXT
4.663909765557392,0.0,32.0,1.0,0.0,2.0,3.0,1.0,23.52659899459617,0.0,KEY
4.875,0.0,32.0,1.0,0.0,2.0,11.0,3.0,24.59142133187246,0.0,KEY
4.851409765557392,0.0,32.0,1.0,0.0,2.0,0.0,0.0,24.47242289197588,0.0,KEY
3.875,0.0,16.0,1.0,1.0,2.0,11.0,3.0,15.838918509845064,0.0,IV
4.352217001462482,0.0,64.0,1.0,0.0,2.0,11.0,3.0,26.210651584922864,0.0,PLAINTEXT
5.738204882778696,0.0,64.0,1.0,0.0,2.0,11.0,3.0,34.55758039060913,0.0,CIPHERTEXT
4.9375,0.0,32.0,1.0,0.0,2.0,3.0,1.0,24.906695964332364,0.0,KEY
4.875,0.0,32.0,1.0,0.0,2.0,11.0,3.0,24.59142133187246,0.0,KEY
4.875,0.0,32.0,1.0,0.0,2.0,0.0,0.0,24.59142133187246,0.0,KEY
3.584962500721156,0.0,12.0,0.0,1.0,2.0,11.0,3.0,13.26593762571498,0.0,IV
4.784774413893478,0.0,64.0,1.0,0.0,2.0,11.0,3.0,28.81567142283417,0.0,PLAINTEXT
5.695159765557392,0.0,64.0,1.0,0.0,2.0,11.0,3.0,34.29834686214752,0.0,CIPHERTEXT
4.875,0.0,32.0,1.0,0.0,2.0,3.0,1.0,24.59142133187246,0.0,KEY
4.875,0.0,32.0,1.0,0.0,2.0,11.0,3.0,24.59142133187246,0.0,KEY
3.875,0.0,16.0,1.0,1.0,2.0,0.0,0.0,15.838918509845064,0.0,KEY
3.875,0.0,16.0,1.0,1.0,2.0,11.0,3.0,15.838918509845064,0.0,IV
4.757409571322961,0.0,64.0,1.0,0.0,2.0,11.0,3.0,28.6508702757289,0.0,PLAINTEXT
5.84375,0.0,64.0,1.0,0.0,2.0,11.0,3.0,35.19321190738503,0.0,CIPHERTEXT
4.0,0.0,16.0,1.0,1.0,2.0,3.0,1.0,16.349851365001356,0.0,KEY
4.0,0.0,16.0,1.0,1.0,2.0,11.0,3.0,16.349851365001356,0.0,KEY
4.584962500721156,0.0,24.0,1.0,1.0,2.0,0.0,0.0,21.291906488858938,0.0,KEY
4.0,0.0,16.0,1.0,1.0,2.0,11.0,3.0,16.349851365001356,0.0,IV
4.392283547037795,0.0,64.0,1.0,0.0,2.0,11.0,3.0,26.45194705937487,0.0,PLAINTEXT
5.84375,0.0,64.0,1.0,0.0,2.0,11.0,3.0,35.19321190738503,0.0,CIPHERTEXT
4.501629167387822,0.0,24.0,1.0,1.0,2.0,3.0,1.0,20.904918473044376,0.0,KEY
4.584962500721156,0.0,24.0,1.0,1.0,2.0,11.0,3.0,21.291906488858938,0.0,KEY
4.9375,0.0,32.0,1.0,0.0,2.0,0.0,0.0,24.906695964332364,0.0,KEY
3.875,0.0,16.0,1.0,1.0,2.0,11.0,3.0,15.838918509845064,0.0,IV
5.001310203736037,0.0,64.0,1.0,0.0,2.0,11.0,3.0,30.11972959395069,0.0,PLAINTEXT
5.769454882778696,0.0,64.0,1.0,0.0,2.0,11.0,3.0,34.74577938476627,0.0,CIPHERTEXT
4.875,0.0,32.0,1.0,0.0,2.0,3.0,1.0,24.59142133187246,0.0,KEY
4.9375,0.0,32.0,1.0,0.0,2.0,11.0,3.0,24.906695964332364,0.0,KEY
4.0,0.0,16.0,1.0,1.0,2.0,0.0,0.0,16.349851365001356,0.0,KEY
4.0,0.0,16.0,1.0,1.0,2.0,11.0,3.0,16.349851365001356,0.0,IV
4.7268133835099375,0.0,64.0,1.0,0.0,2.0,11.0,3.0,28.46660877904237,0.0,PLAINTEXT
5.75,0.0,64.0,1.0,0.0,2.0,11.0,3.0,34.62861492491361,0.0,CIPHERTEXT
4.0,0.0,16.0,1.0,1.0,2.0,3.0,1.0,16.349851365001356,0.0,KEY
3.875,0.0,16.0,1.0,1.0,2.0,11.0,3.0,15.838918509845064,0.0,KEY
4.386842188131011,0.0,24.0,1.0,1.0,2.0,0.0,0.0,20.371864248917092,0.0,KEY
3.875,0.0,16.0,1.0,1.0,2.0,11.0,3.0,15.838918509845064,0.0,IV
4.503928031846025,0.0,64.0,1.0,0.0,2.0,11.0,3.0,27.124311211186093,0.0,PLAINTEXT
5.558364648336087,0.0,64.0,1.0,0.0,2.0,11.0,3.0,33.474516351214476,0.0,CIPHERTEXT
4.584962500721156,0.0,24.0,1.0,1.0,2.0,3.0,1.0,21.291906488858938,0.0,KEY
4.584962500721156,0.0,24.0,1.0,1.0,2.0,11.0,3.0,21.291906488858938,0.0,KEY
4.9375,0.0,32.0,1.0,0.0,2.0,0.0,0.0,24.906695964332364,0.0,KEY
4.0,0.0,16.0,1.0,1.0,2.0,11.0,3.0,16.349851365001356,0.0,IV
4.874389062229566,0.0,64.0,1.0,0.0,2.0,11.0,3.0,29.35536379654929,0.0,PLAINTEXT
5.75,0.0,64.0,1.0,0.0,2.0,11.0,3.0,34.62861492491361,0.0,CIPHERTEXT
4.8125,0.0,32.0,1.0,0.0,2.0,3.0,1.0,24.276146699412557,0.0,KEY
5.0,0.0,32.0,1.0,0.0,2.0,11.0,3.0,25.221970596792268,0.0,KEY
4.0,0.0,16.0,1.0,1.0,2.0,0.0,0.0,16.349851365001356,0.0,KEY
4.0,0.0,16.0,1.0,1.0,2.0,11.0,3.0,16.349851365001356,0.0,IV
4.979934179450871,0.0,64.0,1.0,0.0,2.0,11.0,3.0,29.990995313325193,0.0,PLAINTEXT
5.613204882778696,0.0,64.0,1.0,0.0,2.0,11.0,3.0,33.80478441398058,0.0,CIPHERTEXT
4.0,0.0,16.0,1.0,1.0,2.0,3.0,1.0,16.349851365001356,0.0,KEY
3.875,0.0,16.0,1.0,1.0,2.0,11.0,3.0,15.838918509845064,0.0,KEY
4.584962500721156,0.0,24.0,1.0,1.0,2.0,0.0,0.0,21.291906488858938,0.0,KEY
4.0,0.0,16.0,1.0,1.0,2.0,11.0,3.0,16.349851365001356,0.0,IV
4.480337797403417,0.0,64.0,1.0,0.0,2.0,11.0,3.0,26.982242142577135,0.0,PLAINTEXT
5.71875,0.0,64.0,1.0,0.0,2.0,11.0,3.0,34.44041593075647,0.0,CIPHERTEXT
4.501629167387822,0.0,24.0,1.0,1.0,2.0,3.0,1.0,20.904918473044376,0.0,KEY
4.41829583405449,0.0,24.0,1.0,1.0,2.0,11.0,3.0,20.51793045722982,0.0,KEY
4.75,0.0,32.0,1.0,0.0,2.0,0.0,0.0,23.960872066952653,0.0,KEY
3.75,0.0,16.0,1.0,1.0,2.0,11.0,3.0,15.32798565468877,0.0,IV
4.409524219659049,0.0,64.0,1.0,0.0,2.0,11.0,3.0,26.55577673124407,0.0,PLAINTEXT
5.632659765557392,0.0,64.0,1.0,0.0,2.0,11.0,3.0,33.92194887383324,0.0,CIPHERTEXT
5.0,0.0,32.0,1.0,0.0,2.0,3.0,1.0,25.221970596792268,0.0,KEY
4.875,0.0,32.0,1.0,0.0,2.0,11.0,3.0,24.59142133187246,0.0,KEY
5.0,0.0,32.0,1.0,0.0,2.0,0.0,0.0,25.221970596792268,0.0,KEY
3.875,0.0,16.0,1.0,1.0,2.0,11.0,3.0,15.838918509845064,0.0,IV
4.9429884298164914,0.0,64.0,1.0,0.0,2.0,11.0,3.0,29.768494419898897,0.0,PLAINTEXT
5.8125,0.0,64.0,1.0,0.0,2.0,11.0,3.0,35.005012913227894,0.0,CIPHERTEXT
4.9375,0.0,32.0,1.0,0.0,2.0,3.0,1.0,24.906695964332364,0.0,KEY
4.8125,0.0,32.0,1.0,0.0,2.0,11.0,3.0,24.276146699412557,0.0,KEY
4.875,0.0,32.0,1.0,0.0,2.0,0.0,0.0,24.59142133187246,0.0,KEY
3.584962500721156,0.0,12.0,0.0,1.0,2.0,11.0,3.0,13.26593762571498,0.0,IV
4.337962830588678,0.0,64.0,1.0,0.0,2.0,11.0,3.0,26.12480772505106,0.0,PLAINTEXT
6.003055907333276,0.0,80.0,0.0,0.0,2.0,11.0,3.0,38.05847401142343,0.0,CIPHERTEXT
4.8125,0.0,32.0,1.0,0.0,2.0,3.0,1.0,24.276146699412557,0.0,KEY
4.9375,0.0,32.0,1.0,0.0,2.0,11.0,3.0,24.906695964332364,0.0,KEY
3.875,0.0,16.0,1.0,1.0,2.0,0.0,0.0,15.838918509845064,0.0,KEY
4.0,0.0,16.0,1.0,1.0,2.0,11.0,3.0,16.349851365001356,0.0,IV
4.739515086514733,0.0,64.0,1.0,0.0,2.0,11.0,3.0,28.543103106389097,0.0,PLAINTEXT
5.706954882778696,0.0,64.0,1.0,0.0,2.0,11.0,3.0,34.36938139645199,0.0,CIPHERTEXT
3.875,0.0,16.0,1.0,1.0,2.0,3.0,1.0,15.838918509845064,0.0,KEY
4.0,0.0,16.0,1.0,1.0,2.0,11.0,3.0,16.349851365001356,0.0,KEY
4.501629167387822,0.0,24.0,1.0,1.0,2.0,0.0,0.0,20.904918473044376,0.0,KEY
4.0,0.0,16.0,1.0,1.0,2.0,11.0,3.0,16.349851365001356,0.0,IV
4.352533972027118,0.0,64.0,1.0,0.0,2.0,11.0,3.0,26.212560498249005,0.0,PLAINTEXT
5.78125,0.0,64.0,1.0,0.0,2.0,11.0,3.0,34.81681391907075,0.0,CIPHERTEXT
4.501629167387822,0.0,24.0,1.0,1.0,2.0,3.0,1.0,20.904918473044376,0.0,KEY
4.501629167387822,0.0,24.0,1.0,1.0,2.0,11.0,3.0,20.904918473044376,0.0,KEY
4.9375,0.0,32.0,1.0,0.0,2.0,0.0,0.0,24.906695964332364,0.0,KEY
4.0,0.0,16.0,1.0,1.0,2.0,11.0,3.0,16.349851365001356,0.0,IV
4.8179884298164914,0.0,64.0,1.0,0.0,2.0,11.0,3.0,29.01569844327034,0.0,PLAINTEXT
5.8125,0.0,64.0,1.0,0.0,2.0,11.0,3.0,35.005012913227894,0.0,CIPHERTEXT
4.9375,0.0,32.0,1.0,0.0,2.0,3.0,1.0,24.906695964332364,0.0,KEY
4.875,0.0,32.0,1.0,0.0,2.0,11.0,3.0,24.59142133187246,0.0,KEY
4.9375,0.0,32.0,1.0,0.0,2.0,0.0,0.0,24.906695964332364,0.0,KEY
4.0,0.0,16.0,1.0,1.0,2.0,11.0,3.0,16.349851365001356,0.0,IV
4.322527399432949,0.0,64.0,1.0,0.0,2.0,11.0,3.0,26.031849881278582,0.0,PLAINTEXT
5.75,0.0,64.0,1.0,0.0,2.0,11.0,3.0,34.62861492491361,0.0,CIPHERTEXT
4.875,0.0,32.0,1.0,0.0,2.0,3.0,1.0,24.59142133187246,0.0,KEY
4.875,0.0,32.0,1.0,0.0,2.0,11.0,3.0,24.59142133187246,0.0,KEY
5.0,0.0,32.0,1.0,0.0,2.0,0.0,0.0,25.221970596792268,0.0,KEY
3.4182958340544896,0.0,12.0,0.0,1.0,2.0,11.0,3.0,12.649197672691464,0.0,IV
4.640723149067329,0.0,64.0,1.0,0.0,2.0,11.0,3.0,27.94814172211913,0.0,PLAINTEXT
5.757659765557392,0.0,64.0,1.0,0.0,2.0,11.0,3.0,34.67474485046179,0.0,CIPHERTEXT
4.875,0.0,32.0,1.0,0.0,2.0,3.0,1.0,24.59142133187246,0.0,KEY
4.9375,0.0,32.0,1.0,0.0,2.0,11.0,3.0,24.906695964332364,0.0,KEY
3.75,0.0,16.0,1.0,1.0,2.0,0.0,0.0,15.32798565468877,0.0,KEY
3.875,0.0,16.0,1.0,1.0,2.0,11.0,3.0,15.838918509845064,0.0,IV
4.492132914624721,0.0,64.0,1.0,0.0,2.0,11.0,3.0,27.053276676881616,0.0,PLAINTEXT
5.875,0.0,64.0,1.0,0.0,2.0,11.0,3.0,35.38141090154217,0.0,CIPHERTEXT
4.0,0.0,16.0,1.0,1.0,2.0,3.0,1.0,16.349851365001356,0.0,KEY
4.0,0.0,16.0,1.0,1.0,2.0,11.0,3.0,16.349851365001356,0.0,KEY
4.418295834054489,0.0,24.0,1.0,1.0,2.0,0.0,0.0,20.517930457229816,0.0,KEY
3.875,0.0,16.0,1.0,1.0,2.0,11.0,3.0,15.838918509845064,0.0,IV
4.882659765557392,0.0,64.0,1.0,0.0,2.0,11.0,3.0,29.405173014061898,0.0,PLAINTEXT
5.84375,0.0,64.0,1.0,0.0,2.0,11.0,3.0,35.19321190738503,0.0,CIPHERTEXT
4.418295834054489,0.0,24.0,1.0,1.0,2.0,3.0,1.0,20.517930457229816,0.0,KEY
4.584962500721156,0.0,24.0,1.0,1.0,2.0,11.0,3.0,21.291906488858938,0.0,KEY
4.9375,0.0,32.0,1.0,0.0,2.0,0.0,0.0,24.906695964332364,0.0,KEY
3.875,0.0,16.0,1.0,1.0,2.0,11.0,3.0,15.838918509845064,0.0,IV
4.484473149067329,0.0,64.0,1.0,0.0,2.0,11.0,3.0,27.007146751333433,0.0,PLAINTEXT
5.644454882778696,0.0,64.0,1.0,0.0,2.0,11.0,3.0,33.99298340813772,0.0,CIPHERTEXT
4.875,0.0,32.0,1.0,0.0,2.0,3.0,1.0,24.59142133187246,0.0,KEY
4.875,0.0,32.0,1.0,0.0,2.0,11.0,3.0,24.59142133187246,0.0,KEY
4.0,0.0,16.0,1.0,1.0,2.0,0.0,0.0,16.349851365001356,0.0,KEY
3.875,0.0,16.0,1.0,1.0,2.0,11.0,3.0,15.838918509845064,0.0,IV
4.8871987351738495,0.0,64.0,1.0,0.0,2.0,11.0,3.0,29.432508358584364,0.0,PLAINTEXT
5.831954882778696,0.0,64.0,1.0,0.0,2.0,11.0,3.0,35.122177373080554,0.0,CIPHERTEXT
4.0,0.0,16.0,1.0,1.0,2.0,3.0,1.0,16.349851365001356,0.0,KEY
4.0,0.0,16.0,1.0,1.0,2.0,11.0,3.0,16.349851365001356,0.0,KEY
4.584962500721156,0.0,24.0,1.0,1.0,2.0,0.0,0.0,21.291906488858938,0.0,KEY
4.0,0.0,16.0,1.0,1.0,2.0,11.0,3.0,16.349851365001356,0.0,IV
5.085479296672174,0.0,64.0,1.0,0.0,2.0,11.0,3.0,30.626626830101085,0.0,PLAINTEXT
5.738204882778696,0.0,64.0,1.0,0.0,2.0,11.0,3.0,34.55758039060913,0.0,CIPHERTEXT
4.584962500721156,0.0,24.0,1.0,1.0,2.0,3.0,1.0,21.291906488858938,0.0,KEY
4.418295834054489,0.0,24.0,1.0,1.0,2.0,11.0,3.0,20.517930457229816,0.0,KEY
4.9375,0.0,32.0,1.0,0.0,2.0,0.0,0.0,24.906695964332364,0.0,KEY
3.75,0.0,16.0,1.0,1.0,2.0,11.0,3.0,15.32798565468877,0.0,IV
4.790873781480403,0.0,64.0,1.0,0.0,2.0,11.0,3.0,28.8524040578695,0.0,PLAINTEXT
5.78125,0.0,64.0,1.0,0.0,2.0,11.0,3.0,34.81681391907075,0.0,CIPHERTEXT
4.875,0.0,32.0,1.0,0.0,2.0,3.0,1.0,24.59142133187246,0.0,KEY
4.875,0.0,32.0,1.0,0.0,2.0,11.0,3.0,24.59142133187246,0.0,KEY
3.875,0.0,16.0,1.0,1.0,2.0,0.0,0.0,15.838918509845064,0.0,KEY
4.0,0.0,16.0,1.0,1.0,2.0,11.0,3.0,16.349851365001356,0.0,IV
4.7124433125951875,0.0,64.0,1.0,0.0,2.0,11.0,3.0,28.380066926494443,0.0,PLAINTEXT
5.90625,0.0,64.0,1.0,0.0,2.0,11.0,3.0,35.56960989569931,0.0,CIPHERTEXT
3.625,0.0,16.0,1.0,1.0,2.0,3.0,1.0,14.81705279953248,0.0,KEY
3.875,0.0,16.0,1.0,1.0,2.0,11.0,3.0,15.838918509845064,0.0,KEY
4.584962500721156,0.0,24.0,1.0,1.0,2.0,0.0,0.0,21.291906488858938,0.0,KEY
4.0,0.0,16.0,1.0,1.0,2.0,11.0,3.0,16.349851365001356,0.0,IV
4.384623781480403,0.0,64.0,1.0,0.0,2.0,11.0,3.0,26.405817133826687,0.0,PLAINTEXT
5.65625,0.0,64.0,1.0,0.0,2.0,11.0,3.0,34.06401794244219,0.0,CIPHERTEXT
4.584962500721156,0.0,24.0,1.0,1.0,2.0,3.0,1.0,21.291906488858938,0.0,KEY
4.584962500721156,0.0,24.0,1.0,1.0,2.0,11.0,3.0,21.291906488858938,0.0,KEY
4.8125,0.0,32.0,1.0,0.0,2.0,0.0,0.0,24.276146699412557,0.0,KEY
4.0,0.0,16.0,1.0,1.0,2.0,11.0,3.0,16.349851365001356,0.0,IV
4.769454882778696,0.0,64.0,1.0,0.0,2.0,11.0,3.0,28.72341157173782,0.0,PLAINTEXT
5.875,0.0,64.0,1.0,0.0,2.0,11.0,3.0,35.38141090154217,0.0,CIPHERTEXT
4.875,0.0,32.0,1.0,0.0,2.0,3.0,1.0,24.59142133187246,0.0,KEY
4.9375,0.0,32.0,1.0,0.0,2.0,11.0,3.0,24.906695964332364,0.0,KEY
4.875,0.0,32.0,1.0,0.0,2.0,0.0,0.0,24.59142133187246,0.0,KEY
4.0,0.0,16.0,1.0,1.0,2.0,11.0,3.0,16.349851365001356,0.0,IV
4.209575290250769,0.0,64.0,1.0,0.0,2.0,11.0,3.0,25.351610734526147,0.0,PLAINTEXT
5.78125,0.0,64.0,1.0,0.0,2.0,11.0,3.0,34.81681391907075,0.0,CIPHERTEXT
4.9375,0.0,32.0,1.0,0.0,2.0,3.0,1.0,24.906695964332364,0.0,KEY
4.75,0.0,32.0,1.0,0.0,2.0,11.0,3.0,23.960872066952653,0.0,KEY
4.9375,0.0,32.0,1.0,0.0,2.0,0.0,0.0,24.906695964332364,0.0,KEY
3.584962500721156,0.0,12.0,0.0,1.0,2.0,11.0,3.0,13.26593762571498,0.0,IV
4.603373781480403,0.0,64.0,1.0,0.0,2.0,11.0,3.0,27.723210092926664,0.0,PLAINTEXT
5.88749200111032,0.0,80.0,0.0,0.0,2.0,11.0,3.0,37.32581618022246,0.0,CIPHERTEXT
4.8125,0.0,32.0,1.0,0.0,2.0,3.0,1.0,24.276146699412557,0.0,KEY
4.875,0.0,32.0,1.0,0.0,2.0,11.0,3.0,24.59142133187246,0.0,KEY
3.875,0.0,16.0,1.0,1.0,2.0,0.0,0.0,15.838918509845064,0.0,KEY
4.0,0.0,16.0,1.0,1.0,2.0,11.0,3.0,16.349851365001356,0.0,IV
4.449087797403416,0.0,64.0,1.0,0.0,2.0,11.0,3.0,26.79404314841999,0.0,PLAINTEXT
5.8125,0.0,64.0,1.0,0.0,2.0,11.0,3.0,35.005012913227894,0.0,CIPHERTEXT
4.0,0.0,16.0,1.0,1.0,2.0,3.0,1.0,16.349851365001356,0.0,KEY
3.875,0.0,16.0,1.0,1.0,2.0,11.0,3.0,15.838918509845064,0.0,KEY
4.584962500721156,0.0,24.0,1.0,1.0,2.0,0.0,0.0,21.291906488858938,0.0,KEY
4.0,0.0,16.0,1.0,1.0,2.0,11.0,3.0,16.349851365001356,0.0,IV
4.851159571322961,0.0,64.0,1.0,0.0,2.0,11.0,3.0,29.215467258200317,0.0,PLAINTEXT
5.675704882778696,0.0,64.0,1.0,0.0,2.0,11.0,3.0,34.18118240229486,0.0,CIPHERTEXT
4.334962500721156,0.0,24.0,1.0,1.0,2.0,3.0,1.0,20.130942441415257,0.0,KEY
4.418295834054489,0.0,24.0,1.0,1.0,2.0,11.0,3.0,20.517930457229816,0.0,KEY
4.875,0.0,32.0,1.0,0.0,2.0,0.0,0.0,24.59142133187246,0.0,KEY
3.875,0.0,16.0,1.0,1.0,2.0,11.0,3.0,15.838918509845064,0.0,IV
4.23519373758451,0.0,64.0,1.0,0.0,2.0,11.0,3.0,25.50589444716863,0.0,PLAINTEXT
5.632659765557392,0.0,64.0,1.0,0.0,2.0,11.0,3.0,33.92194887383324,0.0,CIPHERTEXT
4.875,0.0,32.0,1.0,0.0,2.0,3.0,1.0,24.59142133187246,0.0,KEY
4.9375,0.0,32.0,1.0,0.0,2.0,11.0,3.0,24.906695964332364,0.0,KEY
5.0,0.0,32.0,1.0,0.0,2.0,0.0,0.0,25.221970596792268,0.0,KEY
4.0,0.0,16.0,1.0,1.0,2.0,11.0,3.0,16.349851365001356,0.0,IV
4.380892047769037,0.0,64.0,1.0,0.0,2.0,11.0,3.0,26.38334326083656,0.0,PLAINTEXT
5.769454882778696,0.0,64.0,1.0,0.0,2.0,11.0,3.0,34.74577938476627,0.0,CIPHERTEXT
4.8125,0.0,32.0,1.0,0.0,2.0,3.0,1.0,24.276146699412557,0.0,KEY
4.9375,0.0,32.0,1.0,0.0,2.0,11.0,3.0,24.906695964332364,0.0,KEY
4.875,0.0,32.0,1.0,0.0,2.0,0.0,0.0,24.59142133187246,0.0,KEY
3.584962500721156,0.0,12.0,0.0,1.0,2.0,11.0,3.0,13.26593762571498,0.0,IV
4.248232282211645,0.0,64.0,1.0,0.0,2.0,11.0,3.0,25.584417358659824,0.0,PLAINTEXT
5.695159765557392,0.0,64.0,1.0,0.0,2.0,11.0,3.0,34.29834686214752,0.0,CIPHERTEXT
4.9375,0.0,32.0,1.0,0.0,2.0,3.0,1.0,24.906695964332364,0.0,KEY
5.0,0.0,32.0,1.0,0.0,2.0,11.0,3.0,25.221970596792268,0.0,KEY
4.0,0.0,16.0,1.0,1.0,2.0,0.0,0.0,16.349851365001356,0.0,KEY
4.0,0.0,16.0,1.0,1.0,2.0,11.0,3.0,16.349851365001356,0.0,IV
4.545412751096862,0.0,64.0,1.0,0.0,2.0,11.0,3.0,27.374147449134856,0.0,PLAINTEXT
5.96875,0.0,64.0,1.0,0.0,2.0,11.0,3.0,35.94600788401359,0.0,CIPHERTEXT
4.0,0.0,16.0,1.0,1.0,2.0,3.0,1.0,16.349851365001356,0.0,KEY
3.875,0.0,16.0,1.0,1.0,2.0,11.0,3.0,15.838918509845064,0.0,KEY
4.584962500721156,0.0,24.0,1.0,1.0,2.0,0.0,0.0,21.291906488858938,0.0,KEY
4.0,0.0,16.0,1.0,1.0,2.0,11.0,3.0,16.349851365001356,0.0,IV
4.177418704467279,0.0,64.0,1.0,0.0,2.0,11.0,3.0,25.157951947326765,0.0,PLAINTEXT
5.769454882778696,0.0,64.0,1.0,0.0,2.0,11.0,3.0,34.74577938476627,0.0,CIPHERTEXT
4.501629167387822,0.0,24.0,1.0,1.0,2.0,3.0,1.0,20.904918473044376,0.0,KEY
4.501629167387822,0.0,24.0,1.0,1.0,2.0,11.0,3.0,20.904918473044376,0.0,KEY
4.8125,0.0,32.0,1.0,0.0,2.0,0.0,0.0,24.276146699412557,0.0,KEY
4.0,0.0,16.0,1.0,1.0,2.0,11.0,3.0,16.349851365001356,0.0,IV
4.734473149067329,0.0,64.0,1.0,0.0,2.0,11.0,3.0,28.512738704590546,0.0,PLAINTEXT
5.84375,0.0,64.0,1.0,0.0,2.0,11.0,3.0,35.19321190738503,0.0,CIPHERTEXT
5.0,0.0,32.0,1.0,0.0,2.0,3.0,1.0,25.221970596792268,0.0,KEY
4.663909765557392,0.0,32.0,1.0,0.0,2.0,11.0,3.0,23.52659899459617,0.0,KEY
4.0,0.0,16.0,1.0,1.0,2.0,0.0,0.0,16.349851365001356,0.0,KEY
4.0,0.0,16.0,1.0,1.0,2.0,11.0,3.0,16.349851365001356,0.0,IV
4.250312198175603,0.0,64.0,1.0,0.0,2.0,11.0,3.0,25.59694337761497,0.0,PLAINTEXT
5.644454882778696,0.0,64.0,1.0,0.0,2.0,11.0,3.0,33.99298340813772,0.0,CIPHERTEXT
3.875,0.0,16.0,1.0,1.0,2.0,3.0,1.0,15.838918509845064,0.0,KEY
4.0,0.0,16.0,1.0,1.0,2.0,11.0,3.0,16.349851365001356,0.0,KEY
4.501629167387822,0.0,24.0,1.0,1.0,2.0,0.0,0.0,20.904918473044376,0.0,KEY
4.0,0.0,16.0,1.0,1.0,2.0,11.0,3.0,16.349851365001356,0.0,IV
4.330187164990342,0.0,64.0,1.0,0.0,2.0,11.0,3.0,26.077979806826768,0.0,PLAINTEXT
5.75,0.0,64.0,1.0,0.0,2.0,11.0,3.0,34.62861492491361,0.0,CIPHERTEXT
4.584962500721156,0.0,24.0,1.0,1.0,2.0,3.0,1.0,21.291906488858938,0.0,KEY
4.386842188131011,0.0,24.0,1.0,1.0,2.0,11.0,3.0,20.371864248917092,0.0,KEY
4.851409765557392,0.0,32.0,1.0,0.0,2.0,0.0,0.0,24.47242289197588,0.0,KEY
4.0,0.0,16.0,1.0,1.0,2.0,11.0,3.0,16.349851365001356,0.0,IV
4.6448585007312415,0.0,64.0,1.0,0.0,2.0,11.0,3.0,27.973046330875434,0.0,PLAINTEXT
5.695159765557392,0.0,64.0,1.0,0.0,2.0,11.0,3.0,34.29834686214752,0.0,CIPHERTEXT
4.8125,0.0,32.0,1.0,0.0,2.0,3.0,1.0,24.276146699412557,0.0,KEY
4.75,0.0,32.0,1.0,0.0,2.0,11.0,3.0,23.960872066952653,0.0,KEY
3.875,0.0,16.0,1.0,1.0,2.0,0.0,0.0,15.838918509845064,0.0,KEY
4.0,0.0,16.0,1.0,1.0,2.0,11.0,3.0,16.349851365001356,0.0,IV
4.745864648336088,0.0,64.0,1.0,0.0,2.0,11.0,3.0,28.581342503128862,0.0,PLAINTEXT
5.78125,0.0,64.0,1.0,0.0,2.0,11.0,3.0,34.81681391907075,0.0,CIPHERTEXT
4.0,0.0,16.0,1.0,1.0,2.0,3.0,1.0,16.349851365001356,0.0,KEY
3.875,0.0,16.0,1.0,1.0,2.0,11.0,3.0,15.838918509845064,0.0,KEY
4.501629167387822,0.0,24.0,1.0,1.0,2.0,0.0,0.0,20.904918473044376,0.0,KEY
4.0,0.0,16.0,1.0,1.0,2.0,11.0,3.0,16.349851365001356,0.0,IV
4.471117633875558,0.0,64.0,1.0,0.0,2.0,11.0,3.0,26.9267149265161,0.0,PLAINTEXT
5.78125,0.0,64.0,1.0,0.0,2.0,11.0,3.0,34.81681391907075,0.0,CIPHERTEXT
4.418295834054489,0.0,24.0,1.0,1.0,2.0,3.0,1.0,20.517930457229816,0.0,KEY
4.584962500721156,0.0,24.0,1.0,1.0,2.0,11.0,3.0,21.291906488858938,0.0,KEY
4.9375,0.0,32.0,1.0,0.0,2.0,0.0,0.0,24.906695964332364,0.0,KEY
4.0,0.0,16.0,1.0,1.0,2.0,11.0,3.0,16.349851365001356,0.0,IV
4.822123781480403,0.0,64.0,1.0,0.0,2.0,11.0,3.0,29.040603052026636,0.0,PLAINTEXT
5.738204882778696,0.0,64.0,1.0,0.0,2.0,11.0,3.0,34.55758039060913,0.0,CIPHERTEXT
4.875,0.0,32.0,1.0,0.0,2.0,3.0,1.0,24.59142133187246,0.0,KEY
4.875,0.0,32.0,1.0,0.0,2.0,11.0,3.0,24.59142133187246,0.0,KEY
4.875,0.0,32.0,1.0,0.0,2.0,0.0,0.0,24.59142133187246,0.0,KEY
3.75,0.0,16.0,1.0,1.0,2.0,11.0,3.0,15.32798565468877,0.0,IV
4.361033547037795,0.0,64.0,1.0,0.0,2.0,11.0,3.0,26.26374806521773,0.0,PLAINTEXT
5.738204882778696,0.0,64.0,1.0,0.0,2.0,11.0,3.0,34.55758039060913,0.0,CIPHERTEXT
4.8125,0.0,32.0,1.0,0.0,2.0,3.0,1.0,24.276146699412557,0.0,KEY
4.9375,0.0,32.0,1.0,0.0,2.0,11.0,3.0,24.906695964332364,0.0,KEY
4.9375,0.0,32.0,1.0,0.0,2.0,0.0,0.0,24.906695964332364,0.0,KEY
3.584962500721156,0.0,12.0,0.0,1.0,2.0,11.0,3.0,13.26593762571498,0.0,IV
4.572123781480403,0.0,64.0,1.0,0.0,2.0,11.0,3.0,27.535011098769523,0.0,PLAINTEXT
6.028055907333276,0.0,80.0,0.0,0.0,2.0,11.0,3.0,38.21697026149555,0.0,CIPHERTEXT
4.875,0.0,32.0,1.0,0.0,2.0,3.0,1.0,24.59142133187246,0.0,KEY
4.9375,0.0,32.0,1.0,0.0,2.0,11.0,3.0,24.906695964332364,0.0,KEY
4.0,0.0,16.0,1.0,1.0,2.0,0.0,0.0,16.349851365001356,0.0,KEY
3.875,0.0,16.0,1.0,1.0,2.0,11.0,3.0,15.838918509845064,0.0,IV
4.355337797403416,0.0,64.0,1.0,0.0,2.0,11.0,3.0,26.229446165948573,0.0,PLAINTEXT
5.6875,0.0,64.0,1.0,0.0,2.0,11.0,3.0,34.25221693659933,0.0,CIPHERTEXT
4.0,0.0,16.0,1.0,1.0,2.0,3.0,1.0,16.349851365001356,0.0,KEY
3.875,0.0,16.0,1.0,1.0,2.0,11.0,3.0,15.838918509845064,0.0,KEY
4.501629167387822,0.0,24.0,1.0,1.0,2.0,0.0,0.0,20.904918473044376,0.0,KEY
3.75,0.0,16.0,1.0,1.0,2.0,11.0,3.0,15.32798565468877,0.0,IV
4.61037973485082,0.0,64.0,1.0,0.0,2.0,11.0,3.0,27.76540252100424,0.0,PLAINTEXT
5.8125,0.0,64.0,1.0,0.0,2.0,11.0,3.0,35.005012913227894,0.0,CIPHERTEXT
4.584962500721156,0.0,24.0,1.0,1.0,2.0,3.0,1.0,21.291906488858938,0.0,KEY
4.418295834054489,0.0,24.0,1.0,1.0,2.0,11.0,3.0,20.517930457229816,0.0,KEY
4.9375,0.0,32.0,1.0,0.0,2.0,0.0,0.0,24.906695964332364,0.0,KEY
3.875,0.0,16.0,1.0,1.0,2.0,11.0,3.0,15.838918509845064,0.0,IV
4.872828664259099,0.0,64.0,1.0,0.0,2.0,11.0,3.0,29.345966506036437,0.0,PLAINTEXT
5.644454882778696,0.0,64.0,1.0,0.0,2.0,11.0,3.0,33.99298340813772,0.0,CIPHERTEXT
4.9375,0.0,32.0,1.0,0.0,2.0,3.0,1.0,24.906695964332364,0.0,KEY
4.875,0.0,32.0,1.0,0.0,2.0,11.0,3.0,24.59142133187246,0.0,KEY
5.0,0.0,32.0,1.0,0.0,2.0,0.0,0.0,25.221970596792268,0.0,KEY
4.0,0.0,16.0,1.0,1.0,2.0,11.0,3.0,16.349851365001356,0.0,IV
4.478777399432949,0.0,64.0,1.0,0.0,2.0,11.0,3.0,26.972844852064277,0.0,PLAINTEXT
6.0,0.0,64.0,1.0,0.0,2.0,11.0,3.0,36.13420687817073,0.0,CIPHERTEXT
4.8125,0.0,32.0,1.0,0.0,2.0,3.0,1.0,24.276146699412557,0.0,KEY
4.9375,0.0,32.0,1.0,0.0,2.0,11.0,3.0,24.906695964332364,0.0,KEY
4.875,0.0,32.0,1.0,0.0,2.0,0.0,0.0,24.59142133187246,0.0,KEY
3.584962500721156,0.0,12.0,0.0,1.0,2.0,11.0,3.0,13.26593762571498,0.0,IV
4.351202445739504,0.0,64.0,1.0,0.0,2.0,11.0,3.0,26.20454155719228,0.0,PLAINTEXT
5.8125,0.0,64.0,1.0,0.0,2.0,11.0,3.0,35.005012913227894,0.0,CIPHERTEXT
4.9375,0.0,32.0,1.0,0.0,2.0,3.0,1.0,24.906695964332364,0.0,KEY
5.0,0.0,32.0,1.0,0.0,2.0,11.0,3.0,25.221970596792268,0.0,KEY
4.0,0.0,16.0,1.0,1.0,2.0,0.0,0.0,16.349851365001356,0.0,KEY
3.875,0.0,16.0,1.0,1.0,2.0,11.0,3.0,15.838918509845064,0.0,IV
4.55463291462472,0.0,64.0,1.0,0.0,2.0,11.0,3.0,27.42967466519589,0.0,PLAINTEXT
5.75,0.0,64.0,1.0,0.0,2.0,11.0,3.0,34.62861492491361,0.0,CIPHERTEXT
4.0,0.0,16.0,1.0,1.0,2.0,3.0,1.0,16.349851365001356,0.0,KEY
4.0,0.0,16.0,1.0,1.0,2.0,11.0,3.0,16.349851365001356,0.0,KEY
4.501629167387822,0.0,24.0,1.0,1.0,2.0,0.0,0.0,20.904918473044376,0.0,KEY
4.0,0.0,16.0,1.0,1.0,2.0,11.0,3.0,16.349851365001356,0.0,IV
4.378274219659049,0.0,64.0,1.0,0.0,2.0,11.0,3.0,26.367577737086933,0.0,PLAINTEXT
5.8125,0.0,64.0,1.0,0.0,2.0,11.0,3.0,35.005012913227894,0.0,CIPHERTEXT
4.418295834054489,0.0,24.0,1.0,1.0,2.0,3.0,1.0,20.517930457229816,0.0,KEY
4.584962500721156,0.0,24.0,1.0,1.0,2.0,11.0,3.0,21.291906488858938,0.0,KEY
4.9375,0.0,32.0,1.0,0.0,2.0,0.0,0.0,24.906695964332364,0.0,KEY
4.0,0.0,16.0,1.0,1.0,2.0,11.0,3.0,16.349851365001356,0.0,IV
4.271327478924765,0.0,64.0,1.0,0.0,2.0,11.0,3.0,25.723505127980477,0.0,PLAINTEXT
5.84375,0.0,64.0,1.0,0.0,2.0,11.0,3.0,35.19321190738503,0.0,CIPHERTEXT
4.9375,0.0,32.0,1.0,0.0,2.0,3.0,1.0,24.906695964332364,0.0,KEY
4.9375,0.0,32.0,1.0,0.0,2.0,11.0,3.0,24.906695964332364,0.0,KEY
4.0,0.0,16.0,1.0,1.0,2.0,0.0,0.0,16.349851365001356,0.0,KEY
4.0,0.0,16.0,1.0,1.0,2.0,11.0,3.0,16.349851365001356,0.0,IV
4.691428031846025,0.0,64.0,1.0,0.0,2.0,11.0,3.0,28.25350517612893,0.0,PLAINTEXT
5.75,0.0,64.0,1.0,0.0,2.0,11.0,3.0,34.62861492491361,0.0,CIPHERTEXT
4.0,0.0,16.0,1.0,1.0,2.0,3.0,1.0,16.349851365001356,0.0,KEY
3.75,0.0,16.0,1.0,1.0,2.0,11.0,3.0,15.32798565468877,0.0,KEY
4.501629167387822,0.0,24.0,1.0,1.0,2.0,0.0,0.0,20.904918473044376,0.0,KEY
4.0,0.0,16.0,1.0,1.0,2.0,11.0,3.0,16.349851365001356,0.0,IV
4.228123587245975,0.0,64.0,1.0,0.0,2.0,11.0,3.0,25.463315401336562,0.0,PLAINTEXT
5.675704882778696,0.0,64.0,1.0,0.0,2.0,11.0,3.0,34.18118240229486,0.0,CIPHERTEXT
4.584962500721156,0.0,24.0,1.0,1.0,2.0,3.0,1.0,21.291906488858938,0.0,KEY
4.584962500721156,0.0,24.0,1.0,1.0,2.0,11.0,3.0,21.291906488858938,0.0,KEY
4.875,0.0,32.0,1.0,0.0,2.0,0.0,0.0,24.59142133187246,0.0,KEY
3.75,0.0,16.0,1.0,1.0,2.0,11.0,3.0,15.32798565468877,0.0,IV
4.910178031846025,0.0,64.0,1.0,0.0,2.0,11.0,3.0,29.570898135228905,0.0,PLAINTEXT
5.84375,0.0,64.0,1.0,0.0,2.0,11.0,3.0,35.19321190738503,0.0,CIPHERTEXT
4.875,0.0,32.0,1.0,0.0,2.0,3.0,1.0,24.59142133187246,0.0,KEY
4.8125,0.0,32.0,1.0,0.0,2.0,11.0,3.0,24.276146699412557,0.0,KEY
3.75,0.0,16.0,1.0,1.0,2.0,0.0,0.0,15.32798565468877,0.0,KEY
3.875,0.0,16.0,1.0,1.0,2.0,11.0,3.0,15.838918509845064,0.0,IV
4.2749433125951875,0.0,64.0,1.0,0.0,2.0,11.0,3.0,25.745281008294494,0.0,PLAINTEXT
5.875,0.0,64.0,1.0,0.0,2.0,11.0,3.0,35.38141090154217,0.0,CIPHERTEXT
4.0,0.0,16.0,1.0,1.0,2.0,3.0,1.0,16.349851365001356,0.0,KEY
3.875,0.0,16.0,1.0,1.0,2.0,11.0,3.0,15.838918509845064,0.0,KEY
4.418295834054489,0.0,24.0,1.0,1.0,2.0,0.0,0.0,20.517930457229816,0.0,KEY
4.0,0.0,16.0,1.0,1.0,2.0,11.0,3.0,16.349851365001356,0.0,IV
4.298937164990341,0.0,64.0,1.0,0.0,2.0,11.0,3.0,25.889780812669624,0.0,PLAINTEXT
5.875,0.0,64.0,1.0,0.0,2.0,11.0,3.0,35.38141090154217,0.0,CIPHERTEXT
4.584962500721156,0.0,24.0,1.0,1.0,2.0,3.0,1.0,21.291906488858938,0.0,KEY
4.584962500721156,0.0,24.0,1.0,1.0,2.0,11.0,3.0,21.291906488858938,0.0,KEY
4.8125,0.0,32.0,1.0,0.0,2.0,0.0,0.0,24.276146699412557,0.0,KEY
4.0,0.0,16.0,1.0,1.0,2.0,11.0,3.0,16.349851365001356,0.0,IV
4.163048633552528,0.0,64.0,1.0,0.0,2.0,11.0,3.0,25.07141009477883,0.0,PLAINTEXT
5.831954882778696,0.0,64.0,1.0,0.0,2.0,11.0,3.0,35.122177373080554,0.0,CIPHERTEXT
4.9375,0.0,32.0,1.0,0.0,2.0,3.0,1.0,24.906695964332364,0.0,KEY
4.8125,0.0,32.0,1.0,0.0,2.0,11.0,3.0,24.276146699412557,0.0,KEY
4.8125,0.0,32.0,1.0,0.0,2.0,0.0,0.0,24.276146699412557,0.0,KEY
3.875,0.0,16.0,1.0,1.0,2.0,11.0,3.0,15.838918509845064,0.0,IV
4.69752739943295,0.0,64.0,1.0,0.0,2.0,11.0,3.0,28.290237811164257,0.0,PLAINTEXT
5.75,0.0,64.0,1.0,0.0,2.0,11.0,3.0,34.62861492491361,0.0,CIPHERTEXT
4.875,0.0,32.0,1.0,0.0,2.0,3.0,1.0,24.59142133187246,0.0,KEY
4.875,0.0,32.0,1.0,0.0,2.0,11.0,3.0,24.59142133187246,0.0,KEY
4.726409765557392,0.0,32.0,1.0,0.0,2.0,0.0,0.0,23.841873627056074,0.0,KEY
3.584962500721156,0.0,12.0,0.0,1.0,2.0,11.0,3.0,13.26593762571498,0.0,IV
4.585882914624721,0.0,64.0,1.0,0.0,2.0,11.0,3.0,27.617873659353034,0.0,PLAINTEXT
6.03749200111032,0.0,80.0,0.0,0.0,2.0,11.0,3.0,38.27679368065516,0.0,CIPHERTEXT
4.875,0.0,32.0,1.0,0.0,2.0,3.0,1.0,24.59142133187246,0.0,KEY
4.875,0.0,32.0,1.0,0.0,2.0,11.0,3.0,24.59142133187246,0.0,KEY
3.875,0.0,16.0,1.0,1.0,2.0,0.0,0.0,15.838918509845064,0.0,KEY
3.875,0.0,16.0,1.0,1.0,2.0,11.0,3.0,15.838918509845064,0.0,IV
4.332762118683786,0.0,64.0,1.0,0.0,2.0,11.0,3.0,26.093487125070205,0.0,PLAINTEXT
5.8125,0.0,64.0,1.0,0.0,2.0,11.0,3.0,35.005012913227894,0.0,CIPHERTEXT
4.0,0.0,16.0,1.0,1.0,2.0,3.0,1.0,16.349851365001356,0.0,KEY
3.875,0.0,16.0,1.0,1.0,2.0,11.0,3.0,15.838918509845064,0.0,KEY
4.501629167387822,0.0,24.0,1.0,1.0,2.0,0.0,0.0,20.904918473044376,0.0,KEY
4.0,0.0,16.0,1.0,1.0,2.0,11.0,3.0,16.349851365001356,0.0,IV
4.757659765557392,0.0,64.0,1.0,0.0,2.0,11.0,3.0,28.65237703743334,0.0,PLAINTEXT
5.675704882778696,0.0,64.0,1.0,0.0,2.0,11.0,3.0,34.18118240229486,0.0,CIPHERTEXT
4.418295834054489,0.0,24.0,1.0,1.0,2.0,3.0,1.0,20.517930457229816,0.0,KEY
4.584962500721156,0.0,24.0,1.0,1.0,2.0,11.0,3.0,21.291906488858938,0.0,KEY
4.8125,0.0,32.0,1.0,0.0,2.0,0.0,0.0,24.276146699412557,0.0,KEY
4.0,0.0,16.0,1.0,1.0,2.0,11.0,3.0,16.349851365001356,0.0,IV
4.853373781480403,0.0,64.0,1.0,0.0,2.0,11.0,3.0,29.228802046183777,0.0,PLAINTEXT
5.738204882778696,0.0,64.0,1.0,0.0,2.0,11.0,3.0,34.55758039060913,0.0,CIPHERTEXT
4.851409765557392,0.0,32.0,1.0,0.0,2.0,3.0,1.0,24.47242289197588,0.0,KEY
4.9375,0.0,32.0,1.0,0.0,2.0,11.0,3.0,24.906695964332364,0.0,KEY
4.75,0.0,32.0,1.0,0.0,2.0,0.0,0.0,23.960872066952653,0.0,KEY
4.0,0.0,16.0,1.0,1.0,2.0,11.0,3.0,16.349851365001356,0.0,IV
4.61037973485082,0.0,64.0,1.0,0.0,2.0,11.0,3.0,27.76540252100424,0.0,PLAINTEXT
5.894454882778696,0.0,64.0,1.0,0.0,2.0,11.0,3.0,35.49857536139483,0.0,CIPHERTEXT
4.9375,0.0,32.0,1.0,0.0,2.0,3.0,1.0,24.906695964332364,0.0,KEY
4.9375,0.0,32.0,1.0,0.0,2.0,11.0,3.0,24.906695964332364,0.0,KEY
4.8125,0.0,32.0,1.0,0.0,2.0,0.0,0.0,24.276146699412557,0.0,KEY
3.584962500721156,0.0,12.0,0.0,1.0,2.0,11.0,3.0,13.26593762571498,0.0,IV
4.706343945008262,0.0,64.0,1.0,0.0,2.0,11.0,3.0,28.343334291459115,0.0,PLAINTEXT
5.644454882778696,0.0,64.0,1.0,0.0,2.0,11.0,3.0,33.99298340813772,0.0,CIPHERTEXT
4.6875,0.0,32.0,1.0,0.0,2.0,3.0,1.0,23.64559743449275,0.0,KEY
4.8125,0.0,32.0,1.0,0.0,2.0,11.0,3.0,24.276146699412557,0.0,KEY
3.875,0.0,16.0,1.0,1.0,2.0,0.0,0.0,15.838918509845064,0.0,KEY
4.0,0.0,16.0,1.0,1.0,2.0,11.0,3.0,16.349851365001356,0.0,IV
4.341982282211645,0.0,64.0,1.0,0.0,2.0,11.0,3.0,26.14901434113124,0.0,PLAINTEXT
5.800704882778696,0.0,64.0,1.0,0.0,2.0,11.0,3.0,34.93397837892341,0.0,CIPHERTEXT
3.702819531114783,0.0,16.0,1.0,1.0,2.0,3.0,1.0,15.13513724128768,0.0,KEY
4.0,0.0,16.0,1.0,1.0,2.0,11.0,3.0,16.349851365001356,0.0,KEY
4.418295834054489,0.0,24.0,1.0,1.0,2.0,0.0,0.0,20.517930457229816,0.0,KEY
4.0,0.0,16.0,1.0,1.0,2.0,11.0,3.0,16.349851365001356,0.0,IV
4.240825290250769,0.0,64.0,1.0,0.0,2.0,11.0,3.0,25.539809728683284,0.0,PLAINTEXT
5.90625,0.0,64.0,1.0,0.0,2.0,11.0,3.0,35.56960989569931,0.0,CIPHERTEXT
4.584962500721156,0.0,24.0,1.0,1.0,2.0,3.0,1.0,21.291906488858938,0.0,KEY
4.501629167387822,0.0,24.0,1.0,1.0,2.0,11.0,3.0,20.904918473044376,0.0,KEY
4.8125,0.0,32.0,1.0,0.0,2.0,0.0,0.0,24.276146699412557,0.0,KEY
3.875,0.0,16.0,1.0,1.0,2.0,11.0,3.0,15.838918509845064,0.0,IV
5.066024413893479,0.0,64.0,1.0,0.0,2.0,11.0,3.0,30.50946237024843,0.0,PLAINTEXT
5.769454882778696,0.0,64.0,1.0,0.0,2.0,11.0,3.0,34.74577938476627,0.0,CIPHERTEXT
4.8125,0.0,32.0,1.0,0.0,2.0,3.0,1.0,24.276146699412557,0.0,KEY
4.9375,0.0,32.0,1.0,0.0,2.0,11.0,3.0,24.906695964332364,0.0,KEY
3.875,0.0,16.0,1.0,1.0,2.0,0.0,0.0,15.838918509845064,0.0,KEY
4.0,0.0,16.0,1.0,1.0,2.0,11.0,3.0,16.349851365001356,0.0,IV
4.796569531114783,0.0,64.0,1.0,0.0,2.0,11.0,3.0,28.886705957138656,0.0,PLAINTEXT
5.75,0.0,64.0,1.0,0.0,2.0,11.0,3.0,34.62861492491361,0.0,CIPHERTEXT
4.0,0.0,16.0,1.0,1.0,2.0,3.0,1.0,16.349851365001356,0.0,KEY
3.875,0.0,16.0,1.0,1.0,2.0,11.0,3.0,15.838918509845064,0.0,KEY
4.251629167387822,0.0,24.0,1.0,1.0,2.0,0.0,0.0,19.743954425600695,0.0,KEY
4.0,0.0,16.0,1.0,1.0,2.0,11.0,3.0,16.349851365001356,0.0,IV
4.857509133144316,0.0,64.0,1.0,0.0,2.0,11.0,3.0,29.25370665494008,0.0,PLAINTEXT
5.75,0.0,64.0,1.0,0.0,2.0,11.0,3.0,34.62861492491361,0.0,CIPHERTEXT
4.501629167387822,0.0,24.0,1.0,1.0,2.0,3.0,1.0,20.904918473044376,0.0,KEY
4.501629167387822,0.0,24.0,1.0,1.0,2.0,11.0,3.0,20.904918473044376,0.0,KEY
4.9375,0.0,32.0,1.0,0.0,2.0,0.0,0.0,24.906695964332364,0.0,KEY
4.0,0.0,16.0,1.0,1.0,2.0,11.0,3.0,16.349851365001356,0.0,IV
4.384623781480403,0.0,64.0,1.0,0.0,2.0,11.0,3.0,26.405817133826687,0.0,PLAINTEXT
5.706954882778696,0.0,64.0,1.0,0.0,2.0,11.0,3.0,34.36938139645199,0.0,CIPHERTEXT
4.8125,0.0,32.0,1.0,0.0,2.0,3.0,1.0,24.276146699412557,0.0,KEY
4.726409765557392,0.0,32.0,1.0,0.0,2.0,11.0,3.0,23.841873627056074,0.0,KEY
3.875,0.0,16.0,1.0,1.0,2.0,0.0,0.0,15.838918509845064,0.0,KEY
4.0,0.0,16.0,1.0,1.0,2.0,11.0,3.0,16.349851365001356,0.0,IV
4.459322516654253,0.0,64.0,1.0,0.0,2.0,11.0,3.0,26.855680392211617,0.0,PLAINTEXT
5.769454882778696,0.0,64.0,1.0,0.0,2.0,11.0,3.0,34.74577938476627,0.0,CIPHERTEXT
4.0,0.0,16.0,1.0,1.0,2.0,3.0,1.0,16.349851365001356,0.0,KEY
4.0,0.0,16.0,1.0,1.0,2.0,11.0,3.0,16.349851365001356,0.0,KEY
4.584962500721156,0.0,24.0,1.0,1.0,2.0,0.0,0.0,21.291906488858938,0.0,KEY
4.0,0.0,16.0,1.0,1.0,2.0,11.0,3.0,16.349851365001356,0.0,IV
4.94868417945087,0.0,64.0,1.0,0.0,2.0,11.0,3.0,29.80279631916805,0.0,PLAINTEXT
5.71875,0.0,64.0,1.0,0.0,2.0,11.0,3.0,34.44041593075647,0.0,CIPHERTEXT
4.418295834054489,0.0,24.0,1.0,1.0,2.0,3.0,1.0,20.517930457229816,0.0,KEY
4.501629167387822,0.0,24.0,1.0,1.0,2.0,11.0,3.0,20.904918473044376,0.0,KEY
4.9375,0.0,32.0,1.0,0.0,2.0,0.0,0.0,24.906695964332364,0.0,KEY
4.0,0.0,16.0,1.0,1.0,2.0,11.0,3.0,16.349851365001356,0.0,IV
4.23643716499034,0.0,64.0,1.0,0.0,2.0,11.0,3.0,25.51338282435534,0.0,PLAINTEXT
5.875,0.0,64.0,1.0,0.0,2.0,11.0,3.0,35.38141090154217,0.0,CIPHERTEXT
4.9375,0.0,32.0,1.0,0.0,2.0,3.0,1.0,24.906695964332364,0.0,KEY
5.0,0.0,32.0,1.0,0.0,2.0,11.0,3.0,25.221970596792268,0.0,KEY
4.8125,0.0,32.0,1.0,0.0,2.0,0.0,0.0,24.276146699412557,0.0,KEY
4.0,0.0,16.0,1.0,1.0,2.0,11.0,3.0,16.349851365001356,0.0,IV
4.621268266288633,0.0,64.0,1.0,0.0,2.0,11.0,3.0,27.83097726226647,0.0,PLAINTEXT
5.75,0.0,64.0,1.0,0.0,2.0,11.0,3.0,34.62861492491361,0.0,CIPHERTEXT
4.875,0.0,32.0,1.0,0.0,2.0,3.0,1.0,24.59142133187246,0.0,KEY
4.75,0.0,32.0,1.0,0.0,2.0,11.0,3.0,23.960872066952653,0.0,KEY
5.0,0.0,32.0,1.0,0.0,2.0,0.0,0.0,25.221970596792268,0.0,KEY
3.584962500721156,0.0,12.0,0.0,1.0,2.0,11.0,3.0,13.26593762571498,0.0,IV
4.430964440912335,0.0,64.0,1.0,0.0,2.0,11.0,3.0,26.684897629624068,0.0,PLAINTEXT
5.987492001110319,0.0,80.0,0.0,0.0,2.0,11.0,3.0,37.95980118051092,0.0,CIPHERTEXT
5.0,0.0,32.0,1.0,0.0,2.0,3.0,1.0,25.221970596792268,0.0,KEY
4.9375,0.0,32.0,1.0,0.0,2.0,11.0,3.0,24.906695964332364,0.0,KEY
4.0,0.0,16.0,1.0,1.0,2.0,0.0,0.0,16.349851365001356,0.0,KEY
4.0,0.0,16.0,1.0,1.0,2.0,11.0,3.0,16.349851365001356,0.0,IV
4.765319531114783,0.0,64.0,1.0,0.0,2.0,11.0,3.0,28.698506962981515,0.0,PLAINTEXT
5.706954882778696,0.0,64.0,1.0,0.0,2.0,11.0,3.0,34.36938139645199,0.0,CIPHERTEXT
3.75,0.0,16.0,1.0,1.0,2.0,3.0,1.0,15.32798565468877,0.0,KEY
3.75,0.0,16.0,1.0,1.0,2.0,11.0,3.0,15.32798565468877,0.0,KEY
4.584962500721156,0.0,24.0,1.0,1.0,2.0,0.0,0.0,21.291906488858938,0.0,KEY
4.0,0.0,16.0,1.0,1.0,2.0,11.0,3.0,16.349851365001356,0.0,IV
4.4911183589017405,0.0,64.0,1.0,0.0,2.0,11.0,3.0,27.047166649151016,0.0,PLAINTEXT
5.8125,0.0,64.0,1.0,0.0,2.0,11.0,3.0,35.005012913227894,0.0,CIPHERTEXT
4.584962500721156,0.0,24.0,1.0,1.0,2.0,3.0,1.0,21.291906488858938,0.0,KEY
4.418295834054489,0.0,24.0,1.0,1.0,2.0,11.0,3.0,20.517930457229816,0.0,KEY
5.0,0.0,32.0,1.0,0.0,2.0,0.0,0.0,25.221970596792268,0.0,KEY
3.75,0.0,16.0,1.0,1.0,2.0,11.0,3.0,15.32798565468877,0.0,IV
4.607912751096862,0.0,64.0,1.0,0.0,2.0,11.0,3.0,27.750545437449137,0.0,PLAINTEXT
5.8125,0.0,64.0,1.0,0.0,2.0,11.0,3.0,35.005012913227894,0.0,CIPHERTEXT
5.0,0.0,32.0,1.0,0.0,2.0,3.0,1.0,25.221970596792268,0.0,KEY
4.9375,0.0,32.0,1.0,0.0,2.0,11.0,3.0,24.906695964332364,0.0,KEY
4.9375,0.0,32.0,1.0,0.0,2.0,0.0,0.0,24.906695964332364,0.0,KEY
3.875,0.0,16.0,1.0,1.0,2.0,11.0,3.0,15.838918509845064,0.0,IV
4.221370407472074,0.0,64.0,1.0,0.0,2.0,11.0,3.0,25.42264526883063,0.0,PLAINTEXT
5.75,0.0,64.0,1.0,0.0,2.0,11.0,3.0,34.62861492491361,0.0,CIPHERTEXT
4.875,0.0,32.0,1.0,0.0,2.0,3.0,1.0,24.59142133187246,0.0,KEY
5.0,0.0,32.0,1.0,0.0,2.0,11.0,3.0,25.221970596792268,0.0,KEY
4.8125,0.0,32.0,1.0,0.0,2.0,0.0,0.0,24.276146699412557,0.0,KEY
3.584962500721156,0.0,12.0,0.0,1.0,2.0,11.0,3.0,13.26593762571498,0.0,IV
4.318392047769038,0.0,64.0,1.0,0.0,2.0,11.0,3.0,26.006945272522287,0.0,PLAINTEXT
5.695159765557392,0.0,64.0,1.0,0.0,2.0,11.0,3.0,34.29834686214752,0.0,CIPHERTEXT
4.9375,0.0,32.0,1.0,0.0,2.0,3.0,1.0,24.906695964332364,0.0,KEY
4.75,0.0,32.0,1.0,0.0,2.0,11.0,3.0,23.960872066952653,0.0,KEY
4.0,0.0,16.0,1.0,1.0,2.0,0.0,0.0,16.349851365001356,0.0,KEY
4.0,0.0,16.0,1.0,1.0,2.0,11.0,3.0,16.349851365001356,0.0,IV
4.404482282211645,0.0,64.0,1.0,0.0,2.0,11.0,3.0,26.52541232944552,0.0,PLAINTEXT
5.663909765557392,0.0,64.0,1.0,0.0,2.0,11.0,3.0,34.11014786799038,0.0,CIPHERTEXT
4.0,0.0,16.0,1.0,1.0,2.0,3.0,1.0,16.349851365001356,0.0,KEY
4.0,0.0,16.0,1.0,1.0,2.0,11.0,3.0,16.349851365001356,0.0,KEY
4.584962500721156,0.0,24.0,1.0,1.0,2.0,0.0,0.0,21.291906488858938,0.0,KEY
4.0,0.0,16.0,1.0,1.0,2.0,11.0,3.0,16.349851365001356,0.0,IV
4.938810203736037,0.0,64.0,1.0,0.0,2.0,11.0,3.0,29.743331605636413,0.0,PLAINTEXT
5.620864648336087,0.0,64.0,1.0,0.0,2.0,11.0,3.0,33.85091433952876,0.0,CIPHERTEXT
4.501629167387822,0.0,24.0,1.0,1.0,2.0,3.0,1.0,20.904918473044376,0.0,KEY
4.501629167387822,0.0,24.0,1.0,1.0,2.0,11.0,3.0,20.904918473044376,0.0,KEY
4.9375,0.0,32.0,1.0,0.0,2.0,0.0,0.0,24.906695964332364,0.0,KEY
4.0,0.0,16.0,1.0,1.0,2.0,11.0,3.0,16.349851365001356,0.0,IV
4.499792680182113,0.0,64.0,1.0,0.0,2.0,11.0,3.0,27.0994066024298,0.0,PLAINTEXT
5.90625,0.0,64.0,1.0,0.0,2.0,11.0,3.0,35.56960989569931,0.0,CIPHERTEXT
5.0,0.0,32.0,1.0,0.0,2.0,3.0,1.0,25.221970596792268,0.0,KEY
4.875,0.0,32.0,1.0,0.0,2.0,11.0,3.0,24.59142133187246,0.0,KEY
4.0,0.0,16.0,1.0,1.0,2.0,0.0,0.0,16.349851365001356,0.0,KEY
3.875,0.0,16.0,1.0,1.0,2.0,11.0,3.0,15.838918509845064,0.0,IV
4.283214015923012,0.0,64.0,1.0,0.0,2.0,11.0,3.0,25.795090225807094,0.0,PLAINTEXT
5.831954882778696,0.0,64.0,1.0,0.0,2.0,11.0,3.0,35.122177373080554,0.0,CIPHERTEXT
4.0,0.0,16.0,1.0,1.0,2.0,3.0,1.0,16.349851365001356,0.0,KEY
4.0,0.0,16.0,1.0,1.0,2.0,11.0,3.0,16.349851365001356,0.0,KEY
4.501629167387822,0.0,24.0,1.0,1.0,2.0,0.0,0.0,20.904918473044376,0.0,KEY
4.0,0.0,16.0,1.0,1.0,2.0,11.0,3.0,16.349851365001356,0.0,IV
4.190120407472073,0.0,64.0,1.0,0.0,2.0,11.0,3.0,25.234446274673488,0.0,PLAINTEXT
5.8125,0.0,64.0,1.0,0.0,2.0,11.0,3.0,35.005012913227894,0.0,CIPHERTEXT
4.584962500721156,0.0,24.0,1.0,1.0,2.0,3.0,1.0,21.291906488858938,0.0,KEY
4.584962500721156,0.0,24.0,1.0,1.0,2.0,11.0,3.0,21.291906488858938,0.0,KEY
4.9375,0.0,32.0,1.0,0.0,2.0,0.0,0.0,24.906695964332364,0.0,KEY
4.0,0.0,16.0,1.0,1.0,2.0,11.0,3.0,16.349851365001356,0.0,IV
4.213710641914682,0.0,64.0,1.0,0.0,2.0,11.0,3.0,25.37651534328245,0.0,PLAINTEXT
5.84375,0.0,64.0,1.0,0.0,2.0,11.0,3.0,35.19321190738503,0.0,CIPHERTEXT
4.75,0.0,32.0,1.0,0.0,2.0,3.0,1.0,23.960872066952653,0.0,KEY
4.8125,0.0,32.0,1.0,0.0,2.0,11.0,3.0,24.276146699412557,0.0,KEY
3.875,0.0,16.0,1.0,1.0,2.0,0.0,0.0,15.838918509845064,0.0,KEY
3.875,0.0,16.0,1.0,1.0,2.0,11.0,3.0,15.838918509845064,0.0,IV
4.833265086514733,0.0,64.0,1.0,0.0,2.0,11.0,3.0,29.107700088860515,0.0,PLAINTEXT
5.831954882778696,0.0,64.0,1.0,0.0,2.0,11.0,3.0,35.122177373080554,0.0,CIPHERTEXT
4.0,0.0,16.0,1.0,1.0,2.0,3.0,1.0,16.349851365001356,0.0,KEY
3.875,0.0,16.0,1.0,1.0,2.0,11.0,3.0,15.838918509845064,0.0,KEY
4.584962500721156,0.0,24.0,1.0,1.0,2.0,0.0,0.0,21.291906488858938,0.0,KEY
4.0,0.0,16.0,1.0,1.0,2.0,11.0,3.0,16.349851365001356,0.0,IV
4.884623781480403,0.0,64.0,1.0,0.0,2.0,11.0,3.0,29.417001040340917,0.0,PLAINTEXT
5.8125,0.0,64.0,1.0,0.0,2.0,11.0,3.0,35.005012913227894,0.0,CIPHERTEXT
4.418295834054489,0.0,24.0,1.0,1.0,2.0,3.0,1.0,20.517930457229816,0.0,KEY
4.418295834054489,0.0,24.0,1.0,1.0,2.0,11.0,3.0,20.517930457229816,0.0,KEY
4.875,0.0,32.0,1.0,0.0,2.0,0.0,0.0,24.59142133187246,0.0,KEY
4.0,0.0,16.0,1.0,1.0,2.0,11.0,3.0,16.349851365001356,0.0,IV
4.275462830588678,0.0,64.0,1.0,0.0,2.0,11.0,3.0,25.748409736736782,0.0,PLAINTEXT
5.78125,0.0,64.0,1.0,0.0,2.0,11.0,3.0,34.81681391907075,0.0,CIPHERTEXT
4.875,0.0,32.0,1.0,0.0,2.0,3.0,1.0,24.59142133187246,0.0,KEY
4.875,0.0,32.0,1.0,0.0,2.0,11.0,3.0,24.59142133187246,0.0,KEY
4.875,0.0,32.0,1.0,0.0,2.0,0.0,0.0,24.59142133187246,0.0,KEY
4.0,0.0,16.0,1.0,1.0,2.0,11.0,3.0,16.349851365001356,0.0,IV
4.257971963732994,0.0,64.0,1.0,0.0,2.0,11.0,3.0,25.643073303163145,0.0,PLAINTEXT
5.8125,0.0,64.0,1.0,0.0,2.0,11.0,3.0,35.005012913227894,0.0,CIPHERTEXT
4.875,0.0,32.0,1.0,0.0,2.0,3.0,1.0,24.59142133187246,0.0,KEY
4.8125,0.0,32.0,1.0,0.0,2.0,11.0,3.0,24.276146699412557,0.0,KEY
4.788909765557392,0.0,32.0,1.0,0.0,2.0,0.0,0.0,24.157148259515978,0.0,KEY
3.584962500721156,0.0,12.0,0.0,1.0,2.0,11.0,3.0,13.26593762571498,0.0,IV
4.132971963732994,0.0,64.0,1.0,0.0,2.0,11.0,3.0,24.89027732653459,0.0,PLAINTEXT
5.953055907333276,0.0,80.0,0.0,0.0,2.0,11.0,3.0,37.7414815112792,0.0,CIPHERTEXT
4.8125,0.0,32.0,1.0,0.0,2.0,3.0,1.0,24.276146699412557,0.0,KEY
4.875,0.0,32.0,1.0,0.0,2.0,11.0,3.0,24.59142133187246,0.0,KEY
3.75,0.0,16.0,1.0,1.0,2.0,0.0,0.0,15.32798565468877,0.0,KEY
4.0,0.0,16.0,1.0,1.0,2.0,11.0,3.0,16.349851365001356,0.0,IV
4.902114648336088,0.0,64.0,1.0,0.0,2.0,11.0,3.0,29.522337473914558,0.0,PLAINTEXT
5.706954882778696,0.0,64.0,1.0,0.0,2.0,11.0,3.0,34.36938139645199,0.0,CIPHERTEXT
4.0,0.0,16.0,1.0,1.0,2.0,3.0,1.0,16.349851365001356,0.0,KEY
3.875,0.0,16.0,1.0,1.0,2.0,11.0,3.0,15.838918509845064,0.0,KEY
4.418295834054489,0.0,24.0,1.0,1.0,2.0,0.0,0.0,20.517930457229816,0.0,KEY
4.0,0.0,16.0,1.0,1.0,2.0,11.0,3.0,16.349851365001356,0.0,IV
4.402518266288633,0.0,64.0,1.0,0.0,2.0,11.0,3.0,26.513584303166496,0.0,PLAINTEXT
5.78125,0.0,64.0,1.0,0.0,2.0,11.0,3.0,34.81681391907075,0.0,CIPHERTEXT
4.584962500721156,0.0,24.0,1.0,1.0,2.0,3.0,1.0,21.291906488858938,0.0,KEY
4.584962500721156,0.0,24.0,1.0,1.0,2.0,11.0,3.0,21.291906488858938,0.0,KEY
4.75,0.0,32.0,1.0,0.0,2.0,0.0,0.0,23.960872066952653,0.0,KEY
3.875,0.0,16.0,1.0,1.0,2.0,11.0,3.0,15.838918509845064,0.0,IV
4.591578664259099,0.0,64.0,1.0,0.0,2.0,11.0,3.0,27.652175558622183,0.0,PLAINTEXT
5.695159765557392,0.0,64.0,1.0,0.0,2.0,11.0,3.0,34.29834686214752,0.0,CIPHERTEXT
4.875,0.0,32.0,1.0,0.0,2.0,3.0,1.0,24.59142133187246,0.0,KEY
4.8125,0.0,32.0,1.0,0.0,2.0,11.0,3.0,24.276146699412557,0.0,KEY
4.9375,0.0,32.0,1.0,0.0,2.0,0.0,0.0,24.906695964332364,0.0,KEY
4.0,0.0,16.0,1.0,1.0,2.0,11.0,3.0,16.349851365001356,0.0,IV
4.802015086514732,0.0,64.0,1.0,0.0,2.0,11.0,3.0,28.91950109470337,0.0,PLAINTEXT
5.875,0.0,64.0,1.0,0.0,2.0,11.0,3.0,35.38141090154217,0.0,CIPHERTEXT
4.875,0.0,32.0,1.0,0.0,2.0,3.0,1.0,24.59142133187246,0.0,KEY
4.8125,0.0,32.0,1.0,0.0,2.0,11.0,3.0,24.276146699412557,0.0,KEY
5.0,0.0,32.0,1.0,0.0,2.0,0.0,0.0,25.221970596792268,0.0,KEY
3.584962500721156,0.0,12.0,0.0,1.0,2.0,11.0,3.0,13.26593762571498,0.0,IV
4.612593945008262,0.0,64.0,1.0,0.0,2.0,11.0,3.0,27.7787373089877,0.0,PLAINTEXT
5.738204882778696,0.0,64.0,1.0,0.0,2.0,11.0,3.0,34.55758039060913,0.0,CIPHERTEXT
4.9375,0.0,32.0,1.0,0.0,2.0,3.0,1.0,24.906695964332364,0.0,KEY
4.9375,0.0,32.0,1.0,0.0,2.0,11.0,3.0,24.906695964332364,0.0,KEY
3.875,0.0,16.0,1.0,1.0,2.0,0.0,0.0,15.838918509845064,0.0,KEY
4.0,0.0,16.0,1.0,1.0,2.0,11.0,3.0,16.349851365001356,0.0,IV
4.923533547037795,0.0,64.0,1.0,0.0,2.0,11.0,3.0,29.651329960046237,0.0,PLAINTEXT
5.613204882778696,0.0,64.0,1.0,0.0,2.0,11.0,3.0,33.80478441398058,0.0,CIPHERTEXT
3.875,0.0,16.0,1.0,1.0,2.0,3.0,1.0,15.838918509845064,0.0,KEY
3.875,0.0,16.0,1.0,1.0,2.0,11.0,3.0,15.838918509845064,0.0,KEY
4.501629167387822,0.0,24.0,1.0,1.0,2.0,0.0,0.0,20.904918473044376,0.0,KEY
3.875,0.0,16.0,1.0,1.0,2.0,11.0,3.0,15.838918509845064,0.0,IV
4.486437164990341,0.0,64.0,1.0,0.0,2.0,11.0,3.0,27.01897477761246,0.0,PLAINTEXT
5.863204882778696,0.0,64.0,1.0,0.0,2.0,11.0,3.0,35.31037636723769,0.0,CIPHERTEXT
4.584962500721156,0.0,24.0,1.0,1.0,2.0,3.0,1.0,21.291906488858938,0.0,KEY
4.418295834054489,0.0,24.0,1.0,1.0,2.0,11.0,3.0,20.517930457229816,0.0,KEY
4.9375,0.0,32.0,1.0,0.0,2.0,0.0,0.0,24.906695964332364,0.0,KEY
4.0,0.0,16.0,1.0,1.0,2.0,11.0,3.0,16.349851365001356,0.0,IV
4.833265086514732,0.0,64.0,1.0,0.0,2.0,11.0,3.0,29.10770008886051,0.0,PLAINTEXT
5.90625,0.0,64.0,1.0,0.0,2.0,11.0,3.0,35.56960989569931,0.0,CIPHERTEXT
4.8125,0.0,32.0,1.0,0.0,2.0,3.0,1.0,24.276146699412557,0.0,KEY
4.875,0.0,32.0,1.0,0.0,2.0,11.0,3.0,24.59142133187246,0.0,KEY
3.875,0.0,16.0,1.0,1.0,2.0,0.0,0.0,15.838918509845064,0.0,KEY
4.0,0.0,16.0,1.0,1.0,2.0,11.0,3.0,16.349851365001356,0.0,IV
4.2554884298164914,0.0,64.0,1.0,0.0,2.0,11.0,3.0,25.628116548441835,0.0,PLAINTEXT
5.78125,0.0,64.0,1.0,0.0,2.0,11.0,3.0,34.81681391907075,0.0,CIPHERTEXT
4.0,0.0,16.0,1.0,1.0,2.0,3.0,1.0,16.349851365001356,0.0,KEY
3.875,0.0,16.0,1.0,1.0,2.0,11.0,3.0,15.838918509845064,0.0,KEY
4.584962500721156,0.0,24.0,1.0,1.0,2.0,0.0,0.0,21.291906488858938,0.0,KEY
3.875,0.0,16.0,1.0,1.0,2.0,11.0,3.0,15.838918509845064,0.0,IV
4.620614454101657,0.0,64.0,1.0,0.0,2.0,11.0,3.0,27.827039764795863,0.0,PLAINTEXT
5.84375,0.0,64.0,1.0,0.0,2.0,11.0,3.0,35.19321190738503,0.0,CIPHERTEXT
4.334962500721156,0.0,24.0,1.0,1.0,2.0,3.0,1.0,20.130942441415257,0.0,KEY
4.584962500721156,0.0,24.0,1.0,1.0,2.0,11.0,3.0,21.291906488858938,0.0,KEY
4.875,0.0,32.0,1.0,0.0,2.0,0.0,0.0,24.59142133187246,0.0,KEY
4.0,0.0,16.0,1.0,1.0,2.0,11.0,3.0,16.349851365001356,0.0,IV
4.150304056131191,0.0,64.0,1.0,0.0,2.0,11.0,3.0,24.994657561925923,0.0,PLAINTEXT
5.78125,0.0,64.0,1.0,0.0,2.0,11.0,3.0,34.81681391907075,0.0,CIPHERTEXT
4.9375,0.0,32.0,1.0,0.0,2.0,3.0,1.0,24.906695964332364,0.0,KEY
4.601409765557392,0.0,32.0,1.0,0.0,2.0,11.0,3.0,23.211324362136267,0.0,KEY
4.0,0.0,16.0,1.0,1.0,2.0,0.0,0.0,16.349851365001356,0.0,KEY
4.0,0.0,16.0,1.0,1.0,2.0,11.0,3.0,16.349851365001356,0.0,IV
4.946469969293428,0.0,64.0,1.0,0.0,2.0,11.0,3.0,29.78946153118459,0.0,PLAINTEXT
5.831954882778696,0.0,64.0,1.0,0.0,2.0,11.0,3.0,35.122177373080554,0.0,CIPHERTEXT
4.0,0.0,16.0,1.0,1.0,2.0,3.0,1.0,16.349851365001356,0.0,KEY
4.0,0.0,16.0,1.0,1.0,2.0,11.0,3.0,16.349851365001356,0.0,KEY
4.584962500721156,0.0,24.0,1.0,1.0,2.0,0.0,0.0,21.291906488858938,0.0,KEY
3.875,0.0,16.0,1.0,1.0,2.0,11.0,3.0,15.838918509845064,0.0,IV
4.384373587245975,0.0,64.0,1.0,0.0,2.0,11.0,3.0,26.40431037212226,0.0,PLAINTEXT
5.675704882778696,0.0,64.0,1.0,0.0,2.0,11.0,3.0,34.18118240229486,0.0,CIPHERTEXT
4.418295834054489,0.0,24.0,1.0,1.0,2.0,3.0,1.0,20.517930457229816,0.0,KEY
4.584962500721156,0.0,24.0,1.0,1.0,2.0,11.0,3.0,21.291906488858938,0.0,KEY
4.875,0.0,32.0,1.0,0.0,2.0,0.0,0.0,24.59142133187246,0.0,KEY
4.0,0.0,16.0,1.0,1.0,2.0,11.0,3.0,16.349851365001356,0.0,IV
5.013759133144316,0.0,64.0,1.0,0.0,2.0,11.0,3.0,30.194701625725774,0.0,PLAINTEXT
5.875,0.0,64.0,1.0,0.0,2.0,11.0,3.0,35.38141090154217,0.0,CIPHERTEXT
4.875,0.0,32.0,1.0,0.0,2.0,3.0,1.0,24.59142133187246,0.0,KEY
4.9375,0.0,32.0,1.0,0.0,2.0,11.0,3.0,24.906695964332364,0.0,KEY
4.788909765557392,0.0,32.0,1.0,0.0,2.0,0.0,0.0,24.157148259515978,0.0,KEY
4.0,0.0,16.0,1.0,1.0,2.0,11.0,3.0,16.349851365001356,0.0,IV
4.915873781480404,0.0,64.0,1.0,0.0,2.0,11.0,3.0,29.60520003449806,0.0,PLAINTEXT
5.84375,0.0,64.0,1.0,0.0,2.0,11.0,3.0,35.19321190738503,0.0,CIPHERTEXT
4.640319531114783,0.0,32.0,1.0,0.0,2.0,3.0,1.0,23.407600554699588,0.0,KEY
4.726409765557392,0.0,32.0,1.0,0.0,2.0,11.0,3.0,23.841873627056074,0.0,KEY
4.875,0.0,32.0,1.0,0.0,2.0,0.0,0.0,24.59142133187246,0.0,KEY
3.584962500721156,0.0,12.0,0.0,1.0,2.0,11.0,3.0,13.26593762571498,0.0,IV
4.539313383509937,0.0,64.0,1.0,0.0,2.0,11.0,3.0,27.33741481409953,0.0,PLAINTEXT
6.003055907333277,0.0,80.0,0.0,0.0,2.0,11.0,3.0,38.058474011423435,0.0,CIPHERTEXT
4.9375,0.0,32.0,1.0,0.0,2.0,3.0,1.0,24.906695964332364,0.0,KEY
4.9375,0.0,32.0,1.0,0.0,2.0,11.0,3.0,24.906695964332364,0.0,KEY
3.75,0.0,16.0,1.0,1.0,2.0,0.0,0.0,15.32798565468877,0.0,KEY
3.875,0.0,16.0,1.0,1.0,2.0,11.0,3.0,15.838918509845064,0.0,IV
4.526503710565654,0.0,64.0,1.0,0.0,2.0,11.0,3.0,27.260270252064462,0.0,PLAINTEXT
5.8125,0.0,64.0,1.0,0.0,2.0,11.0,3.0,35.005012913227894,0.0,CIPHERTEXT
3.75,0.0,16.0,1.0,1.0,2.0,3.0,1.0,15.32798565468877,0.0,KEY
3.875,0.0,16.0,1.0,1.0,2.0,11.0,3.0,15.838918509845064,0.0,KEY
4.386842188131011,0.0,24.0,1.0,1.0,2.0,0.0,0.0,20.371864248917092,0.0,KEY
3.875,0.0,16.0,1.0,1.0,2.0,11.0,3.0,15.838918509845064,0.0,IV
4.341982282211645,0.0,64.0,1.0,0.0,2.0,11.0,3.0,26.14901434113124,0.0,PLAINTEXT
5.75,0.0,64.0,1.0,0.0,2.0,11.0,3.0,34.62861492491361,0.0,CIPHERTEXT
4.584962500721156,0.0,24.0,1.0,1.0,2.0,3.0,1.0,21.291906488858938,0.0,KEY
4.501629167387822,0.0,24.0,1.0,1.0,2.0,11.0,3.0,20.904918473044376,0.0,KEY
5.0,0.0,32.0,1.0,0.0,2.0,0.0,0.0,25.221970596792268,0.0,KEY
4.0,0.0,16.0,1.0,1.0,2.0,11.0,3.0,16.349851365001356,0.0,IV
4.42287973485082,0.0,64.0,1.0,0.0,2.0,11.0,3.0,26.636208556061405,0.0,PLAINTEXT
5.75,0.0,64.0,1.0,0.0,2.0,11.0,3.0,34.62861492491361,0.0,CIPHERTEXT
4.8125,0.0,32.0,1.0,0.0,2.0,3.0,1.0,24.276146699412557,0.0,KEY
4.9375,0.0,32.0,1.0,0.0,2.0,11.0,3.0,24.906695964332364,0.0,KEY
4.875,0.0,32.0,1.0,0.0,2.0,0.0,0.0,24.59142133187246,0.0,KEY
4.0,0.0,16.0,1.0,1.0,2.0,11.0,3.0,16.349851365001356,0.0,IV
4.400957868318166,0.0,64.0,1.0,0.0,2.0,11.0,3.0,26.50418701265364,0.0,PLAINTEXT
5.8125,0.0,64.0,1.0,0.0,2.0,11.0,3.0,35.005012913227894,0.0,CIPHERTEXT
5.0,0.0,32.0,1.0,0.0,2.0,3.0,1.0,25.221970596792268,0.0,KEY
4.875,0.0,32.0,1.0,0.0,2.0,11.0,3.0,24.59142133187246,0.0,KEY
4.8125,0.0,32.0,1.0,0.0,2.0,0.0,0.0,24.276146699412557,0.0,KEY
3.4182958340544896,0.0,12.0,0.0,1.0,2.0,11.0,3.0,12.649197672691464,0.0,IV
5.073684179450871,0.0,64.0,1.0,0.0,2.0,11.0,3.0,30.55559229579661,0.0,PLAINTEXT
5.706954882778696,0.0,64.0,1.0,0.0,2.0,11.0,3.0,34.36938139645199,0.0,CIPHERTEXT
4.9375,0.0,32.0,1.0,0.0,2.0,3.0,1.0,24.906695964332364,0.0,KEY
5.0,0.0,32.0,1.0,0.0,2.0,11.0,3.0,25.221970596792268,0.0,KEY
4.0,0.0,16.0,1.0,1.0,2.0,0.0,0.0,16.349851365001356,0.0,KEY
4.0,0.0,16.0,1.0,1.0,2.0,11.0,3.0,16.349851365001356,0.0,IV
4.660178031846025,0.0,64.0,1.0,0.0,2.0,11.0,3.0,28.06530618197179,0.0,PLAINTEXT
5.84375,0.0,64.0,1.0,0.0,2.0,11.0,3.0,35.19321190738503,0.0,CIPHERTEXT
3.875,0.0,16.0,1.0,1.0,2.0,3.0,1.0,15.838918509845064,0.0,KEY
4.0,0.0,16.0,1.0,1.0,2.0,11.0,3.0,16.349851365001356,0.0,KEY
4.501629167387822,0.0,24.0,1.0,1.0,2.0,0.0,0.0,20.904918473044376,0.0,KEY
4.0,0.0,16.0,1.0,1.0,2.0,11.0,3.0,16.349851365001356,0.0,IV
4.851409765557392,0.0,64.0,1.0,0.0,2.0,11.0,3.0,29.216974019904757,0.0,PLAINTEXT
5.831954882778696,0.0,64.0,1.0,0.0,2.0,11.0,3.0,35.122177373080554,0.0,CIPHERTEXT
4.584962500721156,0.0,24.0,1.0,1.0,2.0,3.0,1.0,21.291906488858938,0.0,KEY
4.584962500721156,0.0,24.0,1.0,1.0,2.0,11.0,3.0,21.291906488858938,0.0,KEY
4.9375,0.0,32.0,1.0,0.0,2.0,0.0,0.0,24.906695964332364,0.0,KEY
3.875,0.0,16.0,1.0,1.0,2.0,11.0,3.0,15.838918509845064,0.0,IV
4.874389062229566,0.0,64.0,1.0,0.0,2.0,11.0,3.0,29.35536379654929,0.0,PLAINTEXT
5.78125,0.0,64.0,1.0,0.0,2.0,11.0,3.0,34.81681391907075,0.0,CIPHERTEXT
5.0,0.0,32.0,1.0,0.0,2.0,3.0,1.0,25.221970596792268,0.0,KEY
4.9375,0.0,32.0,1.0,0.0,2.0,11.0,3.0,24.906695964332364,0.0,KEY
3.875,0.0,16.0,1.0,1.0,2.0,0.0,0.0,15.838918509845064,0.0,KEY
4.0,0.0,16.0,1.0,1.0,2.0,11.0,3.0,16.349851365001356,0.0,IV
4.169572941643576,0.0,64.0,1.0,0.0,2.0,11.0,3.0,25.110701877828642,0.0,PLAINTEXT
5.6875,0.0,64.0,1.0,0.0,2.0,11.0,3.0,34.25221693659933,0.0,CIPHERTEXT
4.0,0.0,16.0,1.0,1.0,2.0,3.0,1.0,16.349851365001356,0.0,KEY
3.875,0.0,16.0,1.0,1.0,2.0,11.0,3.0,15.838918509845064,0.0,KEY
4.501629167387822,0.0,24.0,1.0,1.0,2.0,0.0,0.0,20.904918473044376,0.0,KEY
4.0,0.0,16.0,1.0,1.0,2.0,11.0,3.0,16.349851365001356,0.0,IV
4.565774219659049,0.0,64.0,1.0,0.0,2.0,11.0,3.0,27.49677170202977,0.0,PLAINTEXT
5.8125,0.0,64.0,1.0,0.0,2.0,11.0,3.0,35.005012913227894,0.0,CIPHERTEXT
4.501629167387822,0.0,24.0,1.0,1.0,2.0,3.0,1.0,20.904918473044376,0.0,KEY
4.418295834054489,0.0,24.0,1.0,1.0,2.0,11.0,3.0,20.517930457229816,0.0,KEY
4.6875,0.0,32.0,1.0,0.0,2.0,0.0,0.0,23.64559743449275,0.0,KEY
4.0,0.0,16.0,1.0,1.0,2.0,11.0,3.0,16.349851365001356,0.0,IV
4.808768266288633,0.0,64.0,1.0,0.0,2.0,11.0,3.0,28.960171227209305,0.0,PLAINTEXT
5.675704882778696,0.0,64.0,1.0,0.0,2.0,11.0,3.0,34.18118240229486,0.0,CIPHERTEXT
4.663909765557392,0.0,32.0,1.0,0.0,2.0,3.0,1.0,23.52659899459617,0.0,KEY
4.9375,0.0,32.0,1.0,0.0,2.0,11.0,3.0,24.906695964332364,0.0,KEY
4.0,0.0,16.0,1.0,1.0,2.0,0.0,0.0,16.349851365001356,0.0,KEY
4.0,0.0,16.0,1.0,1.0,2.0,11.0,3.0,16.349851365001356,0.0,IV
4.3881481953738835,0.0,64.0,1.0,0.0,2.0,11.0,3.0,26.427042450618572,0.0,PLAINTEXT
5.738204882778696,0.0,64.0,1.0,0.0,2.0,11.0,3.0,34.55758039060913,0.0,CIPHERTEXT
4.0,0.0,16.0,1.0,1.0,2.0,3.0,1.0,16.349851365001356,0.0,KEY
3.875,0.0,16.0,1.0,1.0,2.0,11.0,3.0,15.838918509845064,0.0,KEY
4.220175521464345,0.0,24.0,1.0,1.0,2.0,0.0,0.0,19.597888217287974,0.0,KEY
4.0,0.0,16.0,1.0,1.0,2.0,11.0,3.0,16.349851365001356,0.0,IV
4.796569531114783,0.0,64.0,1.0,0.0,2.0,11.0,3.0,28.886705957138656,0.0,PLAINTEXT
5.75,0.0,64.0,1.0,0.0,2.0,11.0,3.0,34.62861492491361,0.0,CIPHERTEXT
4.418295834054489,0.0,24.0,1.0,1.0,2.0,3.0,1.0,20.517930457229816,0.0,KEY
4.501629167387822,0.0,24.0,1.0,1.0,2.0,11.0,3.0,20.904918473044376,0.0,KEY
4.9375,0.0,32.0,1.0,0.0,2.0,0.0,0.0,24.906695964332364,0.0,KEY
4.0,0.0,16.0,1.0,1.0,2.0,11.0,3.0,16.349851365001356,0.0,IV
4.480337797403417,0.0,64.0,1.0,0.0,2.0,11.0,3.0,26.982242142577135,0.0,PLAINTEXT
5.8125,0.0,64.0,1.0,0.0,2.0,11.0,3.0,35.005012913227894,0.0,CIPHERTEXT
4.875,0.0,32.0,1.0,0.0,2.0,3.0,1.0,24.59142133187246,0.0,KEY
4.8125,0.0,32.0,1.0,0.0,2.0,11.0,3.0,24.276146699412557,0.0,KEY
5.0,0.0,32.0,1.0,0.0,2.0,0.0,0.0,25.221970596792268,0.0,KEY
4.0,0.0,16.0,1.0,1.0,2.0,11.0,3.0,16.349851365001356,0.0,IV
4.385027399432949,0.0,64.0,1.0,0.0,2.0,11.0,3.0,26.40824786959286,0.0,PLAINTEXT
5.8125,0.0,64.0,1.0,0.0,2.0,11.0,3.0,35.005012913227894,0.0,CIPHERTEXT
4.875,0.0,32.0,1.0,0.0,2.0,3.0,1.0,24.59142133187246,0.0,KEY
4.8125,0.0,32.0,1.0,0.0,2.0,11.0,3.0,24.276146699412557,0.0,KEY
4.9375,0.0,32.0,1.0,0.0,2.0,0.0,0.0,24.906695964332364,0.0,KEY
3.584962500721156,0.0,12.0,0.0,1.0,2.0,11.0,3.0,13.26593762571498,0.0,IV
4.685328664259099,0.0,64.0,1.0,0.0,2.0,11.0,3.0,28.2167725410936,0.0,PLAINTEXT
6.078055907333275,0.0,80.0,0.0,0.0,2.0,11.0,3.0,38.53396276163977,0.0,CIPHERTEXT
4.9375,0.0,32.0,1.0,0.0,2.0,3.0,1.0,24.906695964332364,0.0,KEY
4.8125,0.0,32.0,1.0,0.0,2.0,11.0,3.0,24.276146699412557,0.0,KEY
3.875,0.0,16.0,1.0,1.0,2.0,0.0,0.0,15.838918509845064,0.0,KEY
4.0,0.0,16.0,1.0,1.0,2.0,11.0,3.0,16.349851365001356,0.0,IV
4.554632914624721,0.0,64.0,1.0,0.0,2.0,11.0,3.0,27.429674665195893,0.0,PLAINTEXT
5.84375,0.0,64.0,1.0,0.0,2.0,11.0,3.0,35.19321190738503,0.0,CIPHERTEXT
4.0,0.0,16.0,1.0,1.0,2.0,3.0,1.0,16.349851365001356,0.0,KEY
4.0,0.0,16.0,1.0,1.0,2.0,11.0,3.0,16.349851365001356,0.0,KEY
4.584962500721156,0.0,24.0,1.0,1.0,2.0,0.0,0.0,21.291906488858938,0.0,KEY
4.0,0.0,16.0,1.0,1.0,2.0,11.0,3.0,16.349851365001356,0.0,IV
4.871268266288633,0.0,64.0,1.0,0.0,2.0,11.0,3.0,29.336569215523582,0.0,PLAINTEXT
5.632659765557392,0.0,64.0,1.0,0.0,2.0,11.0,3.0,33.92194887383324,0.0,CIPHERTEXT
4.501629167387822,0.0,24.0,1.0,1.0,2.0,3.0,1.0,20.904918473044376,0.0,KEY
4.418295834054489,0.0,24.0,1.0,1.0,2.0,11.0,3.0,20.517930457229816,0.0,KEY
4.8125,0.0,32.0,1.0,0.0,2.0,0.0,0.0,24.276146699412557,0.0,KEY
4.0,0.0,16.0,1.0,1.0,2.0,11.0,3.0,16.349851365001356,0.0,IV
4.943599367586925,0.0,64.0,1.0,0.0,2.0,11.0,3.0,29.77217371186332,0.0,PLAINTEXT
5.769454882778696,0.0,64.0,1.0,0.0,2.0,11.0,3.0,34.74577938476627,0.0,CIPHERTEXT
4.8125,0.0,32.0,1.0,0.0,2.0,3.0,1.0,24.276146699412557,0.0,KEY
4.875,0.0,32.0,1.0,0.0,2.0,11.0,3.0,24.59142133187246,0.0,KEY
4.9375,0.0,32.0,1.0,0.0,2.0,0.0,0.0,24.906695964332364,0.0,KEY
3.875,0.0,16.0,1.0,1.0,2.0,11.0,3.0,15.838918509845064,0.0,IV
4.248232282211646,0.0,64.0,1.0,0.0,2.0,11.0,3.0,25.584417358659827,0.0,PLAINTEXT
5.663909765557392,0.0,64.0,1.0,0.0,2.0,11.0,3.0,34.11014786799038,0.0,CIPHERTEXT
4.8125,0.0,32.0,1.0,0.0,2.0,3.0,1.0,24.276146699412557,0.0,KEY
4.875,0.0,32.0,1.0,0.0,2.0,11.0,3.0,24.59142133187246,0.0,KEY
4.8125,0.0,32.0,1.0,0.0,2.0,0.0,0.0,24.276146699412557,0.0,KEY
3.4182958340544896,0.0,12.0,0.0,1.0,2.0,11.0,3.0,12.649197672691464,0.0,IV
4.704490478386823,0.0,64.0,1.0,0.0,2.0,11.0,3.0,28.33217203373564,0.0,PLAINTEXT
5.738204882778696,0.0,64.0,1.0,0.0,2.0,11.0,3.0,34.55758039060913,0.0,CIPHERTEXT
4.8125,0.0,32.0,1.0,0.0,2.0,3.0,1.0,24.276146699412557,0.0,KEY
5.0,0.0,32.0,1.0,0.0,2.0,11.0,3.0,25.221970596792268,0.0,KEY
4.0,0.0,16.0,1.0,1.0,2.0,0.0,0.0,16.349851365001356,0.0,KEY
4.0,0.0,16.0,1.0,1.0,2.0,11.0,3.0,16.349851365001356,0.0,IV
4.377367633875557,0.0,64.0,1.0,0.0,2.0,11.0,3.0,26.362117944044677,0.0,PLAINTEXT
5.570159765557392,0.0,64.0,1.0,0.0,2.0,11.0,3.0,33.545550885518956,0.0,CIPHERTEXT
3.875,0.0,16.0,1.0,1.0,2.0,3.0,1.0,15.838918509845064,0.0,KEY
4.0,0.0,16.0,1.0,1.0,2.0,11.0,3.0,16.349851365001356,0.0,KEY
4.501629167387822,0.0,24.0,1.0,1.0,2.0,0.0,0.0,20.904918473044376,0.0,KEY
4.0,0.0,16.0,1.0,1.0,2.0,11.0,3.0,16.349851365001356,0.0,IV
4.921569531114783,0.0,64.0,1.0,0.0,2.0,11.0,3.0,29.63950193376721,0.0,PLAINTEXT
5.84375,0.0,64.0,1.0,0.0,2.0,11.0,3.0,35.19321190738503,0.0,CIPHERTEXT
4.501629167387822,0.0,24.0,1.0,1.0,2.0,3.0,1.0,20.904918473044376,0.0,KEY
4.418295834054489,0.0,24.0,1.0,1.0,2.0,11.0,3.0,20.517930457229816,0.0,KEY
5.0,0.0,32.0,1.0,0.0,2.0,0.0,0.0,25.221970596792268,0.0,KEY
4.0,0.0,16.0,1.0,1.0,2.0,11.0,3.0,16.349851365001356,0.0,IV
4.533617633875558,0.0,64.0,1.0,0.0,2.0,11.0,3.0,27.30311291483038,0.0,PLAINTEXT
5.706954882778696,0.0,64.0,1.0,0.0,2.0,11.0,3.0,34.36938139645199,0.0,CIPHERTEXT
5.0,0.0,32.0,1.0,0.0,2.0,3.0,1.0,25.221970596792268,0.0,KEY
4.875,0.0,32.0,1.0,0.0,2.0,11.0,3.0,24.59142133187246,0.0,KEY
3.75,0.0,16.0,1.0,1.0,2.0,0.0,0.0,15.32798565468877,0.0,KEY
4.0,0.0,16.0,1.0,1.0,2.0,11.0,3.0,16.349851365001356,0.0,IV
4.3999433125951875,0.0,64.0,1.0,0.0,2.0,11.0,3.0,26.498076984923053,0.0,PLAINTEXT
5.84375,0.0,64.0,1.0,0.0,2.0,11.0,3.0,35.19321190738503,0.0,CIPHERTEXT
3.875,0.0,16.0,1.0,1.0,2.0,3.0,1.0,15.838918509845064,0.0,KEY
4.0,0.0,16.0,1.0,1.0,2.0,11.0,3.0,16.349851365001356,0.0,KEY
4.584962500721156,0.0,24.0,1.0,1.0,2.0,0.0,0.0,21.291906488858938,0.0,KEY
3.875,0.0,16.0,1.0,1.0,2.0,11.0,3.0,15.838918509845064,0.0,IV
4.810328664259099,0.0,64.0,1.0,0.0,2.0,11.0,3.0,28.96956851772216,0.0,PLAINTEXT
5.800704882778696,0.0,64.0,1.0,0.0,2.0,11.0,3.0,34.93397837892341,0.0,CIPHERTEXT
4.418295834054489,0.0,24.0,1.0,1.0,2.0,3.0,1.0,20.517930457229816,0.0,KEY
4.584962500721156,0.0,24.0,1.0,1.0,2.0,11.0,3.0,21.291906488858938,0.0,KEY
5.0,0.0,32.0,1.0,0.0,2.0,0.0,0.0,25.221970596792268,0.0,KEY
4.0,0.0,16.0,1.0,1.0,2.0,11.0,3.0,16.349851365001356,0.0,IV
4.478777399432949,0.0,64.0,1.0,0.0,2.0,11.0,3.0,26.972844852064277,0.0,PLAINTEXT
5.84375,0.0,64.0,1.0,0.0,2.0,11.0,3.0,35.19321190738503,0.0,CIPHERTEXT
5.0,0.0,32.0,1.0,0.0,2.0,3.0,1.0,25.221970596792268,0.0,KEY
4.875,0.0,32.0,1.0,0.0,2.0,11.0,3.0,24.59142133187246,0.0,KEY
3.875,0.0,16.0,1.0,1.0,2.0,0.0,0.0,15.838918509845064,0.0,KEY
4.0,0.0,16.0,1.0,1.0,2.0,11.0,3.0,16.349851365001356,0.0,IV
4.197032361703461,0.0,64.0,1.0,0.0,2.0,11.0,3.0,25.276072605361723,0.0,PLAINTEXT
5.800704882778696,0.0,64.0,1.0,0.0,2.0,11.0,3.0,34.93397837892341,0.0,CIPHERTEXT
3.875,0.0,16.0,1.0,1.0,2.0,3.0,1.0,15.838918509845064,0.0,KEY
4.0,0.0,16.0,1.0,1.0,2.0,11.0,3.0,16.349851365001356,0.0,KEY
4.418295834054489,0.0,24.0,1.0,1.0,2.0,0.0,0.0,20.517930457229816,0.0,KEY
4.0,0.0,16.0,1.0,1.0,2.0,11.0,3.0,16.349851365001356,0.0,IV
4.503274219659049,0.0,64.0,1.0,0.0,2.0,11.0,3.0,27.120373713715487,0.0,PLAINTEXT
5.6875,0.0,64.0,1.0,0.0,2.0,11.0,3.0,34.25221693659933,0.0,CIPHERTEXT
4.418295834054489,0.0,24.0,1.0,1.0,2.0,3.0,1.0,20.517930457229816,0.0,KEY
4.584962500721156,0.0,24.0,1.0,1.0,2.0,11.0,3.0,21.291906488858938,0.0,KEY
4.875,0.0,32.0,1.0,0.0,2.0,0.0,0.0,24.59142133187246,0.0,KEY
3.875,0.0,16.0,1.0,1.0,2.0,11.0,3.0,15.838918509845064,0.0,IV
4.497828664259099,0.0,64.0,1.0,0.0,2.0,11.0,3.0,27.08757857615077,0.0,PLAINTEXT
5.738204882778696,0.0,64.0,1.0,0.0,2.0,11.0,3.0,34.55758039060913,0.0,CIPHERTEXT
4.875,0.0,32.0,1.0,0.0,2.0,3.0,1.0,24.59142133187246,0.0,KEY
5.0,0.0,32.0,1.0,0.0,2.0,11.0,3.0,25.221970596792268,0.0,KEY
4.663909765557392,0.0,32.0,1.0,0.0,2.0,0.0,0.0,23.52659899459617,0.0,KEY
4.0,0.0,16.0,1.0,1.0,2.0,11.0,3.0,16.349851365001356,0.0,IV
4.510933985216441,0.0,64.0,1.0,0.0,2.0,11.0,3.0,27.16650363926367,0.0,PLAINTEXT
5.706954882778696,0.0,64.0,1.0,0.0,2.0,11.0,3.0,34.36938139645199,0.0,CIPHERTEXT
4.8125,0.0,32.0,1.0,0.0,2.0,3.0,1.0,24.276146699412557,0.0,KEY
4.9375,0.0,32.0,1.0,0.0,2.0,11.0,3.0,24.906695964332364,0.0,KEY
4.9375,0.0,32.0,1.0,0.0,2.0,0.0,0.0,24.906695964332364,0.0,KEY
3.584962500721156,0.0,12.0,0.0,1.0,2.0,11.0,3.0,13.26593762571498,0.0,IV
4.972274413893478,0.0,64.0,1.0,0.0,2.0,11.0,3.0,29.944865387777007,0.0,PLAINTEXT
5.893619813556233,0.0,80.0,0.0,0.0,2.0,11.0,3.0,37.36466559197537,0.0,CIPHERTEXT
4.8125,0.0,32.0,1.0,0.0,2.0,3.0,1.0,24.276146699412557,0.0,KEY
4.663909765557392,0.0,32.0,1.0,0.0,2.0,11.0,3.0,23.52659899459617,0.0,KEY
4.0,0.0,16.0,1.0,1.0,2.0,0.0,0.0,16.349851365001356,0.0,KEY
4.0,0.0,16.0,1.0,1.0,2.0,11.0,3.0,16.349851365001356,0.0,IV
4.535178031846025,0.0,64.0,1.0,0.0,2.0,11.0,3.0,27.312510205343234,0.0,PLAINTEXT
5.78125,0.0,64.0,1.0,0.0,2.0,11.0,3.0,34.81681391907075,0.0,CIPHERTEXT
3.875,0.0,16.0,1.0,1.0,2.0,3.0,1.0,15.838918509845064,0.0,KEY
3.875,0.0,16.0,1.0,1.0,2.0,11.0,3.0,15.838918509845064,0.0,KEY
4.418295834054489,0.0,24.0,1.0,1.0,2.0,0.0,0.0,20.517930457229816,0.0,KEY
3.875,0.0,16.0,1.0,1.0,2.0,11.0,3.0,15.838918509845064,0.0,IV
4.484473149067329,0.0,64.0,1.0,0.0,2.0,11.0,3.0,27.007146751333433,0.0,PLAINTEXT
5.78125,0.0,64.0,1.0,0.0,2.0,11.0,3.0,34.81681391907075,0.0,CIPHERTEXT
4.584962500721156,0.0,24.0,1.0,1.0,2.0,3.0,1.0,21.291906488858938,0.0,KEY
4.418295834054489,0.0,24.0,1.0,1.0,2.0,11.0,3.0,20.517930457229816,0.0,KEY
4.9375,0.0,32.0,1.0,0.0,2.0,0.0,0.0,24.906695964332364,0.0,KEY
3.75,0.0,16.0,1.0,1.0,2.0,11.0,3.0,15.32798565468877,0.0,IV
4.534524219659049,0.0,64.0,1.0,0.0,2.0,11.0,3.0,27.308572707872628,0.0,PLAINTEXT
5.84375,0.0,64.0,1.0,0.0,2.0,11.0,3.0,35.19321190738503,0.0,CIPHERTEXT
4.75,0.0,32.0,1.0,0.0,2.0,3.0,1.0,23.960872066952653,0.0,KEY
4.875,0.0,32.0,1.0,0.0,2.0,11.0,3.0,24.59142133187246,0.0,KEY
4.875,0.0,32.0,1.0,0.0,2.0,0.0,0.0,24.59142133187246,0.0,KEY
4.0,0.0,16.0,1.0,1.0,2.0,11.0,3.0,16.349851365001356,0.0,IV
4.2242384298164914,0.0,64.0,1.0,0.0,2.0,11.0,3.0,25.439917554284694,0.0,PLAINTEXT
5.738204882778696,0.0,64.0,1.0,0.0,2.0,11.0,3.0,34.55758039060913,0.0,CIPHERTEXT
4.8125,0.0,32.0,1.0,0.0,2.0,3.0,1.0,24.276146699412557,0.0,KEY
4.875,0.0,32.0,1.0,0.0,2.0,11.0,3.0,24.59142133187246,0.0,KEY
4.875,0.0,32.0,1.0,0.0,2.0,0.0,0.0,24.59142133187246,0.0,KEY
3.2516291673878226,0.0,12.0,0.0,1.0,2.0,11.0,3.0,12.03245771966795,0.0,IV
4.505488429816491,0.0,64.0,1.0,0.0,2.0,11.0,3.0,27.133708501698944,0.0,PLAINTEXT
5.71875,0.0,64.0,1.0,0.0,2.0,11.0,3.0,34.44041593075647,0.0,CIPHERTEXT
4.8125,0.0,32.0,1.0,0.0,2.0,3.0,1.0,24.276146699412557,0.0,KEY
4.8125,0.0,32.0,1.0,0.0,2.0,11.0,3.0,24.276146699412557,0.0,KEY
4.0,0.0,16.0,1.0,1.0,2.0,0.0,0.0,16.349851365001356,0.0,KEY
4.0,0.0,16.0,1.0,1.0,2.0,11.0,3.0,16.349851365001356,0.0,IV
4.677668898701708,0.0,64.0,1.0,0.0,2.0,11.0,3.0,28.170642615545425,0.0,PLAINTEXT
5.78125,0.0,64.0,1.0,0.0,2.0,11.0,3.0,34.81681391907075,0.0,CIPHERTEXT
3.875,0.0,16.0,1.0,1.0,2.0,3.0,1.0,15.838918509845064,0.0,KEY
4.0,0.0,16.0,1.0,1.0,2.0,11.0,3.0,16.349851365001356,0.0,KEY
4.501629167387822,0.0,24.0,1.0,1.0,2.0,0.0,0.0,20.904918473044376,0.0,KEY
4.0,0.0,16.0,1.0,1.0,2.0,11.0,3.0,16.349851365001356,0.0,IV
4.882659765557392,0.0,64.0,1.0,0.0,2.0,11.0,3.0,29.405173014061898,0.0,PLAINTEXT
5.8125,0.0,64.0,1.0,0.0,2.0,11.0,3.0,35.005012913227894,0.0,CIPHERTEXT
4.584962500721156,0.0,24.0,1.0,1.0,2.0,3.0,1.0,21.291906488858938,0.0,KEY
4.501629167387822,0.0,24.0,1.0,1.0,2.0,11.0,3.0,20.904918473044376,0.0,KEY
4.875,0.0,32.0,1.0,0.0,2.0,0.0,0.0,24.59142133187246,0.0,KEY
4.0,0.0,16.0,1.0,1.0,2.0,11.0,3.0,16.349851365001356,0.0,IV
4.419758938909887,0.0,64.0,1.0,0.0,2.0,11.0,3.0,26.617413975035696,0.0,PLAINTEXT
5.75,0.0,64.0,1.0,0.0,2.0,11.0,3.0,34.62861492491361,0.0,CIPHERTEXT
5.0,0.0,32.0,1.0,0.0,2.0,3.0,1.0,25.221970596792268,0.0,KEY
4.6875,0.0,32.0,1.0,0.0,2.0,11.0,3.0,23.64559743449275,0.0,KEY
4.0,0.0,16.0,1.0,1.0,2.0,0.0,0.0,16.349851365001356,0.0,KEY
4.0,0.0,16.0,1.0,1.0,2.0,11.0,3.0,16.349851365001356,0.0,IV
4.947123781480403,0.0,64.0,1.0,0.0,2.0,11.0,3.0,29.793399028655195,0.0,PLAINTEXT
5.875,0.0,64.0,1.0,0.0,2.0,11.0,3.0,35.38141090154217,0.0,CIPHERTEXT
3.875,0.0,16.0,1.0,1.0,2.0,3.0,1.0,15.838918509845064,0.0,KEY
3.875,0.0,16.0,1.0,1.0,2.0,11.0,3.0,15.838918509845064,0.0,KEY
4.584962500721156,0.0,24.0,1.0,1.0,2.0,0.0,0.0,21.291906488858938,0.0,KEY
3.875,0.0,16.0,1.0,1.0,2.0,11.0,3.0,15.838918509845064,0.0,IV
4.483862211296895,0.0,64.0,1.0,0.0,2.0,11.0,3.0,27.00346745936901,0.0,PLAINTEXT
5.863204882778696,0.0,64.0,1.0,0.0,2.0,11.0,3.0,35.31037636723769,0.0,CIPHERTEXT
4.584962500721156,0.0,24.0,1.0,1.0,2.0,3.0,1.0,21.291906488858938,0.0,KEY
4.584962500721156,0.0,24.0,1.0,1.0,2.0,11.0,3.0,21.291906488858938,0.0,KEY
5.0,0.0,32.0,1.0,0.0,2.0,0.0,0.0,25.221970596792268,0.0,KEY
3.75,0.0,16.0,1.0,1.0,2.0,11.0,3.0,15.32798565468877,0.0,IV
4.871268266288633,0.0,64.0,1.0,0.0,2.0,11.0,3.0,29.336569215523582,0.0,PLAINTEXT
5.769454882778696,0.0,64.0,1.0,0.0,2.0,11.0,3.0,34.74577938476627,0.0,CIPHERTEXT
4.8125,0.0,32.0,1.0,0.0,2.0,3.0,1.0,24.276146699412557,0.0,KEY
5.0,0.0,32.0,1.0,0.0,2.0,11.0,3.0,25.221970596792268,0.0,KEY
4.0,0.0,16.0,1.0,1.0,2.0,0.0,0.0,16.349851365001356,0.0,KEY
4.0,0.0,16.0,1.0,1.0,2.0,11.0,3.0,16.349851365001356,0.0,IV
4.471117633875558,0.0,64.0,1.0,0.0,2.0,11.0,3.0,26.9267149265161,0.0,PLAINTEXT
5.71875,0.0,64.0,1.0,0.0,2.0,11.0,3.0,34.44041593075647,0.0,CIPHERTEXT
4.0,0.0,16.0,1.0,1.0,2.0,3.0,1.0,16.349851365001356,0.0,KEY
3.875,0.0,16.0,1.0,1.0,2.0,11.0,3.0,15.838918509845064,0.0,KEY
4.584962500721156,0.0,24.0,1.0,1.0,2.0,0.0,0.0,21.291906488858938,0.0,KEY
4.0,0.0,16.0,1.0,1.0,2.0,11.0,3.0,16.349851365001356,0.0,IV
4.611033547037795,0.0,64.0,1.0,0.0,2.0,11.0,3.0,27.769340018474846,0.0,PLAINTEXT
5.632659765557392,0.0,64.0,1.0,0.0,2.0,11.0,3.0,33.92194887383324,0.0,CIPHERTEXT
4.418295834054489,0.0,24.0,1.0,1.0,2.0,3.0,1.0,20.517930457229816,0.0,KEY
4.418295834054489,0.0,24.0,1.0,1.0,2.0,11.0,3.0,20.517930457229816,0.0,KEY
4.9375,0.0,32.0,1.0,0.0,2.0,0.0,0.0,24.906695964332364,0.0,KEY
4.0,0.0,16.0,1.0,1.0,2.0,11.0,3.0,16.349851365001356,0.0,IV
4.188853078152579,0.0,64.0,1.0,0.0,2.0,11.0,3.0,25.226813951371255,0.0,PLAINTEXT
5.800704882778696,0.0,64.0,1.0,0.0,2.0,11.0,3.0,34.93397837892341,0.0,CIPHERTEXT
4.9375,0.0,32.0,1.0,0.0,2.0,3.0,1.0,24.906695964332364,0.0,KEY
4.875,0.0,32.0,1.0,0.0,2.0,11.0,3.0,24.59142133187246,0.0,KEY
4.9375,0.0,32.0,1.0,0.0,2.0,0.0,0.0,24.906695964332364,0.0,KEY
3.875,0.0,16.0,1.0,1.0,2.0,11.0,3.0,15.838918509845064,0.0,IV
4.734473149067329,0.0,64.0,1.0,0.0,2.0,11.0,3.0,28.512738704590546,0.0,PLAINTEXT
5.8125,0.0,64.0,1.0,0.0,2.0,11.0,3.0,35.005012913227894,0.0,CIPHERTEXT
5.0,0.0,32.0,1.0,0.0,2.0,3.0,1.0,25.221970596792268,0.0,KEY
5.0,0.0,32.0,1.0,0.0,2.0,11.0,3.0,25.221970596792268,0.0,KEY
4.875,0.0,32.0,1.0,0.0,2.0,0.0,0.0,24.59142133187246,0.0,KEY
3.584962500721156,0.0,12.0,0.0,1.0,2.0,11.0,3.0,13.26593762571498,0.0,IV
4.840924852072124,0.0,64.0,1.0,0.0,2.0,11.0,3.0,29.153830014408694,0.0,PLAINTEXT
6.071928094887363,0.0,80.0,0.0,0.0,2.0,11.0,3.0,38.49511334988688,0.0,CIPHERTEXT
4.9375,0.0,32.0,1.0,0.0,2.0,3.0,1.0,24.906695964332364,0.0,KEY
4.9375,0.0,32.0,1.0,0.0,2.0,11.0,3.0,24.906695964332364,0.0,KEY
4.0,0.0,16.0,1.0,1.0,2.0,0.0,0.0,16.349851365001356,0.0,KEY
3.875,0.0,16.0,1.0,1.0,2.0,11.0,3.0,15.838918509845064,0.0,IV
4.991729296672174,0.0,64.0,1.0,0.0,2.0,11.0,3.0,30.062029847629667,0.0,PLAINTEXT
5.8125,0.0,64.0,1.0,0.0,2.0,11.0,3.0,35.005012913227894,0.0,CIPHERTEXT
4.0,0.0,16.0,1.0,1.0,2.0,3.0,1.0,16.349851365001356,0.0,KEY
3.875,0.0,16.0,1.0,1.0,2.0,11.0,3.0,15.838918509845064,0.0,KEY
4.584962500721156,0.0,24.0,1.0,1.0,2.0,0.0,0.0,21.291906488858938,0.0,KEY
4.0,0.0,16.0,1.0,1.0,2.0,11.0,3.0,16.349851365001356,0.0,IV
4.3094246578376945,0.0,64.0,1.0,0.0,2.0,11.0,3.0,25.95294035203289,0.0,PLAINTEXT
5.75,0.0,64.0,1.0,0.0,2.0,11.0,3.0,34.62861492491361,0.0,CIPHERTEXT
4.418295834054489,0.0,24.0,1.0,1.0,2.0,3.0,1.0,20.517930457229816,0.0,KEY
4.386842188131011,0.0,24.0,1.0,1.0,2.0,11.0,3.0,20.371864248917092,0.0,KEY
4.9375,0.0,32.0,1.0,0.0,2.0,0.0,0.0,24.906695964332364,0.0,KEY
3.875,0.0,16.0,1.0,1.0,2.0,11.0,3.0,15.838918509845064,0.0,IV
4.691428031846025,0.0,64.0,1.0,0.0,2.0,11.0,3.0,28.25350517612893,0.0,PLAINTEXT
5.8125,0.0,64.0,1.0,0.0,2.0,11.0,3.0,35.005012913227894,0.0,CIPHERTEXT
4.8125,0.0,32.0,1.0,0.0,2.0,3.0,1.0,24.276146699412557,0.0,KEY
4.9375,0.0,32.0,1.0,0.0,2.0,11.0,3.0,24.906695964332364,0.0,KEY
4.875,0.0,32.0,1.0,0.0,2.0,0.0,0.0,24.59142133187246,0.0,KEY
3.875,0.0,16.0,1.0,1.0,2.0,11.0,3.0,15.838918509845064,0.0,IV
4.451662751096862,0.0,64.0,1.0,0.0,2.0,11.0,3.0,26.809550466663442,0.0,PLAINTEXT
5.769454882778696,0.0,64.0,1.0,0.0,2.0,11.0,3.0,34.74577938476627,0.0,CIPHERTEXT
4.875,0.0,32.0,1.0,0.0,2.0,3.0,1.0,24.59142133187246,0.0,KEY
4.8125,0.0,32.0,1.0,0.0,2.0,11.0,3.0,24.276146699412557,0.0,KEY
4.9375,0.0,32.0,1.0,0.0,2.0,0.0,0.0,24.906695964332364,0.0,KEY
3.584962500721156,0.0,12.0,0.0,1.0,2.0,11.0,3.0,13.26593762571498,0.0,IV
4.658214015923013,0.0,64.0,1.0,0.0,2.0,11.0,3.0,28.05347815569277,0.0,PLAINTEXT
5.71875,0.0,64.0,1.0,0.0,2.0,11.0,3.0,34.44041593075647,0.0,CIPHERTEXT
4.8125,0.0,32.0,1.0,0.0,2.0,3.0,1.0,24.276146699412557,0.0,KEY
4.9375,0.0,32.0,1.0,0.0,2.0,11.0,3.0,24.906695964332364,0.0,KEY
3.875,0.0,16.0,1.0,1.0,2.0,0.0,0.0,15.838918509845064,0.0,KEY
3.75,0.0,16.0,1.0,1.0,2.0,11.0,3.0,15.32798565468877,0.0,IV
4.870864648336088,0.0,64.0,1.0,0.0,2.0,11.0,3.0,29.334138479757417,0.0,PLAINTEXT
5.71875,0.0,64.0,1.0,0.0,2.0,11.0,3.0,34.44041593075647,0.0,CIPHERTEXT
3.75,0.0,16.0,1.0,1.0,2.0,3.0,1.0,15.32798565468877,0.0,KEY
4.0,0.0,16.0,1.0,1.0,2.0,11.0,3.0,16.349851365001356,0.0,KEY
4.501629167387822,0.0,24.0,1.0,1.0,2.0,0.0,0.0,20.904918473044376,0.0,KEY
4.0,0.0,16.0,1.0,1.0,2.0,11.0,3.0,16.349851365001356,0.0,IV
4.507048827786958,0.0,64.0,1.0,0.0,2.0,11.0,3.0,27.143105792211802,0.0,PLAINTEXT
5.84375,0.0,64.0,1.0,0.0,2.0,11.0,3.0,35.19321190738503,0.0,CIPHERTEXT
4.418295834054489,0.0,24.0,1.0,1.0,2.0,3.0,1.0,20.517930457229816,0.0,KEY
4.584962500721156,0.0,24.0,1.0,1.0,2.0,11.0,3.0,21.291906488858938,0.0,KEY
4.9375,0.0,32.0,1.0,0.0,2.0,0.0,0.0,24.906695964332364,0.0,KEY
4.0,0.0,16.0,1.0,1.0,2.0,11.0,3.0,16.349851365001356,0.0,IV
4.785178031846025,0.0,64.0,1.0,0.0,2.0,11.0,3.0,28.818102158600347,0.0,PLAINTEXT
5.84375,0.0,64.0,1.0,0.0,2.0,11.0,3.0,35.19321190738503,0.0,CIPHERTEXT
4.8125,0.0,32.0,1.0,0.0,2.0,3.0,1.0,24.276146699412557,0.0,KEY
5.0,0.0,32.0,1.0,0.0,2.0,11.0,3.0,25.221970596792268,0.0,KEY
3.875,0.0,16.0,1.0,1.0,2.0,0.0,0.0,15.838918509845064,0.0,KEY
3.75,0.0,16.0,1.0,1.0,2.0,11.0,3.0,15.32798565468877,0.0,IV
4.224757947809982,0.0,64.0,1.0,0.0,2.0,11.0,3.0,25.443046282726982,0.0,PLAINTEXT
5.71875,0.0,64.0,1.0,0.0,2.0,11.0,3.0,34.44041593075647,0.0,CIPHERTEXT
4.0,0.0,16.0,1.0,1.0,2.0,3.0,1.0,16.349851365001356,0.0,KEY
3.875,0.0,16.0,1.0,1.0,2.0,11.0,3.0,15.838918509845064,0.0,KEY
4.501629167387822,0.0,24.0,1.0,1.0,2.0,0.0,0.0,20.904918473044376,0.0,KEY
3.875,0.0,16.0,1.0,1.0,2.0,11.0,3.0,15.838918509845064,0.0,IV
4.478777399432949,0.0,64.0,1.0,0.0,2.0,11.0,3.0,26.972844852064277,0.0,PLAINTEXT
5.726409765557392,0.0,64.0,1.0,0.0,2.0,11.0,3.0,34.48654585630465,0.0,CIPHERTEXT
4.41829583405449,0.0,24.0,1.0,1.0,2.0,3.0,1.0,20.51793045722982,0.0,KEY
4.501629167387822,0.0,24.0,1.0,1.0,2.0,11.0,3.0,20.904918473044376,0.0,KEY
5.0,0.0,32.0,1.0,0.0,2.0,0.0,0.0,25.221970596792268,0.0,KEY
3.875,0.0,16.0,1.0,1.0,2.0,11.0,3.0,15.838918509845064,0.0,IV
4.9117384298164914,0.0,64.0,1.0,0.0,2.0,11.0,3.0,29.58029542574176,0.0,PLAINTEXT
5.788909765557392,0.0,64.0,1.0,0.0,2.0,11.0,3.0,34.86294384461893,0.0,CIPHERTEXT
4.75,0.0,32.0,1.0,0.0,2.0,3.0,1.0,23.960872066952653,0.0,KEY
4.9375,0.0,32.0,1.0,0.0,2.0,11.0,3.0,24.906695964332364,0.0,KEY
4.0,0.0,16.0,1.0,1.0,2.0,0.0,0.0,16.349851365001356,0.0,KEY
4.0,0.0,16.0,1.0,1.0,2.0,11.0,3.0,16.349851365001356,0.0,IV
4.822123781480403,0.0,64.0,1.0,0.0,2.0,11.0,3.0,29.040603052026636,0.0,PLAINTEXT
5.875,0.0,64.0,1.0,0.0,2.0,11.0,3.0,35.38141090154217,0.0,CIPHERTEXT
3.875,0.0,16.0,1.0,1.0,2.0,3.0,1.0,15.838918509845064,0.0,KEY
4.0,0.0,16.0,1.0,1.0,2.0,11.0,3.0,16.349851365001356,0.0,KEY
4.334962500721156,0.0,24.0,1.0,1.0,2.0,0.0,0.0,20.130942441415257,0.0,KEY
4.0,0.0,16.0,1.0,1.0,2.0,11.0,3.0,16.349851365001356,0.0,IV
4.649943312595187,0.0,64.0,1.0,0.0,2.0,11.0,3.0,28.00366893818016,0.0,PLAINTEXT
5.769454882778696,0.0,64.0,1.0,0.0,2.0,11.0,3.0,34.74577938476627,0.0,CIPHERTEXT
4.418295834054489,0.0,24.0,1.0,1.0,2.0,3.0,1.0,20.517930457229816,0.0,KEY
4.418295834054489,0.0,24.0,1.0,1.0,2.0,11.0,3.0,20.517930457229816,0.0,KEY
5.0,0.0,32.0,1.0,0.0,2.0,0.0,0.0,25.221970596792268,0.0,KEY
3.875,0.0,16.0,1.0,1.0,2.0,11.0,3.0,15.838918509845064,0.0,IV
4.9117384298164914,0.0,64.0,1.0,0.0,2.0,11.0,3.0,29.58029542574176,0.0,PLAINTEXT
5.75,0.0,64.0,1.0,0.0,2.0,11.0,3.0,34.62861492491361,0.0,CIPHERTEXT
5.0,0.0,32.0,1.0,0.0,2.0,3.0,1.0,25.221970596792268,0.0,KEY
4.8125,0.0,32.0,1.0,0.0,2.0,11.0,3.0,24.276146699412557,0.0,KEY
4.9375,0.0,32.0,1.0,0.0,2.0,0.0,0.0,24.906695964332364,0.0,KEY
4.0,0.0,16.0,1.0,1.0,2.0,11.0,3.0,16.349851365001356,0.0,IV
4.1142648922803025,0.0,64.0,1.0,0.0,2.0,11.0,3.0,24.777616461541875,0.0,PLAINTEXT
5.6875,0.0,64.0,1.0,0.0,2.0,11.0,3.0,34.25221693659933,0.0,CIPHERTEXT
4.9375,0.0,32.0,1.0,0.0,2.0,3.0,1.0,24.906695964332364,0.0,KEY
4.6875,0.0,32.0,1.0,0.0,2.0,11.0,3.0,23.64559743449275,0.0,KEY
4.875,0.0,32.0,1.0,0.0,2.0,0.0,0.0,24.59142133187246,0.0,KEY
3.584962500721156,0.0,12.0,0.0,1.0,2.0,11.0,3.0,13.26593762571498,0.0,IV
4.3777712518281025,0.0,64.0,1.0,0.0,2.0,11.0,3.0,26.36454867981085,0.0,PLAINTEXT
6.021928094887363,0.0,80.0,0.0,0.0,2.0,11.0,3.0,38.17812084974265,0.0,CIPHERTEXT
4.8125,0.0,32.0,1.0,0.0,2.0,3.0,1.0,24.276146699412557,0.0,KEY
5.0,0.0,32.0,1.0,0.0,2.0,11.0,3.0,25.221970596792268,0.0,KEY
4.0,0.0,16.0,1.0,1.0,2.0,0.0,0.0,16.349851365001356,0.0,KEY
4.0,0.0,16.0,1.0,1.0,2.0,11.0,3.0,16.349851365001356,0.0,IV
4.813810203736037,0.0,64.0,1.0,0.0,2.0,11.0,3.0,28.990535629007855,0.0,PLAINTEXT
5.8125,0.0,64.0,1.0,0.0,2.0,11.0,3.0,35.005012913227894,0.0,CIPHERTEXT
3.875,0.0,16.0,1.0,1.0,2.0,3.0,1.0,15.838918509845064,0.0,KEY
3.875,0.0,16.0,1.0,1.0,2.0,11.0,3.0,15.838918509845064,0.0,KEY
4.418295834054489,0.0,24.0,1.0,1.0,2.0,0.0,0.0,20.517930457229816,0.0,KEY
4.0,0.0,16.0,1.0,1.0,2.0,11.0,3.0,16.349851365001356,0.0,IV
4.156562198175603,0.0,64.0,1.0,0.0,2.0,11.0,3.0,25.032346395143552,0.0,PLAINTEXT
5.613204882778696,0.0,64.0,1.0,0.0,2.0,11.0,3.0,33.80478441398058,0.0,CIPHERTEXT
4.501629167387822,0.0,24.0,1.0,1.0,2.0,3.0,1.0,20.904918473044376,0.0,KEY
4.584962500721156,0.0,24.0,1.0,1.0,2.0,11.0,3.0,21.291906488858938,0.0,KEY
4.851409765557392,0.0,32.0,1.0,0.0,2.0,0.0,0.0,24.47242289197588,0.0,KEY
4.0,0.0,16.0,1.0,1.0,2.0,11.0,3.0,16.349851365001356,0.0,IV
4.471117633875558,0.0,64.0,1.0,0.0,2.0,11.0,3.0,26.9267149265161,0.0,PLAINTEXT
5.71875,0.0,64.0,1.0,0.0,2.0,11.0,3.0,34.44041593075647,0.0,CIPHERTEXT
4.9375,0.0,32.0,1.0,0.0,2.0,3.0,1.0,24.906695964332364,0.0,KEY
4.8125,0.0,32.0,1.0,0.0,2.0,11.0,3.0,24.276146699412557,0.0,KEY
4.75,0.0,32.0,1.0,0.0,2.0,0.0,0.0,23.960872066952653,0.0,KEY
4.0,0.0,16.0,1.0,1.0,2.0,11.0,3.0,16.349851365001356,0.0,IV
5.054229296672174,0.0,64.0,1.0,0.0,2.0,11.0,3.0,30.438427835943944,0.0,PLAINTEXT
5.8125,0.0,64.0,1.0,0.0,2.0,11.0,3.0,35.005012913227894,0.0,CIPHERTEXT
4.875,0.0,32.0,1.0,0.0,2.0,3.0,1.0,24.59142133187246,0.0,KEY
5.0,0.0,32.0,1.0,0.0,2.0,11.0,3.0,25.221970596792268,0.0,KEY
4.8125,0.0,32.0,1.0,0.0,2.0,0.0,0.0,24.276146699412557,0.0,KEY
3.584962500721156,0.0,12.0,0.0,1.0,2.0,11.0,3.0,13.26593762571498,0.0,IV
4.872174852072124,0.0,64.0,1.0,0.0,2.0,11.0,3.0,29.34202900856583,0.0,PLAINTEXT
5.84375,0.0,64.0,1.0,0.0,2.0,11.0,3.0,35.19321190738503,0.0,CIPHERTEXT
4.875,0.0,32.0,1.0,0.0,2.0,3.0,1.0,24.59142133187246,0.0,KEY
4.9375,0.0,32.0,1.0,0.0,2.0,11.0,3.0,24.906695964332364,0.0,KEY
3.875,0.0,16.0,1.0,1.0,2.0,0.0,0.0,15.838918509845064,0.0,KEY
4.0,0.0,16.0,1.0,1.0,2.0,11.0,3.0,16.349851365001356,0.0,IV
4.5054884298164914,0.0,64.0,1.0,0.0,2.0,11.0,3.0,27.133708501698948,0.0,PLAINTEXT
5.84375,0.0,64.0,1.0,0.0,2.0,11.0,3.0,35.19321190738503,0.0,CIPHERTEXT
3.875,0.0,16.0,1.0,1.0,2.0,3.0,1.0,15.838918509845064,0.0,KEY
3.875,0.0,16.0,1.0,1.0,2.0,11.0,3.0,15.838918509845064,0.0,KEY
4.501629167387822,0.0,24.0,1.0,1.0,2.0,0.0,0.0,20.904918473044376,0.0,KEY
4.0,0.0,16.0,1.0,1.0,2.0,11.0,3.0,16.349851365001356,0.0,IV
4.4936933125951875,0.0,64.0,1.0,0.0,2.0,11.0,3.0,27.06267396739447,0.0,PLAINTEXT
5.71875,0.0,64.0,1.0,0.0,2.0,11.0,3.0,34.44041593075647,0.0,CIPHERTEXT
4.584962500721156,0.0,24.0,1.0,1.0,2.0,3.0,1.0,21.291906488858938,0.0,KEY
4.418295834054489,0.0,24.0,1.0,1.0,2.0,11.0,3.0,20.517930457229816,0.0,KEY
4.875,0.0,32.0,1.0,0.0,2.0,0.0,0.0,24.59142133187246,0.0,KEY
4.0,0.0,16.0,1.0,1.0,2.0,11.0,3.0,16.349851365001356,0.0,IV
4.293852353126395,0.0,64.0,1.0,0.0,2.0,11.0,3.0,25.85915820536489,0.0,PLAINTEXT
5.90625,0.0,64.0,1.0,0.0,2.0,11.0,3.0,35.56960989569931,0.0,CIPHERTEXT
4.875,0.0,32.0,1.0,0.0,2.0,3.0,1.0,24.59142133187246,0.0,KEY
4.8125,0.0,32.0,1.0,0.0,2.0,11.0,3.0,24.276146699412557,0.0,KEY
3.875,0.0,16.0,1.0,1.0,2.0,0.0,0.0,15.838918509845064,0.0,KEY
3.875,0.0,16.0,1.0,1.0,2.0,11.0,3.0,15.838918509845064,0.0,IV
4.442988429816491,0.0,64.0,1.0,0.0,2.0,11.0,3.0,26.757310513384663,0.0,PLAINTEXT
5.6875,0.0,64.0,1.0,0.0,2.0,11.0,3.0,34.25221693659933,0.0,CIPHERTEXT
3.875,0.0,16.0,1.0,1.0,2.0,3.0,1.0,15.838918509845064,0.0,KEY
3.75,0.0,16.0,1.0,1.0,2.0,11.0,3.0,15.32798565468877,0.0,KEY
4.501629167387822,0.0,24.0,1.0,1.0,2.0,0.0,0.0,20.904918473044376,0.0,KEY
4.0,0.0,16.0,1.0,1.0,2.0,11.0,3.0,16.349851365001356,0.0,IV
4.482912751096862,0.0,64.0,1.0,0.0,2.0,11.0,3.0,26.99774946082058,0.0,PLAINTEXT
5.71875,0.0,64.0,1.0,0.0,2.0,11.0,3.0,34.44041593075647,0.0,CIPHERTEXT
4.584962500721156,0.0,24.0,1.0,1.0,2.0,3.0,1.0,21.291906488858938,0.0,KEY
4.418295834054489,0.0,24.0,1.0,1.0,2.0,11.0,3.0,20.517930457229816,0.0,KEY
4.8125,0.0,32.0,1.0,0.0,2.0,0.0,0.0,24.276146699412557,0.0,KEY
4.0,0.0,16.0,1.0,1.0,2.0,11.0,3.0,16.349851365001356,0.0,IV
4.398786532577265,0.0,64.0,1.0,0.0,2.0,11.0,3.0,26.491110430176363,0.0,PLAINTEXT
5.96875,0.0,64.0,1.0,0.0,2.0,11.0,3.0,35.94600788401359,0.0,CIPHERTEXT
4.875,0.0,32.0,1.0,0.0,2.0,3.0,1.0,24.59142133187246,0.0,KEY
4.9375,0.0,32.0,1.0,0.0,2.0,11.0,3.0,24.906695964332364,0.0,KEY
4.0,0.0,16.0,1.0,1.0,2.0,0.0,0.0,16.349851365001356,0.0,KEY
4.0,0.0,16.0,1.0,1.0,2.0,11.0,3.0,16.349851365001356,0.0,IV
4.597274413893479,0.0,64.0,1.0,0.0,2.0,11.0,3.0,27.686477457891343,0.0,PLAINTEXT
5.84375,0.0,64.0,1.0,0.0,2.0,11.0,3.0,35.19321190738503,0.0,CIPHERTEXT
3.875,0.0,16.0,1.0,1.0,2.0,3.0,1.0,15.838918509845064,0.0,KEY
4.0,0.0,16.0,1.0,1.0,2.0,11.0,3.0,16.349851365001356,0.0,KEY
4.334962500721156,0.0,24.0,1.0,1.0,2.0,0.0,0.0,20.130942441415257,0.0,KEY
4.0,0.0,16.0,1.0,1.0,2.0,11.0,3.0,16.349851365001356,0.0,IV
4.826259133144316,0.0,64.0,1.0,0.0,2.0,11.0,3.0,29.06550766078294,0.0,PLAINTEXT
5.757659765557392,0.0,64.0,1.0,0.0,2.0,11.0,3.0,34.67474485046179,0.0,CIPHERTEXT
4.501629167387822,0.0,24.0,1.0,1.0,2.0,3.0,1.0,20.904918473044376,0.0,KEY
4.584962500721156,0.0,24.0,1.0,1.0,2.0,11.0,3.0,21.291906488858938,0.0,KEY
5.0,0.0,32.0,1.0,0.0,2.0,0.0,0.0,25.221970596792268,0.0,KEY
4.0,0.0,16.0,1.0,1.0,2.0,11.0,3.0,16.349851365001356,0.0,IV
4.417837797403417,0.0,64.0,1.0,0.0,2.0,11.0,3.0,26.605844154262858,0.0,PLAINTEXT
5.84375,0.0,64.0,1.0,0.0,2.0,11.0,3.0,35.19321190738503,0.0,CIPHERTEXT
4.75,0.0,32.0,1.0,0.0,2.0,3.0,1.0,23.960872066952653,0.0,KEY
4.75,0.0,32.0,1.0,0.0,2.0,11.0,3.0,23.960872066952653,0.0,KEY
4.875,0.0,32.0,1.0,0.0,2.0,0.0,0.0,24.59142133187246,0.0,KEY
3.875,0.0,16.0,1.0,1.0,2.0,11.0,3.0,15.838918509845064,0.0,IV
4.357417713367374,0.0,64.0,1.0,0.0,2.0,11.0,3.0,26.24197218490372,0.0,PLAINTEXT
5.84375,0.0,64.0,1.0,0.0,2.0,11.0,3.0,35.19321190738503,0.0,CIPHERTEXT
5.0,0.0,32.0,1.0,0.0,2.0,3.0,1.0,25.221970596792268,0.0,KEY
4.9375,0.0,32.0,1.0,0.0,2.0,11.0,3.0,24.906695964332364,0.0,KEY
4.8125,0.0,32.0,1.0,0.0,2.0,0.0,0.0,24.276146699412557,0.0,KEY
3.584962500721156,0.0,12.0,0.0,1.0,2.0,11.0,3.0,13.26593762571498,0.0,IV
4.72993417945087,0.0,64.0,1.0,0.0,2.0,11.0,3.0,28.485403360068073,0.0,PLAINTEXT
6.096928094887363,0.0,80.0,0.0,0.0,2.0,11.0,3.0,38.653609599959,0.0,CIPHERTEXT
5.0,0.0,32.0,1.0,0.0,2.0,3.0,1.0,25.221970596792268,0.0,KEY
4.9375,0.0,32.0,1.0,0.0,2.0,11.0,3.0,24.906695964332364,0.0,KEY
3.75,0.0,16.0,1.0,1.0,2.0,0.0,0.0,15.32798565468877,0.0,KEY
3.75,0.0,16.0,1.0,1.0,2.0,11.0,3.0,15.32798565468877,0.0,IV
4.377913476123045,0.0,64.0,1.0,0.0,2.0,11.0,3.0,26.365405206826942,0.0,PLAINTEXT
5.78125,0.0,64.0,1.0,0.0,2.0,11.0,3.0,34.81681391907075,0.0,CIPHERTEXT
4.0,0.0,16.0,1.0,1.0,2.0,3.0,1.0,16.349851365001356,0.0,KEY
4.0,0.0,16.0,1.0,1.0,2.0,11.0,3.0,16.349851365001356,0.0,KEY
4.41829583405449,0.0,24.0,1.0,1.0,2.0,0.0,0.0,20.51793045722982,0.0,KEY
3.875,0.0,16.0,1.0,1.0,2.0,11.0,3.0,15.838918509845064,0.0,IV
5.029078664259099,0.0,64.0,1.0,0.0,2.0,11.0,3.0,30.286961476822132,0.0,PLAINTEXT
5.84375,0.0,64.0,1.0,0.0,2.0,11.0,3.0,35.19321190738503,0.0,CIPHERTEXT
4.501629167387822,0.0,24.0,1.0,1.0,2.0,3.0,1.0,20.904918473044376,0.0,KEY
4.501629167387822,0.0,24.0,1.0,1.0,2.0,11.0,3.0,20.904918473044376,0.0,KEY
4.875,0.0,32.0,1.0,0.0,2.0,0.0,0.0,24.59142133187246,0.0,KEY
4.0,0.0,16.0,1.0,1.0,2.0,11.0,3.0,16.349851365001356,0.0,IV
4.390723149067329,0.0,64.0,1.0,0.0,2.0,11.0,3.0,26.442549768862015,0.0,PLAINTEXT
5.78125,0.0,64.0,1.0,0.0,2.0,11.0,3.0,34.81681391907075,0.0,CIPHERTEXT
5.0,0.0,32.0,1.0,0.0,2.0,3.0,1.0,25.221970596792268,0.0,KEY
4.6875,0.0,32.0,1.0,0.0,2.0,11.0,3.0,23.64559743449275,0.0,KEY
4.75,0.0,32.0,1.0,0.0,2.0,0.0,0.0,23.960872066952653,0.0,KEY
4.0,0.0,16.0,1.0,1.0,2.0,11.0,3.0,16.349851365001356,0.0,IV
4.654078664259099,0.0,64.0,1.0,0.0,2.0,11.0,3.0,28.028573546936464,0.0,PLAINTEXT
5.695159765557392,0.0,64.0,1.0,0.0,2.0,11.0,3.0,34.29834686214752,0.0,CIPHERTEXT
4.875,0.0,32.0,1.0,0.0,2.0,3.0,1.0,24.59142133187246,0.0,KEY
4.875,0.0,32.0,1.0,0.0,2.0,11.0,3.0,24.59142133187246,0.0,KEY
4.9375,0.0,32.0,1.0,0.0,2.0,0.0,0.0,24.906695964332364,0.0,KEY
3.584962500721156,0.0,12.0,0.0,1.0,2.0,11.0,3.0,13.26593762571498,0.0,IV
4.904078664259099,0.0,64.0,1.0,0.0,2.0,11.0,3.0,29.534165500193577,0.0,PLAINTEXT
5.84375,0.0,64.0,1.0,0.0,2.0,11.0,3.0,35.19321190738503,0.0,CIPHERTEXT
4.875,0.0,32.0,1.0,0.0,2.0,3.0,1.0,24.59142133187246,0.0,KEY
4.875,0.0,32.0,1.0,0.0,2.0,11.0,3.0,24.59142133187246,0.0,KEY
4.0,0.0,16.0,1.0,1.0,2.0,0.0,0.0,16.349851365001356,0.0,KEY
4.0,0.0,16.0,1.0,1.0,2.0,11.0,3.0,16.349851365001356,0.0,IV
4.715018266288633,0.0,64.0,1.0,0.0,2.0,11.0,3.0,28.395574244737887,0.0,PLAINTEXT
5.71875,0.0,64.0,1.0,0.0,2.0,11.0,3.0,34.44041593075647,0.0,CIPHERTEXT
4.0,0.0,16.0,1.0,1.0,2.0,3.0,1.0,16.349851365001356,0.0,KEY
4.0,0.0,16.0,1.0,1.0,2.0,11.0,3.0,16.349851365001356,0.0,KEY
4.501629167387822,0.0,24.0,1.0,1.0,2.0,0.0,0.0,20.904918473044376,0.0,KEY
4.0,0.0,16.0,1.0,1.0,2.0,11.0,3.0,16.349851365001356,0.0,IV
4.822123781480403,0.0,64.0,1.0,0.0,2.0,11.0,3.0,29.040603052026636,0.0,PLAINTEXT
5.84375,0.0,64.0,1.0,0.0,2.0,11.0,3.0,35.19321190738503,0.0,CIPHERTEXT
4.584962500721156,0.0,24.0,1.0,1.0,2.0,3.0,1.0,21.291906488858938,0.0,KEY
4.418295834054489,0.0,24.0,1.0,1.0,2.0,11.0,3.0,20.517930457229816,0.0,KEY
4.875,0.0,32.0,1.0,0.0,2.0,0.0,0.0,24.59142133187246,0.0,KEY
4.0,0.0,16.0,1.0,1.0,2.0,11.0,3.0,16.349851365001356,0.0,IV
4.201167713367374,0.0,64.0,1.0,0.0,2.0,11.0,3.0,25.300977214118024,0.0,PLAINTEXT
5.875,0.0,64.0,1.0,0.0,2.0,11.0,3.0,35.38141090154217,0.0,CIPHERTEXT
4.9375,0.0,32.0,1.0,0.0,2.0,3.0,1.0,24.906695964332364,0.0,KEY
5.0,0.0,32.0,1.0,0.0,2.0,11.0,3.0,25.221970596792268,0.0,KEY
4.0,0.0,16.0,1.0,1.0,2.0,0.0,0.0,16.349851365001356,0.0,KEY
4.0,0.0,16.0,1.0,1.0,2.0,11.0,3.0,16.349851365001356,0.0,IV
4.472274413893478,0.0,64.0,1.0,0.0,2.0,11.0,3.0,26.93368148126278,0.0,PLAINTEXT
5.875,0.0,64.0,1.0,0.0,2.0,11.0,3.0,35.38141090154217,0.0,CIPHERTEXT
4.0,0.0,16.0,1.0,1.0,2.0,3.0,1.0,16.349851365001356,0.0,KEY
4.0,0.0,16.0,1.0,1.0,2.0,11.0,3.0,16.349851365001356,0.0,KEY
4.334962500721156,0.0,24.0,1.0,1.0,2.0,0.0,0.0,20.130942441415257,0.0,KEY
4.0,0.0,16.0,1.0,1.0,2.0,11.0,3.0,16.349851365001356,0.0,IV
4.030388867995137,0.0,64.0,1.0,0.0,2.0,11.0,3.0,24.272484192602104,0.0,PLAINTEXT
5.8125,0.0,64.0,1.0,0.0,2.0,11.0,3.0,35.005012913227894,0.0,CIPHERTEXT
4.501629167387822,0.0,24.0,1.0,1.0,2.0,3.0,1.0,20.904918473044376,0.0,KEY
4.584962500721156,0.0,24.0,1.0,1.0,2.0,11.0,3.0,21.291906488858938,0.0,KEY
4.9375,0.0,32.0,1.0,0.0,2.0,0.0,0.0,24.906695964332364,0.0,KEY
3.702819531114783,0.0,16.0,1.0,1.0,2.0,11.0,3.0,15.13513724128768,0.0,IV
4.466982282211645,0.0,64.0,1.0,0.0,2.0,11.0,3.0,26.901810317759796,0.0,PLAINTEXT
5.75,0.0,64.0,1.0,0.0,2.0,11.0,3.0,34.62861492491361,0.0,CIPHERTEXT
4.8125,0.0,32.0,1.0,0.0,2.0,3.0,1.0,24.276146699412557,0.0,KEY
4.8125,0.0,32.0,1.0,0.0,2.0,11.0,3.0,24.276146699412557,0.0,KEY
4.0,0.0,16.0,1.0,1.0,2.0,0.0,0.0,16.349851365001356,0.0,KEY
4.0,0.0,16.0,1.0,1.0,2.0,11.0,3.0,16.349851365001356,0.0,IV
4.441428031846025,0.0,64.0,1.0,0.0,2.0,11.0,3.0,26.747913222871816,0.0,PLAINTEXT
5.84375,0.0,64.0,1.0,0.0,2.0,11.0,3.0,35.19321190738503,0.0,CIPHERTEXT
4.0,0.0,16.0,1.0,1.0,2.0,3.0,1.0,16.349851365001356,0.0,KEY
4.0,0.0,16.0,1.0,1.0,2.0,11.0,3.0,16.349851365001356,0.0,KEY
4.501629167387822,0.0,24.0,1.0,1.0,2.0,0.0,0.0,20.904918473044376,0.0,KEY
4.0,0.0,16.0,1.0,1.0,2.0,11.0,3.0,16.349851365001356,0.0,IV
4.757048827786958,0.0,64.0,1.0,0.0,2.0,11.0,3.0,28.648697745468915,0.0,PLAINTEXT
5.695159765557392,0.0,64.0,1.0,0.0,2.0,11.0,3.0,34.29834686214752,0.0,CIPHERTEXT
4.584962500721156,0.0,24.0,1.0,1.0,2.0,3.0,1.0,21.291906488858938,0.0,KEY
4.501629167387822,0.0,24.0,1.0,1.0,2.0,11.0,3.0,20.904918473044376,0.0,KEY
4.9375,0.0,32.0,1.0,0.0,2.0,0.0,0.0,24.906695964332364,0.0,KEY
3.875,0.0,16.0,1.0,1.0,2.0,11.0,3.0,15.838918509845064,0.0,IV
4.910178031846025,0.0,64.0,1.0,0.0,2.0,11.0,3.0,29.570898135228905,0.0,PLAINTEXT
5.675704882778696,0.0,64.0,1.0,0.0,2.0,11.0,3.0,34.18118240229486,0.0,CIPHERTEXT
5.0,0.0,32.0,1.0,0.0,2.0,3.0,1.0,25.221970596792268,0.0,KEY
5.0,0.0,32.0,1.0,0.0,2.0,11.0,3.0,25.221970596792268,0.0,KEY
4.9375,0.0,32.0,1.0,0.0,2.0,0.0,0.0,24.906695964332364,0.0,KEY
3.875,0.0,16.0,1.0,1.0,2.0,11.0,3.0,15.838918509845064,0.0,IV
4.845060203736037,0.0,64.0,1.0,0.0,2.0,11.0,3.0,29.178734623164996,0.0,PLAINTEXT
5.675704882778696,0.0,64.0,1.0,0.0,2.0,11.0,3.0,34.18118240229486,0.0,CIPHERTEXT
4.9375,0.0,32.0,1.0,0.0,2.0,3.0,1.0,24.906695964332364,0.0,KEY
4.9375,0.0,32.0,1.0,0.0,2.0,11.0,3.0,24.906695964332364,0.0,KEY
5.0,0.0,32.0,1.0,0.0,2.0,0.0,0.0,25.221970596792268,0.0,KEY
3.584962500721156,0.0,12.0,0.0,1.0,2.0,11.0,3.0,13.26593762571498,0.0,IV
4.572123781480403,0.0,64.0,1.0,0.0,2.0,11.0,3.0,27.535011098769523,0.0,PLAINTEXT
6.046928094887362,0.0,80.0,0.0,0.0,2.0,11.0,3.0,38.33661709981476,0.0,CIPHERTEXT
4.8125,0.0,32.0,1.0,0.0,2.0,3.0,1.0,24.276146699412557,0.0,KEY
4.8125,0.0,32.0,1.0,0.0,2.0,11.0,3.0,24.276146699412557,0.0,KEY
4.0,0.0,16.0,1.0,1.0,2.0,0.0,0.0,16.349851365001356,0.0,KEY
3.875,0.0,16.0,1.0,1.0,2.0,11.0,3.0,15.838918509845064,0.0,IV
5.089614648336088,0.0,64.0,1.0,0.0,2.0,11.0,3.0,30.651531438857393,0.0,PLAINTEXT
5.84375,0.0,64.0,1.0,0.0,2.0,11.0,3.0,35.19321190738503,0.0,CIPHERTEXT
3.875,0.0,16.0,1.0,1.0,2.0,3.0,1.0,15.838918509845064,0.0,KEY
4.0,0.0,16.0,1.0,1.0,2.0,11.0,3.0,16.349851365001356,0.0,KEY
4.418295834054488,0.0,24.0,1.0,1.0,2.0,0.0,0.0,20.517930457229813,0.0,KEY
3.875,0.0,16.0,1.0,1.0,2.0,11.0,3.0,15.838918509845064,0.0,IV
4.560732282211645,0.0,64.0,1.0,0.0,2.0,11.0,3.0,27.466407300231214,0.0,PLAINTEXT
5.75,0.0,64.0,1.0,0.0,2.0,11.0,3.0,34.62861492491361,0.0,CIPHERTEXT
4.584962500721156,0.0,24.0,1.0,1.0,2.0,3.0,1.0,21.291906488858938,0.0,KEY
4.418295834054489,0.0,24.0,1.0,1.0,2.0,11.0,3.0,20.517930457229816,0.0,KEY
4.8125,0.0,32.0,1.0,0.0,2.0,0.0,0.0,24.276146699412557,0.0,KEY
3.75,0.0,16.0,1.0,1.0,2.0,11.0,3.0,15.32798565468877,0.0,IV
4.6448585007312415,0.0,64.0,1.0,0.0,2.0,11.0,3.0,27.973046330875434,0.0,PLAINTEXT
5.738204882778696,0.0,64.0,1.0,0.0,2.0,11.0,3.0,34.55758039060913,0.0,CIPHERTEXT
5.0,0.0,32.0,1.0,0.0,2.0,3.0,1.0,25.221970596792268,0.0,KEY
4.8125,0.0,32.0,1.0,0.0,2.0,11.0,3.0,24.276146699412557,0.0,KEY
4.8125,0.0,32.0,1.0,0.0,2.0,0.0,0.0,24.276146699412557,0.0,KEY
3.875,0.0,16.0,1.0,1.0,2.0,11.0,3.0,15.838918509845064,0.0,IV
4.466578664259099,0.0,64.0,1.0,0.0,2.0,11.0,3.0,26.899379581993628,0.0,PLAINTEXT
5.96875,0.0,64.0,1.0,0.0,2.0,11.0,3.0,35.94600788401359,0.0,CIPHERTEXT
4.875,0.0,32.0,1.0,0.0,2.0,3.0,1.0,24.59142133187246,0.0,KEY
4.9375,0.0,32.0,1.0,0.0,2.0,11.0,3.0,24.906695964332364,0.0,KEY
4.9375,0.0,32.0,1.0,0.0,2.0,0.0,0.0,24.906695964332364,0.0,KEY
3.4182958340544896,0.0,12.0,0.0,1.0,2.0,11.0,3.0,12.649197672691464,0.0,IV
4.884623781480403,0.0,64.0,1.0,0.0,2.0,11.0,3.0,29.417001040340917,0.0,PLAINTEXT
5.71875,0.0,64.0,1.0,0.0,2.0,11.0,3.0,34.44041593075647,0.0,CIPHERTEXT
4.9375,0.0,32.0,1.0,0.0,2.0,3.0,1.0,24.906695964332364,0.0,KEY
4.9375,0.0,32.0,1.0,0.0,2.0,11.0,3.0,24.906695964332364,0.0,KEY
3.875,0.0,16.0,1.0,1.0,2.0,0.0,0.0,15.838918509845064,0.0,KEY
4.0,0.0,16.0,1.0,1.0,2.0,11.0,3.0,16.349851365001356,0.0,IV
4.872828664259099,0.0,64.0,1.0,0.0,2.0,11.0,3.0,29.345966506036437,0.0,PLAINTEXT
5.726409765557392,0.0,64.0,1.0,0.0,2.0,11.0,3.0,34.48654585630465,0.0,CIPHERTEXT
3.875,0.0,16.0,1.0,1.0,2.0,3.0,1.0,15.838918509845064,0.0,KEY
4.0,0.0,16.0,1.0,1.0,2.0,11.0,3.0,16.349851365001356,0.0,KEY
4.501629167387822,0.0,24.0,1.0,1.0,2.0,0.0,0.0,20.904918473044376,0.0,KEY
4.0,0.0,16.0,1.0,1.0,2.0,11.0,3.0,16.349851365001356,0.0,IV
4.991729296672174,0.0,64.0,1.0,0.0,2.0,11.0,3.0,30.062029847629667,0.0,PLAINTEXT
5.84375,0.0,64.0,1.0,0.0,2.0,11.0,3.0,35.19321190738503,0.0,CIPHERTEXT
4.584962500721156,0.0,24.0,1.0,1.0,2.0,3.0,1.0,21.291906488858938,0.0,KEY
4.584962500721156,0.0,24.0,1.0,1.0,2.0,11.0,3.0,21.291906488858938,0.0,KEY
4.875,0.0,32.0,1.0,0.0,2.0,0.0,0.0,24.59142133187246,0.0,KEY
4.0,0.0,16.0,1.0,1.0,2.0,11.0,3.0,16.349851365001356,0.0,IV
4.503524413893479,0.0,64.0,1.0,0.0,2.0,11.0,3.0,27.121880475419925,0.0,PLAINTEXT
5.84375,0.0,64.0,1.0,0.0,2.0,11.0,3.0,35.19321190738503,0.0,CIPHERTEXT
5.0,0.0,32.0,1.0,0.0,2.0,3.0,1.0,25.221970596792268,0.0,KEY
4.875,0.0,32.0,1.0,0.0,2.0,11.0,3.0,24.59142133187246,0.0,KEY
4.0,0.0,16.0,1.0,1.0,2.0,0.0,0.0,16.349851365001356,0.0,KEY
4.0,0.0,16.0,1.0,1.0,2.0,11.0,3.0,16.349851365001356,0.0,IV
4.233862211296895,0.0,64.0,1.0,0.0,2.0,11.0,3.0,25.497875506111896,0.0,PLAINTEXT
5.84375,0.0,64.0,1.0,0.0,2.0,11.0,3.0,35.19321190738503,0.0,CIPHERTEXT
3.875,0.0,16.0,1.0,1.0,2.0,3.0,1.0,15.838918509845064,0.0,KEY
4.0,0.0,16.0,1.0,1.0,2.0,11.0,3.0,16.349851365001356,0.0,KEY
4.334962500721156,0.0,24.0,1.0,1.0,2.0,0.0,0.0,20.130942441415257,0.0,KEY
4.0,0.0,16.0,1.0,1.0,2.0,11.0,3.0,16.349851365001356,0.0,IV
4.380892047769036,0.0,64.0,1.0,0.0,2.0,11.0,3.0,26.383343260836558,0.0,PLAINTEXT
5.675704882778696,0.0,64.0,1.0,0.0,2.0,11.0,3.0,34.18118240229486,0.0,CIPHERTEXT
4.418295834054489,0.0,24.0,1.0,1.0,2.0,3.0,1.0,20.517930457229816,0.0,KEY
4.386842188131011,0.0,24.0,1.0,1.0,2.0,11.0,3.0,20.371864248917092,0.0,KEY
5.0,0.0,32.0,1.0,0.0,2.0,0.0,0.0,25.221970596792268,0.0,KEY
3.875,0.0,16.0,1.0,1.0,2.0,11.0,3.0,15.838918509845064,0.0,IV
4.636587797403417,0.0,64.0,1.0,0.0,2.0,11.0,3.0,27.923237113362834,0.0,PLAINTEXT
5.683364648336088,0.0,64.0,1.0,0.0,2.0,11.0,3.0,34.22731232784304,0.0,CIPHERTEXT
4.9375,0.0,32.0,1.0,0.0,2.0,3.0,1.0,24.906695964332364,0.0,KEY
4.8125,0.0,32.0,1.0,0.0,2.0,11.0,3.0,24.276146699412557,0.0,KEY
4.0,0.0,16.0,1.0,1.0,2.0,0.0,0.0,16.349851365001356,0.0,KEY
4.0,0.0,16.0,1.0,1.0,2.0,11.0,3.0,16.349851365001356,0.0,IV
4.527518266288633,0.0,64.0,1.0,0.0,2.0,11.0,3.0,27.26638027979505,0.0,PLAINTEXT
5.570159765557392,0.0,64.0,1.0,0.0,2.0,11.0,3.0,33.545550885518956,0.0,CIPHERTEXT
3.875,0.0,16.0,1.0,1.0,2.0,3.0,1.0,15.838918509845064,0.0,KEY
3.875,0.0,16.0,1.0,1.0,2.0,11.0,3.0,15.838918509845064,0.0,KEY
4.584962500721156,0.0,24.0,1.0,1.0,2.0,0.0,0.0,21.291906488858938,0.0,KEY
3.875,0.0,16.0,1.0,1.0,2.0,11.0,3.0,15.838918509845064,0.0,IV
4.847678031846025,0.0,64.0,1.0,0.0,2.0,11.0,3.0,29.194500146914624,0.0,PLAINTEXT
5.90625,0.0,64.0,1.0,0.0,2.0,11.0,3.0,35.56960989569931,0.0,CIPHERTEXT
4.501629167387822,0.0,24.0,1.0,1.0,2.0,3.0,1.0,20.904918473044376,0.0,KEY
4.418295834054489,0.0,24.0,1.0,1.0,2.0,11.0,3.0,20.517930457229816,0.0,KEY
4.726409765557392,0.0,32.0,1.0,0.0,2.0,0.0,0.0,23.841873627056074,0.0,KEY
4.0,0.0,16.0,1.0,1.0,2.0,11.0,3.0,16.349851365001356,0.0,IV
4.9117384298164914,0.0,64.0,1.0,0.0,2.0,11.0,3.0,29.58029542574176,0.0,PLAINTEXT
5.875,0.0,64.0,1.0,0.0,2.0,11.0,3.0,35.38141090154217,0.0,CIPHERTEXT
4.8125,0.0,32.0,1.0,0.0,2.0,3.0,1.0,24.276146699412557,0.0,KEY
4.9375,0.0,32.0,1.0,0.0,2.0,11.0,3.0,24.906695964332364,0.0,KEY
4.8125,0.0,32.0,1.0,0.0,2.0,0.0,0.0,24.276146699412557,0.0,KEY
4.0,0.0,16.0,1.0,1.0,2.0,11.0,3.0,16.349851365001356,0.0,IV
4.139162751096862,0.0,64.0,1.0,0.0,2.0,11.0,3.0,24.927560525092048,0.0,PLAINTEXT
5.90625,0.0,64.0,1.0,0.0,2.0,11.0,3.0,35.56960989569931,0.0,CIPHERTEXT
4.875,0.0,32.0,1.0,0.0,2.0,3.0,1.0,24.59142133187246,0.0,KEY
4.9375,0.0,32.0,1.0,0.0,2.0,11.0,3.0,24.906695964332364,0.0,KEY
4.9375,0.0,32.0,1.0,0.0,2.0,0.0,0.0,24.906695964332364,0.0,KEY
3.4182958340544896,0.0,12.0,0.0,1.0,2.0,11.0,3.0,12.649197672691464,0.0,IV
4.751964015923011,0.0,64.0,1.0,0.0,2.0,11.0,3.0,28.618075138164176,0.0,PLAINTEXT
6.11249200111032,0.0,80.0,0.0,0.0,2.0,11.0,3.0,38.75228243087151,0.0,CIPHERTEXT
4.9375,0.0,32.0,1.0,0.0,2.0,3.0,1.0,24.906695964332364,0.0,KEY
4.875,0.0,32.0,1.0,0.0,2.0,11.0,3.0,24.59142133187246,0.0,KEY
4.0,0.0,16.0,1.0,1.0,2.0,0.0,0.0,16.349851365001356,0.0,KEY
3.875,0.0,16.0,1.0,1.0,2.0,11.0,3.0,15.838918509845064,0.0,IV
4.465018266288633,0.0,64.0,1.0,0.0,2.0,11.0,3.0,26.889982291480774,0.0,PLAINTEXT
5.675704882778696,0.0,64.0,1.0,0.0,2.0,11.0,3.0,34.18118240229486,0.0,CIPHERTEXT
4.0,0.0,16.0,1.0,1.0,2.0,3.0,1.0,16.349851365001356,0.0,KEY
4.0,0.0,16.0,1.0,1.0,2.0,11.0,3.0,16.349851365001356,0.0,KEY
4.501629167387822,0.0,24.0,1.0,1.0,2.0,0.0,0.0,20.904918473044376,0.0,KEY
3.875,0.0,16.0,1.0,1.0,2.0,11.0,3.0,15.838918509845064,0.0,IV
4.824044922986874,0.0,64.0,1.0,0.0,2.0,11.0,3.0,29.05217287279948,0.0,PLAINTEXT
5.75,0.0,64.0,1.0,0.0,2.0,11.0,3.0,34.62861492491361,0.0,CIPHERTEXT
4.418295834054489,0.0,24.0,1.0,1.0,2.0,3.0,1.0,20.517930457229816,0.0,KEY
4.501629167387822,0.0,24.0,1.0,1.0,2.0,11.0,3.0,20.904918473044376,0.0,KEY
4.9375,0.0,32.0,1.0,0.0,2.0,0.0,0.0,24.906695964332364,0.0,KEY
4.0,0.0,16.0,1.0,1.0,2.0,11.0,3.0,16.349851365001356,0.0,IV
4.883969969293428,0.0,64.0,1.0,0.0,2.0,11.0,3.0,29.41306354287031,0.0,PLAINTEXT
5.875,0.0,64.0,1.0,0.0,2.0,11.0,3.0,35.38141090154217,0.0,CIPHERTEXT
4.9375,0.0,32.0,1.0,0.0,2.0,3.0,1.0,24.906695964332364,0.0,KEY
4.9375,0.0,32.0,1.0,0.0,2.0,11.0,3.0,24.906695964332364,0.0,KEY
4.9375,0.0,32.0,1.0,0.0,2.0,0.0,0.0,24.906695964332364,0.0,KEY
3.875,0.0,16.0,1.0,1.0,2.0,11.0,3.0,15.838918509845064,0.0,IV
4.499389062229567,0.0,64.0,1.0,0.0,2.0,11.0,3.0,27.096975866663627,0.0,PLAINTEXT
5.769454882778696,0.0,64.0,1.0,0.0,2.0,11.0,3.0,34.74577938476627,0.0,CIPHERTEXT
4.875,0.0,32.0,1.0,0.0,2.0,3.0,1.0,24.59142133187246,0.0,KEY
4.8125,0.0,32.0,1.0,0.0,2.0,11.0,3.0,24.276146699412557,0.0,KEY
5.0,0.0,32.0,1.0,0.0,2.0,0.0,0.0,25.221970596792268,0.0,KEY
3.4182958340544896,0.0,12.0,0.0,1.0,2.0,11.0,3.0,12.649197672691464,0.0,IV
4.507048827786958,0.0,64.0,1.0,0.0,2.0,11.0,3.0,27.143105792211802,0.0,PLAINTEXT
5.75,0.0,64.0,1.0,0.0,2.0,11.0,3.0,34.62861492491361,0.0,CIPHERTEXT
5.0,0.0,32.0,1.0,0.0,2.0,3.0,1.0,25.221970596792268,0.0,KEY
4.875,0.0,32.0,1.0,0.0,2.0,11.0,3.0,24.59142133187246,0.0,KEY
3.875,0.0,16.0,1.0,1.0,2.0,0.0,0.0,15.838918509845064,0.0,KEY
4.0,0.0,16.0,1.0,1.0,2.0,11.0,3.0,16.349851365001356,0.0,IV
4.319723574056651,0.0,64.0,1.0,0.0,2.0,11.0,3.0,26.01496421357901,0.0,PLAINTEXT
5.738204882778696,0.0,64.0,1.0,0.0,2.0,11.0,3.0,34.55758039060913,0.0,CIPHERTEXT
4.0,0.0,16.0,1.0,1.0,2.0,3.0,1.0,16.349851365001356,0.0,KEY
4.0,0.0,16.0,1.0,1.0,2.0,11.0,3.0,16.349851365001356,0.0,KEY
4.501629167387822,0.0,24.0,1.0,1.0,2.0,0.0,0.0,20.904918473044376,0.0,KEY
4.0,0.0,16.0,1.0,1.0,2.0,11.0,3.0,16.349851365001356,0.0,IV
4.262494383186907,0.0,64.0,1.0,0.0,2.0,11.0,3.0,25.670308976519404,0.0,PLAINTEXT
5.675704882778696,0.0,64.0,1.0,0.0,2.0,11.0,3.0,34.18118240229486,0.0,CIPHERTEXT
4.584962500721156,0.0,24.0,1.0,1.0,2.0,3.0,1.0,21.291906488858938,0.0,KEY
4.584962500721156,0.0,24.0,1.0,1.0,2.0,11.0,3.0,21.291906488858938,0.0,KEY
4.8125,0.0,32.0,1.0,0.0,2.0,0.0,0.0,24.276146699412557,0.0,KEY
3.875,0.0,16.0,1.0,1.0,2.0,11.0,3.0,15.838918509845064,0.0,IV
4.7242384298164914,0.0,64.0,1.0,0.0,2.0,11.0,3.0,28.451101460798924,0.0,PLAINTEXT
5.769454882778696,0.0,64.0,1.0,0.0,2.0,11.0,3.0,34.74577938476627,0.0,CIPHERTEXT
4.9375,0.0,32.0,1.0,0.0,2.0,3.0,1.0,24.906695964332364,0.0,KEY
5.0,0.0,32.0,1.0,0.0,2.0,11.0,3.0,25.221970596792268,0.0,KEY
4.0,0.0,16.0,1.0,1.0,2.0,0.0,0.0,16.349851365001356,0.0,KEY
4.0,0.0,16.0,1.0,1.0,2.0,11.0,3.0,16.349851365001356,0.0,IV
4.765723149067329,0.0,64.0,1.0,0.0,2.0,11.0,3.0,28.700937698747687,0.0,PLAINTEXT
5.84375,0.0,64.0,1.0,0.0,2.0,11.0,3.0,35.19321190738503,0.0,CIPHERTEXT
4.0,0.0,16.0,1.0,1.0,2.0,3.0,1.0,16.349851365001356,0.0,KEY
3.875,0.0,16.0,1.0,1.0,2.0,11.0,3.0,15.838918509845064,0.0,KEY
4.501629167387822,0.0,24.0,1.0,1.0,2.0,0.0,0.0,20.904918473044376,0.0,KEY
3.875,0.0,16.0,1.0,1.0,2.0,11.0,3.0,15.838918509845064,0.0,IV
4.329783547037795,0.0,64.0,1.0,0.0,2.0,11.0,3.0,26.075549071060593,0.0,PLAINTEXT
5.644454882778696,0.0,64.0,1.0,0.0,2.0,11.0,3.0,33.99298340813772,0.0,CIPHERTEXT
4.584962500721156,0.0,24.0,1.0,1.0,2.0,3.0,1.0,21.291906488858938,0.0,KEY
4.501629167387822,0.0,24.0,1.0,1.0,2.0,11.0,3.0,20.904918473044376,0.0,KEY
4.6875,0.0,32.0,1.0,0.0,2.0,0.0,0.0,23.64559743449275,0.0,KEY
4.0,0.0,16.0,1.0,1.0,2.0,11.0,3.0,16.349851365001356,0.0,IV
4.8374433125951875,0.0,64.0,1.0,0.0,2.0,11.0,3.0,29.132862903123,0.0,PLAINTEXT
5.78125,0.0,64.0,1.0,0.0,2.0,11.0,3.0,34.81681391907075,0.0,CIPHERTEXT
4.8125,0.0,32.0,1.0,0.0,2.0,3.0,1.0,24.276146699412557,0.0,KEY
5.0,0.0,32.0,1.0,0.0,2.0,11.0,3.0,25.221970596792268,0.0,KEY
3.875,0.0,16.0,1.0,1.0,2.0,0.0,0.0,15.838918509845064,0.0,KEY
3.875,0.0,16.0,1.0,1.0,2.0,11.0,3.0,15.838918509845064,0.0,IV
4.535178031846025,0.0,64.0,1.0,0.0,2.0,11.0,3.0,27.312510205343234,0.0,PLAINTEXT
5.84375,0.0,64.0,1.0,0.0,2.0,11.0,3.0,35.19321190738503,0.0,CIPHERTEXT
3.75,0.0,16.0,1.0,1.0,2.0,3.0,1.0,15.32798565468877,0.0,KEY
4.0,0.0,16.0,1.0,1.0,2.0,11.0,3.0,16.349851365001356,0.0,KEY
4.501629167387822,0.0,24.0,1.0,1.0,2.0,0.0,0.0,20.904918473044376,0.0,KEY
3.625,0.0,16.0,1.0,1.0,2.0,11.0,3.0,14.81705279953248,0.0,IV
4.859473149067329,0.0,64.0,1.0,0.0,2.0,11.0,3.0,29.265534681219105,0.0,PLAINTEXT
5.738204882778696,0.0,64.0,1.0,0.0,2.0,11.0,3.0,34.55758039060913,0.0,CIPHERTEXT
4.584962500721156,0.0,24.0,1.0,1.0,2.0,3.0,1.0,21.291906488858938,0.0,KEY
4.501629167387822,0.0,24.0,1.0,1.0,2.0,11.0,3.0,20.904918473044376,0.0,KEY
4.9375,0.0,32.0,1.0,0.0,2.0,0.0,0.0,24.906695964332364,0.0,KEY
3.875,0.0,16.0,1.0,1.0,2.0,11.0,3.0,15.838918509845064,0.0,IV
4.572123781480403,0.0,64.0,1.0,0.0,2.0,11.0,3.0,27.535011098769523,0.0,PLAINTEXT
5.90625,0.0,64.0,1.0,0.0,2.0,11.0,3.0,35.56960989569931,0.0,CIPHERTEXT
4.726409765557392,0.0,32.0,1.0,0.0,2.0,3.0,1.0,23.841873627056074,0.0,KEY
4.788909765557392,0.0,32.0,1.0,0.0,2.0,11.0,3.0,24.157148259515978,0.0,KEY
4.8125,0.0,32.0,1.0,0.0,2.0,0.0,0.0,24.276146699412557,0.0,KEY
4.0,0.0,16.0,1.0,1.0,2.0,11.0,3.0,16.349851365001356,0.0,IV
4.306712830588678,0.0,64.0,1.0,0.0,2.0,11.0,3.0,25.93660873089392,0.0,PLAINTEXT
5.695159765557392,0.0,64.0,1.0,0.0,2.0,11.0,3.0,34.29834686214752,0.0,CIPHERTEXT
5.0,0.0,32.0,1.0,0.0,2.0,3.0,1.0,25.221970596792268,0.0,KEY
4.9375,0.0,32.0,1.0,0.0,2.0,11.0,3.0,24.906695964332364,0.0,KEY
4.875,0.0,32.0,1.0,0.0,2.0,0.0,0.0,24.59142133187246,0.0,KEY
3.584962500721156,0.0,12.0,0.0,1.0,2.0,11.0,3.0,13.26593762571498,0.0,IV
4.339407328518199,0.0,64.0,1.0,0.0,2.0,11.0,3.0,26.133507022887795,0.0,PLAINTEXT
5.993619813556233,0.0,80.0,0.0,0.0,2.0,11.0,3.0,37.99865059226382,0.0,CIPHERTEXT
4.8125,0.0,32.0,1.0,0.0,2.0,3.0,1.0,24.276146699412557,0.0,KEY
4.9375,0.0,32.0,1.0,0.0,2.0,11.0,3.0,24.906695964332364,0.0,KEY
3.875,0.0,16.0,1.0,1.0,2.0,0.0,0.0,15.838918509845064,0.0,KEY
4.0,0.0,16.0,1.0,1.0,2.0,11.0,3.0,16.349851365001356,0.0,IV
4.355337797403417,0.0,64.0,1.0,0.0,2.0,11.0,3.0,26.22944616594858,0.0,PLAINTEXT
5.695159765557392,0.0,64.0,1.0,0.0,2.0,11.0,3.0,34.29834686214752,0.0,CIPHERTEXT
3.875,0.0,16.0,1.0,1.0,2.0,3.0,1.0,15.838918509845064,0.0,KEY
4.0,0.0,16.0,1.0,1.0,2.0,11.0,3.0,16.349851365001356,0.0,KEY
4.501629167387822,0.0,24.0,1.0,1.0,2.0,0.0,0.0,20.904918473044376,0.0,KEY
4.0,0.0,16.0,1.0,1.0,2.0,11.0,3.0,16.349851365001356,0.0,IV
4.470463821688583,0.0,64.0,1.0,0.0,2.0,11.0,3.0,26.922777429045496,0.0,PLAINTEXT
5.695159765557392,0.0,64.0,1.0,0.0,2.0,11.0,3.0,34.29834686214752,0.0,CIPHERTEXT
4.501629167387822,0.0,24.0,1.0,1.0,2.0,3.0,1.0,20.904918473044376,0.0,KEY
4.501629167387822,0.0,24.0,1.0,1.0,2.0,11.0,3.0,20.904918473044376,0.0,KEY
4.8125,0.0,32.0,1.0,0.0,2.0,0.0,0.0,24.276146699412557,0.0,KEY
4.0,0.0,16.0,1.0,1.0,2.0,11.0,3.0,16.349851365001356,0.0,IV
4.685732282211645,0.0,64.0,1.0,0.0,2.0,11.0,3.0,28.219203276859773,0.0,PLAINTEXT
5.738204882778696,0.0,64.0,1.0,0.0,2.0,11.0,3.0,34.55758039060913,0.0,CIPHERTEXT
4.8125,0.0,32.0,1.0,0.0,2.0,3.0,1.0,24.276146699412557,0.0,KEY
4.6875,0.0,32.0,1.0,0.0,2.0,11.0,3.0,23.64559743449275,0.0,KEY
4.9375,0.0,32.0,1.0,0.0,2.0,0.0,0.0,24.906695964332364,0.0,KEY
3.875,0.0,16.0,1.0,1.0,2.0,11.0,3.0,15.838918509845064,0.0,IV
4.602719969293428,0.0,64.0,1.0,0.0,2.0,11.0,3.0,27.719272595456058,0.0,PLAINTEXT
5.8125,0.0,64.0,1.0,0.0,2.0,11.0,3.0,35.005012913227894,0.0,CIPHERTEXT
4.6875,0.0,32.0,1.0,0.0,2.0,3.0,1.0,23.64559743449275,0.0,KEY
4.875,0.0,32.0,1.0,0.0,2.0,11.0,3.0,24.59142133187246,0.0,KEY
4.8125,0.0,32.0,1.0,0.0,2.0,0.0,0.0,24.276146699412557,0.0,KEY
3.4182958340544896,0.0,12.0,0.0,1.0,2.0,11.0,3.0,12.649197672691464,0.0,IV
4.734473149067329,0.0,64.0,1.0,0.0,2.0,11.0,3.0,28.512738704590546,0.0,PLAINTEXT
5.78125,0.0,64.0,1.0,0.0,2.0,11.0,3.0,34.81681391907075,0.0,CIPHERTEXT
4.875,0.0,32.0,1.0,0.0,2.0,3.0,1.0,24.59142133187246,0.0,KEY
4.875,0.0,32.0,1.0,0.0,2.0,11.0,3.0,24.59142133187246,0.0,KEY
4.0,0.0,16.0,1.0,1.0,2.0,0.0,0.0,16.349851365001356,0.0,KEY
4.0,0.0,16.0,1.0,1.0,2.0,11.0,3.0,16.349851365001356,0.0,IV
4.847678031846025,0.0,64.0,1.0,0.0,2.0,11.0,3.0,29.194500146914624,0.0,PLAINTEXT
5.84375,0.0,64.0,1.0,0.0,2.0,11.0,3.0,35.19321190738503,0.0,CIPHERTEXT
4.0,0.0,16.0,1.0,1.0,2.0,3.0,1.0,16.349851365001356,0.0,KEY
4.0,0.0,16.0,1.0,1.0,2.0,11.0,3.0,16.349851365001356,0.0,KEY
4.303508854797678,0.0,24.0,1.0,1.0,2.0,0.0,0.0,19.984876233102533,0.0,KEY
3.875,0.0,16.0,1.0,1.0,2.0,11.0,3.0,15.838918509845064,0.0,IV
4.784524219659049,0.0,64.0,1.0,0.0,2.0,11.0,3.0,28.81416466112974,0.0,PLAINTEXT
5.613204882778696,0.0,64.0,1.0,0.0,2.0,11.0,3.0,33.80478441398058,0.0,CIPHERTEXT
4.584962500721156,0.0,24.0,1.0,1.0,2.0,3.0,1.0,21.291906488858938,0.0,KEY
4.334962500721156,0.0,24.0,1.0,1.0,2.0,11.0,3.0,20.130942441415257,0.0,KEY
4.8125,0.0,32.0,1.0,0.0,2.0,0.0,0.0,24.276146699412557,0.0,KEY
4.0,0.0,16.0,1.0,1.0,2.0,11.0,3.0,16.349851365001356,0.0,IV
4.578223149067329,0.0,64.0,1.0,0.0,2.0,11.0,3.0,27.57174373380485,0.0,PLAINTEXT
5.6875,0.0,64.0,1.0,0.0,2.0,11.0,3.0,34.25221693659933,0.0,CIPHERTEXT
4.875,0.0,32.0,1.0,0.0,2.0,3.0,1.0,24.59142133187246,0.0,KEY
4.9375,0.0,32.0,1.0,0.0,2.0,11.0,3.0,24.906695964332364,0.0,KEY
3.875,0.0,16.0,1.0,1.0,2.0,0.0,0.0,15.838918509845064,0.0,KEY
4.0,0.0,16.0,1.0,1.0,2.0,11.0,3.0,16.349851365001356,0.0,IV
4.82368417945087,0.0,64.0,1.0,0.0,2.0,11.0,3.0,29.05000034253949,0.0,PLAINTEXT
5.769454882778696,0.0,64.0,1.0,0.0,2.0,11.0,3.0,34.74577938476627,0.0,CIPHERTEXT
4.0,0.0,16.0,1.0,1.0,2.0,3.0,1.0,16.349851365001356,0.0,KEY
4.0,0.0,16.0,1.0,1.0,2.0,11.0,3.0,16.349851365001356,0.0,KEY
4.584962500721156,0.0,24.0,1.0,1.0,2.0,0.0,0.0,21.291906488858938,0.0,KEY
3.875,0.0,16.0,1.0,1.0,2.0,11.0,3.0,15.838918509845064,0.0,IV
4.444909571322962,0.0,64.0,1.0,0.0,2.0,11.0,3.0,26.76888033415751,0.0,PLAINTEXT
5.675704882778696,0.0,64.0,1.0,0.0,2.0,11.0,3.0,34.18118240229486,0.0,CIPHERTEXT
4.501629167387822,0.0,24.0,1.0,1.0,2.0,3.0,1.0,20.904918473044376,0.0,KEY
4.501629167387822,0.0,24.0,1.0,1.0,2.0,11.0,3.0,20.904918473044376,0.0,KEY
4.9375,0.0,32.0,1.0,0.0,2.0,0.0,0.0,24.906695964332364,0.0,KEY
3.702819531114783,0.0,16.0,1.0,1.0,2.0,11.0,3.0,15.13513724128768,0.0,IV
4.556193312595187,0.0,64.0,1.0,0.0,2.0,11.0,3.0,27.439071955708744,0.0,PLAINTEXT
5.71875,0.0,64.0,1.0,0.0,2.0,11.0,3.0,34.44041593075647,0.0,CIPHERTEXT
4.8125,0.0,32.0,1.0,0.0,2.0,3.0,1.0,24.276146699412557,0.0,KEY
4.601409765557392,0.0,32.0,1.0,0.0,2.0,11.0,3.0,23.211324362136267,0.0,KEY
3.875,0.0,16.0,1.0,1.0,2.0,0.0,0.0,15.838918509845064,0.0,KEY
3.875,0.0,16.0,1.0,1.0,2.0,11.0,3.0,15.838918509845064,0.0,IV
5.021418898701707,0.0,64.0,1.0,0.0,2.0,11.0,3.0,30.240831551273953,0.0,PLAINTEXT
5.84375,0.0,64.0,1.0,0.0,2.0,11.0,3.0,35.19321190738503,0.0,CIPHERTEXT
4.0,0.0,16.0,1.0,1.0,2.0,3.0,1.0,16.349851365001356,0.0,KEY
4.0,0.0,16.0,1.0,1.0,2.0,11.0,3.0,16.349851365001356,0.0,KEY
4.418295834054489,0.0,24.0,1.0,1.0,2.0,0.0,0.0,20.517930457229816,0.0,KEY
3.875,0.0,16.0,1.0,1.0,2.0,11.0,3.0,15.838918509845064,0.0,IV
4.800454688544265,0.0,64.0,1.0,0.0,2.0,11.0,3.0,28.910103804190516,0.0,PLAINTEXT
5.8125,0.0,64.0,1.0,0.0,2.0,11.0,3.0,35.005012913227894,0.0,CIPHERTEXT
4.501629167387822,0.0,24.0,1.0,1.0,2.0,3.0,1.0,20.904918473044376,0.0,KEY
4.584962500721156,0.0,24.0,1.0,1.0,2.0,11.0,3.0,21.291906488858938,0.0,KEY
4.875,0.0,32.0,1.0,0.0,2.0,0.0,0.0,24.59142133187246,0.0,KEY
4.0,0.0,16.0,1.0,1.0,2.0,11.0,3.0,16.349851365001356,0.0,IV
4.911738429816491,0.0,64.0,1.0,0.0,2.0,11.0,3.0,29.580295425741753,0.0,PLAINTEXT
5.84375,0.0,64.0,1.0,0.0,2.0,11.0,3.0,35.19321190738503,0.0,CIPHERTEXT
5.0,0.0,32.0,1.0,0.0,2.0,3.0,1.0,25.221970596792268,0.0,KEY
4.9375,0.0,32.0,1.0,0.0,2.0,11.0,3.0,24.906695964332364,0.0,KEY
4.9375,0.0,32.0,1.0,0.0,2.0,0.0,0.0,24.906695964332364,0.0,KEY
3.75,0.0,16.0,1.0,1.0,2.0,11.0,3.0,15.32798565468877,0.0,IV
4.763759133144316,0.0,64.0,1.0,0.0,2.0,11.0,3.0,28.68910967246866,0.0,PLAINTEXT
5.71875,0.0,64.0,1.0,0.0,2.0,11.0,3.0,34.44041593075647,0.0,CIPHERTEXT
4.726409765557392,0.0,32.0,1.0,0.0,2.0,3.0,1.0,23.841873627056074,0.0,KEY
4.8125,0.0,32.0,1.0,0.0,2.0,11.0,3.0,24.276146699412557,0.0,KEY
4.9375,0.0,32.0,1.0,0.0,2.0,0.0,0.0,24.906695964332364,0.0,KEY
3.584962500721156,0.0,12.0,0.0,1.0,2.0,11.0,3.0,13.26593762571498,0.0,IV
4.945159765557392,0.0,64.0,1.0,0.0,2.0,11.0,3.0,29.781571002376175,0.0,PLAINTEXT
5.962492001110319,0.0,80.0,0.0,0.0,2.0,11.0,3.0,37.8013049304388,0.0,CIPHERTEXT
4.9375,0.0,32.0,1.0,0.0,2.0,3.0,1.0,24.906695964332364,0.0,KEY
4.9375,0.0,32.0,1.0,0.0,2.0,11.0,3.0,24.906695964332364,0.0,KEY
4.0,0.0,16.0,1.0,1.0,2.0,0.0,0.0,16.349851365001356,0.0,KEY
4.0,0.0,16.0,1.0,1.0,2.0,11.0,3.0,16.349851365001356,0.0,IV
4.241479102437745,0.0,64.0,1.0,0.0,2.0,11.0,3.0,25.543747226153897,0.0,PLAINTEXT
5.875,0.0,64.0,1.0,0.0,2.0,11.0,3.0,35.38141090154217,0.0,CIPHERTEXT
3.875,0.0,16.0,1.0,1.0,2.0,3.0,1.0,15.838918509845064,0.0,KEY
3.875,0.0,16.0,1.0,1.0,2.0,11.0,3.0,15.838918509845064,0.0,KEY
4.584962500721156,0.0,24.0,1.0,1.0,2.0,0.0,0.0,21.291906488858938,0.0,KEY
4.0,0.0,16.0,1.0,1.0,2.0,11.0,3.0,16.349851365001356,0.0,IV
4.4936933125951875,0.0,64.0,1.0,0.0,2.0,11.0,3.0,27.06267396739447,0.0,PLAINTEXT
5.8125,0.0,64.0,1.0,0.0,2.0,11.0,3.0,35.005012913227894,0.0,CIPHERTEXT
4.418295834054489,0.0,24.0,1.0,1.0,2.0,3.0,1.0,20.517930457229816,0.0,KEY
4.501629167387822,0.0,24.0,1.0,1.0,2.0,11.0,3.0,20.904918473044376,0.0,KEY
4.875,0.0,32.0,1.0,0.0,2.0,0.0,0.0,24.59142133187246,0.0,KEY
3.875,0.0,16.0,1.0,1.0,2.0,11.0,3.0,15.838918509845064,0.0,IV
4.597024219659049,0.0,64.0,1.0,0.0,2.0,11.0,3.0,27.684970696186905,0.0,PLAINTEXT
5.800704882778696,0.0,64.0,1.0,0.0,2.0,11.0,3.0,34.93397837892341,0.0,CIPHERTEXT
4.875,0.0,32.0,1.0,0.0,2.0,3.0,1.0,24.59142133187246,0.0,KEY
5.0,0.0,32.0,1.0,0.0,2.0,11.0,3.0,25.221970596792268,0.0,KEY
4.9375,0.0,32.0,1.0,0.0,2.0,0.0,0.0,24.906695964332364,0.0,KEY
3.875,0.0,16.0,1.0,1.0,2.0,11.0,3.0,15.838918509845064,0.0,IV
4.734473149067329,0.0,64.0,1.0,0.0,2.0,11.0,3.0,28.512738704590546,0.0,PLAINTEXT
5.8125,0.0,64.0,1.0,0.0,2.0,11.0,3.0,35.005012913227894,0.0,CIPHERTEXT
4.663909765557392,0.0,32.0,1.0,0.0,2.0,3.0,1.0,23.52659899459617,0.0,KEY
4.9375,0.0,32.0,1.0,0.0,2.0,11.0,3.0,24.906695964332364,0.0,KEY
5.0,0.0,32.0,1.0,0.0,2.0,0.0,0.0,25.221970596792268,0.0,KEY
3.584962500721156,0.0,12.0,0.0,1.0,2.0,11.0,3.0,13.26593762571498,0.0,IV
4.72419555539995,0.0,64.0,1.0,0.0,2.0,11.0,3.0,28.450843255292742,0.0,PLAINTEXT
5.695159765557392,0.0,64.0,1.0,0.0,2.0,11.0,3.0,34.29834686214752,0.0,CIPHERTEXT
4.875,0.0,32.0,1.0,0.0,2.0,3.0,1.0,24.59142133187246,0.0,KEY
4.75,0.0,32.0,1.0,0.0,2.0,11.0,3.0,23.960872066952653,0.0,KEY
4.0,0.0,16.0,1.0,1.0,2.0,0.0,0.0,16.349851365001356,0.0,KEY
3.875,0.0,16.0,1.0,1.0,2.0,11.0,3.0,15.838918509845064,0.0,IV
4.361437164990341,0.0,64.0,1.0,0.0,2.0,11.0,3.0,26.2661788009839,0.0,PLAINTEXT
5.6875,0.0,64.0,1.0,0.0,2.0,11.0,3.0,34.25221693659933,0.0,CIPHERTEXT
3.875,0.0,16.0,1.0,1.0,2.0,3.0,1.0,15.838918509845064,0.0,KEY
3.875,0.0,16.0,1.0,1.0,2.0,11.0,3.0,15.838918509845064,0.0,KEY
4.584962500721156,0.0,24.0,1.0,1.0,2.0,0.0,0.0,21.291906488858938,0.0,KEY
4.0,0.0,16.0,1.0,1.0,2.0,11.0,3.0,16.349851365001356,0.0,IV
4.97419555539995,0.0,64.0,1.0,0.0,2.0,11.0,3.0,29.956435208549856,0.0,PLAINTEXT
5.8125,0.0,64.0,1.0,0.0,2.0,11.0,3.0,35.005012913227894,0.0,CIPHERTEXT
4.501629167387822,0.0,24.0,1.0,1.0,2.0,3.0,1.0,20.904918473044376,0.0,KEY
4.501629167387822,0.0,24.0,1.0,1.0,2.0,11.0,3.0,20.904918473044376,0.0,KEY
4.9375,0.0,32.0,1.0,0.0,2.0,0.0,0.0,24.906695964332364,0.0,KEY
4.0,0.0,16.0,1.0,1.0,2.0,11.0,3.0,16.349851365001356,0.0,IV
4.647729102437745,0.0,64.0,1.0,0.0,2.0,11.0,3.0,27.990334150196706,0.0,PLAINTEXT
5.706954882778696,0.0,64.0,1.0,0.0,2.0,11.0,3.0,34.36938139645199,0.0,CIPHERTEXT
4.875,0.0,32.0,1.0,0.0,2.0,3.0,1.0,24.59142133187246,0.0,KEY
5.0,0.0,32.0,1.0,0.0,2.0,11.0,3.0,25.221970596792268,0.0,KEY
4.0,0.0,16.0,1.0,1.0,2.0,0.0,0.0,16.349851365001356,0.0,KEY
3.875,0.0,16.0,1.0,1.0,2.0,11.0,3.0,15.838918509845064,0.0,IV
4.341328470024671,0.0,64.0,1.0,0.0,2.0,11.0,3.0,26.14507684366064,0.0,PLAINTEXT
5.769454882778696,0.0,64.0,1.0,0.0,2.0,11.0,3.0,34.74577938476627,0.0,CIPHERTEXT
4.0,0.0,16.0,1.0,1.0,2.0,3.0,1.0,16.349851365001356,0.0,KEY
4.0,0.0,16.0,1.0,1.0,2.0,11.0,3.0,16.349851365001356,0.0,KEY
4.584962500721156,0.0,24.0,1.0,1.0,2.0,0.0,0.0,21.291906488858938,0.0,KEY
4.0,0.0,16.0,1.0,1.0,2.0,11.0,3.0,16.349851365001356,0.0,IV
4.589364454101657,0.0,64.0,1.0,0.0,2.0,11.0,3.0,27.638840770638726,0.0,PLAINTEXT
5.78125,0.0,64.0,1.0,0.0,2.0,11.0,3.0,34.81681391907075,0.0,CIPHERTEXT
4.584962500721156,0.0,24.0,1.0,1.0,2.0,3.0,1.0,21.291906488858938,0.0,KEY
4.303508854797678,0.0,24.0,1.0,1.0,2.0,11.0,3.0,19.984876233102533,0.0,KEY
4.8125,0.0,32.0,1.0,0.0,2.0,0.0,0.0,24.276146699412557,0.0,KEY
4.0,0.0,16.0,1.0,1.0,2.0,11.0,3.0,16.349851365001356,0.0,IV
4.326662751096862,0.0,64.0,1.0,0.0,2.0,11.0,3.0,26.056754490034884,0.0,PLAINTEXT
5.875,0.0,64.0,1.0,0.0,2.0,11.0,3.0,35.38141090154217,0.0,CIPHERTEXT
4.875,0.0,32.0,1.0,0.0,2.0,3.0,1.0,24.59142133187246,0.0,KEY
4.875,0.0,32.0,1.0,0.0,2.0,11.0,3.0,24.59142133187246,0.0,KEY
4.0,0.0,16.0,1.0,1.0,2.0,0.0,0.0,16.349851365001356,0.0,KEY
3.75,0.0,16.0,1.0,1.0,2.0,11.0,3.0,15.32798565468877,0.0,IV
5.140319531114783,0.0,64.0,1.0,0.0,2.0,11.0,3.0,30.956894892867187,0.0,PLAINTEXT
5.769454882778696,0.0,64.0,1.0,0.0,2.0,11.0,3.0,34.74577938476627,0.0,CIPHERTEXT
3.75,0.0,16.0,1.0,1.0,2.0,3.0,1.0,15.32798565468877,0.0,KEY
4.0,0.0,16.0,1.0,1.0,2.0,11.0,3.0,16.349851365001356,0.0,KEY
4.501629167387822,0.0,24.0,1.0,1.0,2.0,0.0,0.0,20.904918473044376,0.0,KEY
3.875,0.0,16.0,1.0,1.0,2.0,11.0,3.0,15.838918509845064,0.0,IV
4.701662751096862,0.0,64.0,1.0,0.0,2.0,11.0,3.0,28.315142419920555,0.0,PLAINTEXT
5.831954882778696,0.0,64.0,1.0,0.0,2.0,11.0,3.0,35.122177373080554,0.0,CIPHERTEXT
4.584962500721156,0.0,24.0,1.0,1.0,2.0,3.0,1.0,21.291906488858938,0.0,KEY
4.501629167387822,0.0,24.0,1.0,1.0,2.0,11.0,3.0,20.904918473044376,0.0,KEY
4.875,0.0,32.0,1.0,0.0,2.0,0.0,0.0,24.59142133187246,0.0,KEY
4.0,0.0,16.0,1.0,1.0,2.0,11.0,3.0,16.349851365001356,0.0,IV
4.40581380849926,0.0,64.0,1.0,0.0,2.0,11.0,3.0,26.533431270502252,0.0,PLAINTEXT
5.675704882778696,0.0,64.0,1.0,0.0,2.0,11.0,3.0,34.18118240229486,0.0,CIPHERTEXT
4.75,0.0,32.0,1.0,0.0,2.0,3.0,1.0,23.960872066952653,0.0,KEY
4.875,0.0,32.0,1.0,0.0,2.0,11.0,3.0,24.59142133187246,0.0,KEY
4.9375,0.0,32.0,1.0,0.0,2.0,0.0,0.0,24.906695964332364,0.0,KEY
4.0,0.0,16.0,1.0,1.0,2.0,11.0,3.0,16.349851365001356,0.0,IV
4.727719969293428,0.0,64.0,1.0,0.0,2.0,11.0,3.0,28.472068572084616,0.0,PLAINTEXT
5.71875,0.0,64.0,1.0,0.0,2.0,11.0,3.0,34.44041593075647,0.0,CIPHERTEXT
4.75,0.0,32.0,1.0,0.0,2.0,3.0,1.0,23.960872066952653,0.0,KEY
4.8125,0.0,32.0,1.0,0.0,2.0,11.0,3.0,24.276146699412557,0.0,KEY
4.875,0.0,32.0,1.0,0.0,2.0,0.0,0.0,24.59142133187246,0.0,KEY
3.584962500721156,0.0,12.0,0.0,1.0,2.0,11.0,3.0,13.26593762571498,0.0,IV
4.626964015923012,0.0,64.0,1.0,0.0,2.0,11.0,3.0,27.865279161535625,0.0,PLAINTEXT
5.996928094887363,0.0,80.0,0.0,0.0,2.0,11.0,3.0,38.019624599670536,0.0,CIPHERTEXT
4.875,0.0,32.0,1.0,0.0,2.0,3.0,1.0,24.59142133187246,0.0,KEY
4.9375,0.0,32.0,1.0,0.0,2.0,11.0,3.0,24.906695964332364,0.0,KEY
3.875,0.0,16.0,1.0,1.0,2.0,0.0,0.0,15.838918509845064,0.0,KEY
4.0,0.0,16.0,1.0,1.0,2.0,11.0,3.0,16.349851365001356,0.0,IV
4.779078664259099,0.0,64.0,1.0,0.0,2.0,11.0,3.0,28.78136952356502,0.0,PLAINTEXT
5.75,0.0,64.0,1.0,0.0,2.0,11.0,3.0,34.62861492491361,0.0,CIPHERTEXT
3.75,0.0,16.0,1.0,1.0,2.0,3.0,1.0,15.32798565468877,0.0,KEY
3.875,0.0,16.0,1.0,1.0,2.0,11.0,3.0,15.838918509845064,0.0,KEY
4.334962500721156,0.0,24.0,1.0,1.0,2.0,0.0,0.0,20.130942441415257,0.0,KEY
3.875,0.0,16.0,1.0,1.0,2.0,11.0,3.0,15.838918509845064,0.0,IV
4.444909571322961,0.0,64.0,1.0,0.0,2.0,11.0,3.0,26.768880334157508,0.0,PLAINTEXT
5.78125,0.0,64.0,1.0,0.0,2.0,11.0,3.0,34.81681391907075,0.0,CIPHERTEXT
4.334962500721156,0.0,24.0,1.0,1.0,2.0,3.0,1.0,20.130942441415257,0.0,KEY
4.584962500721156,0.0,24.0,1.0,1.0,2.0,11.0,3.0,21.291906488858938,0.0,KEY
5.0,0.0,32.0,1.0,0.0,2.0,0.0,0.0,25.221970596792268,0.0,KEY
4.0,0.0,16.0,1.0,1.0,2.0,11.0,3.0,16.349851365001356,0.0,IV
4.491479102437745,0.0,64.0,1.0,0.0,2.0,11.0,3.0,27.04933917941101,0.0,PLAINTEXT
5.90625,0.0,64.0,1.0,0.0,2.0,11.0,3.0,35.56960989569931,0.0,CIPHERTEXT
4.875,0.0,32.0,1.0,0.0,2.0,3.0,1.0,24.59142133187246,0.0,KEY
5.0,0.0,32.0,1.0,0.0,2.0,11.0,3.0,25.221970596792268,0.0,KEY
4.9375,0.0,32.0,1.0,0.0,2.0,0.0,0.0,24.906695964332364,0.0,KEY
4.0,0.0,16.0,1.0,1.0,2.0,11.0,3.0,16.349851365001356,0.0,IV
4.304632914624721,0.0,64.0,1.0,0.0,2.0,11.0,3.0,25.92408271193878,0.0,PLAINTEXT
5.8125,0.0,64.0,1.0,0.0,2.0,11.0,3.0,35.005012913227894,0.0,CIPHERTEXT
4.9375,0.0,32.0,1.0,0.0,2.0,3.0,1.0,24.906695964332364,0.0,KEY
5.0,0.0,32.0,1.0,0.0,2.0,11.0,3.0,25.221970596792268,0.0,KEY
4.875,0.0,32.0,1.0,0.0,2.0,0.0,0.0,24.59142133187246,0.0,KEY
3.584962500721156,0.0,12.0,0.0,1.0,2.0,11.0,3.0,13.26593762571498,0.0,IV
4.907560203736037,0.0,64.0,1.0,0.0,2.0,11.0,3.0,29.555132611479273,0.0,PLAINTEXT
5.6875,0.0,64.0,1.0,0.0,2.0,11.0,3.0,34.25221693659933,0.0,CIPHERTEXT
4.9375,0.0,32.0,1.0,0.0,2.0,3.0,1.0,24.906695964332364,0.0,KEY
4.875,0.0,32.0,1.0,0.0,2.0,11.0,3.0,24.59142133187246,0.0,KEY
4.0,0.0,16.0,1.0,1.0,2.0,0.0,0.0,16.349851365001356,0.0,KEY
4.0,0.0,16.0,1.0,1.0,2.0,11.0,3.0,16.349851365001356,0.0,IV
4.402921884241178,0.0,64.0,1.0,0.0,2.0,11.0,3.0,26.516015038932665,0.0,PLAINTEXT
5.800704882778696,0.0,64.0,1.0,0.0,2.0,11.0,3.0,34.93397837892341,0.0,CIPHERTEXT
4.0,0.0,16.0,1.0,1.0,2.0,3.0,1.0,16.349851365001356,0.0,KEY
3.875,0.0,16.0,1.0,1.0,2.0,11.0,3.0,15.838918509845064,0.0,KEY
4.584962500721156,0.0,24.0,1.0,1.0,2.0,0.0,0.0,21.291906488858938,0.0,KEY
3.875,0.0,16.0,1.0,1.0,2.0,11.0,3.0,15.838918509845064,0.0,IV
4.896418898701707,0.0,64.0,1.0,0.0,2.0,11.0,3.0,29.488035574645394,0.0,PLAINTEXT
5.675704882778696,0.0,64.0,1.0,0.0,2.0,11.0,3.0,34.18118240229486,0.0,CIPHERTEXT
4.584962500721156,0.0,24.0,1.0,1.0,2.0,3.0,1.0,21.291906488858938,0.0,KEY
4.501629167387822,0.0,24.0,1.0,1.0,2.0,11.0,3.0,20.904918473044376,0.0,KEY
4.875,0.0,32.0,1.0,0.0,2.0,0.0,0.0,24.59142133187246,0.0,KEY
3.875,0.0,16.0,1.0,1.0,2.0,11.0,3.0,15.838918509845064,0.0,IV
4.3374433125951875,0.0,64.0,1.0,0.0,2.0,11.0,3.0,26.121678996608775,0.0,PLAINTEXT
5.90625,0.0,64.0,1.0,0.0,2.0,11.0,3.0,35.56960989569931,0.0,CIPHERTEXT
4.788909765557392,0.0,32.0,1.0,0.0,2.0,3.0,1.0,24.157148259515978,0.0,KEY
4.9375,0.0,32.0,1.0,0.0,2.0,11.0,3.0,24.906695964332364,0.0,KEY
4.0,0.0,16.0,1.0,1.0,2.0,0.0,0.0,16.349851365001356,0.0,KEY
4.0,0.0,16.0,1.0,1.0,2.0,11.0,3.0,16.349851365001356,0.0,IV
4.605337797403417,0.0,64.0,1.0,0.0,2.0,11.0,3.0,27.735038119205694,0.0,PLAINTEXT
5.90625,0.0,64.0,1.0,0.0,2.0,11.0,3.0,35.56960989569931,0.0,CIPHERTEXT
4.0,0.0,16.0,1.0,1.0,2.0,3.0,1.0,16.349851365001356,0.0,KEY
4.0,0.0,16.0,1.0,1.0,2.0,11.0,3.0,16.349851365001356,0.0,KEY
4.501629167387822,0.0,24.0,1.0,1.0,2.0,0.0,0.0,20.904918473044376,0.0,KEY
4.0,0.0,16.0,1.0,1.0,2.0,11.0,3.0,16.349851365001356,0.0,IV
4.480337797403417,0.0,64.0,1.0,0.0,2.0,11.0,3.0,26.982242142577135,0.0,PLAINTEXT
5.738204882778696,0.0,64.0,1.0,0.0,2.0,11.0,3.0,34.55758039060913,0.0,CIPHERTEXT
4.501629167387822,0.0,24.0,1.0,1.0,2.0,3.0,1.0,20.904918473044376,0.0,KEY
4.501629167387822,0.0,24.0,1.0,1.0,2.0,11.0,3.0,20.904918473044376,0.0,KEY
4.875,0.0,32.0,1.0,0.0,2.0,0.0,0.0,24.59142133187246,0.0,KEY
4.0,0.0,16.0,1.0,1.0,2.0,11.0,3.0,16.349851365001356,0.0,IV
4.539313383509937,0.0,64.0,1.0,0.0,2.0,11.0,3.0,27.33741481409953,0.0,PLAINTEXT
5.84375,0.0,64.0,1.0,0.0,2.0,11.0,3.0,35.19321190738503,0.0,CIPHERTEXT
4.8125,0.0,32.0,1.0,0.0,2.0,3.0,1.0,24.276146699412557,0.0,KEY
4.8125,0.0,32.0,1.0,0.0,2.0,11.0,3.0,24.276146699412557,0.0,KEY
3.875,0.0,16.0,1.0,1.0,2.0,0.0,0.0,15.838918509845064,0.0,KEY
3.875,0.0,16.0,1.0,1.0,2.0,11.0,3.0,15.838918509845064,0.0,IV
4.175268691277955,0.0,64.0,1.0,0.0,2.0,11.0,3.0,25.145003777097795,0.0,PLAINTEXT
5.875,0.0,64.0,1.0,0.0,2.0,11.0,3.0,35.38141090154217,0.0,CIPHERTEXT
4.0,0.0,16.0,1.0,1.0,2.0,3.0,1.0,16.349851365001356,0.0,KEY
4.0,0.0,16.0,1.0,1.0,2.0,11.0,3.0,16.349851365001356,0.0,KEY
4.584962500721156,0.0,24.0,1.0,1.0,2.0,0.0,0.0,21.291906488858938,0.0,KEY
3.875,0.0,16.0,1.0,1.0,2.0,11.0,3.0,15.838918509845064,0.0,IV
4.496268266288633,0.0,64.0,1.0,0.0,2.0,11.0,3.0,27.078181285637914,0.0,PLAINTEXT
5.84375,0.0,64.0,1.0,0.0,2.0,11.0,3.0,35.19321190738503,0.0,CIPHERTEXT
4.501629167387822,0.0,24.0,1.0,1.0,2.0,3.0,1.0,20.904918473044376,0.0,KEY
4.584962500721156,0.0,24.0,1.0,1.0,2.0,11.0,3.0,21.291906488858938,0.0,KEY
4.788909765557392,0.0,32.0,1.0,0.0,2.0,0.0,0.0,24.157148259515978,0.0,KEY
4.0,0.0,16.0,1.0,1.0,2.0,11.0,3.0,16.349851365001356,0.0,IV
4.470103078152579,0.0,64.0,1.0,0.0,2.0,11.0,3.0,26.920604898785506,0.0,PLAINTEXT
5.9375,0.0,64.0,1.0,0.0,2.0,11.0,3.0,35.75780888985645,0.0,CIPHERTEXT
4.8125,0.0,32.0,1.0,0.0,2.0,3.0,1.0,24.276146699412557,0.0,KEY
4.9375,0.0,32.0,1.0,0.0,2.0,11.0,3.0,24.906695964332364,0.0,KEY
4.875,0.0,32.0,1.0,0.0,2.0,0.0,0.0,24.59142133187246,0.0,KEY
4.0,0.0,16.0,1.0,1.0,2.0,11.0,3.0,16.349851365001356,0.0,IV
5.007659765557392,0.0,64.0,1.0,0.0,2.0,11.0,3.0,30.157968990690453,0.0,PLAINTEXT
5.738204882778696,0.0,64.0,1.0,0.0,2.0,11.0,3.0,34.55758039060913,0.0,CIPHERTEXT
4.9375,0.0,32.0,1.0,0.0,2.0,3.0,1.0,24.906695964332364,0.0,KEY
4.8125,0.0,32.0,1.0,0.0,2.0,11.0,3.0,24.276146699412557,0.0,KEY
4.9375,0.0,32.0,1.0,0.0,2.0,0.0,0.0,24.906695964332364,0.0,KEY
3.2516291673878226,0.0,12.0,0.0,1.0,2.0,11.0,3.0,12.03245771966795,0.0,IV
4.324087797403416,0.0,64.0,1.0,0.0,2.0,11.0,3.0,26.041247171791436,0.0,PLAINTEXT
6.06249200111032,0.0,80.0,0.0,0.0,2.0,11.0,3.0,38.43528993072727,0.0,CIPHERTEXT
5.0,0.0,32.0,1.0,0.0,2.0,3.0,1.0,25.221970596792268,0.0,KEY
4.8125,0.0,32.0,1.0,0.0,2.0,11.0,3.0,24.276146699412557,0.0,KEY
3.875,0.0,16.0,1.0,1.0,2.0,0.0,0.0,15.838918509845064,0.0,KEY
4.0,0.0,16.0,1.0,1.0,2.0,11.0,3.0,16.349851365001356,0.0,IV
4.413069956104106,0.0,64.0,1.0,0.0,2.0,11.0,3.0,26.577130460284263,0.0,PLAINTEXT
5.84375,0.0,64.0,1.0,0.0,2.0,11.0,3.0,35.19321190738503,0.0,CIPHERTEXT
4.0,0.0,16.0,1.0,1.0,2.0,3.0,1.0,16.349851365001356,0.0,KEY
3.75,0.0,16.0,1.0,1.0,2.0,11.0,3.0,15.32798565468877,0.0,KEY
4.501629167387822,0.0,24.0,1.0,1.0,2.0,0.0,0.0,20.904918473044376,0.0,KEY
3.875,0.0,16.0,1.0,1.0,2.0,11.0,3.0,15.838918509845064,0.0,IV
4.459322516654253,0.0,64.0,1.0,0.0,2.0,11.0,3.0,26.855680392211617,0.0,PLAINTEXT
5.75,0.0,64.0,1.0,0.0,2.0,11.0,3.0,34.62861492491361,0.0,CIPHERTEXT
4.418295834054489,0.0,24.0,1.0,1.0,2.0,3.0,1.0,20.517930457229816,0.0,KEY
4.584962500721156,0.0,24.0,1.0,1.0,2.0,11.0,3.0,21.291906488858938,0.0,KEY
4.8125,0.0,32.0,1.0,0.0,2.0,0.0,0.0,24.276146699412557,0.0,KEY
3.875,0.0,16.0,1.0,1.0,2.0,11.0,3.0,15.838918509845064,0.0,IV
4.404482282211644,0.0,64.0,1.0,0.0,2.0,11.0,3.0,26.525412329445516,0.0,PLAINTEXT
5.78125,0.0,64.0,1.0,0.0,2.0,11.0,3.0,34.81681391907075,0.0,CIPHERTEXT
4.8125,0.0,32.0,1.0,0.0,2.0,3.0,1.0,24.276146699412557,0.0,KEY
4.875,0.0,32.0,1.0,0.0,2.0,11.0,3.0,24.59142133187246,0.0,KEY
5.0,0.0,32.0,1.0,0.0,2.0,0.0,0.0,25.221970596792268,0.0,KEY
3.75,0.0,16.0,1.0,1.0,2.0,11.0,3.0,15.32798565468877,0.0,IV
5.038909765557392,0.0,64.0,1.0,0.0,2.0,11.0,3.0,30.346167984847593,0.0,PLAINTEXT
5.601409765557392,0.0,64.0,1.0,0.0,2.0,11.0,3.0,33.7337498796761,0.0,CIPHERTEXT
4.8125,0.0,32.0,1.0,0.0,2.0,3.0,1.0,24.276146699412557,0.0,KEY
4.9375,0.0,32.0,1.0,0.0,2.0,11.0,3.0,24.906695964332364,0.0,KEY
4.875,0.0,32.0,1.0,0.0,2.0,0.0,0.0,24.59142133187246,0.0,KEY
3.584962500721156,0.0,12.0,0.0,1.0,2.0,11.0,3.0,13.26593762571498,0.0,IV
4.208668704467279,0.0,64.0,1.0,0.0,2.0,11.0,3.0,25.346150941483902,0.0,PLAINTEXT
5.75,0.0,64.0,1.0,0.0,2.0,11.0,3.0,34.62861492491361,0.0,CIPHERTEXT
4.8125,0.0,32.0,1.0,0.0,2.0,3.0,1.0,24.276146699412557,0.0,KEY
4.875,0.0,32.0,1.0,0.0,2.0,11.0,3.0,24.59142133187246,0.0,KEY
4.0,0.0,16.0,1.0,1.0,2.0,0.0,0.0,16.349851365001356,0.0,KEY
4.0,0.0,16.0,1.0,1.0,2.0,11.0,3.0,16.349851365001356,0.0,IV
4.560328664259099,0.0,64.0,1.0,0.0,2.0,11.0,3.0,27.463976564465046,0.0,PLAINTEXT
5.738204882778696,0.0,64.0,1.0,0.0,2.0,11.0,3.0,34.55758039060913,0.0,CIPHERTEXT
3.875,0.0,16.0,1.0,1.0,2.0,3.0,1.0,15.838918509845064,0.0,KEY
4.0,0.0,16.0,1.0,1.0,2.0,11.0,3.0,16.349851365001356,0.0,KEY
4.418295834054489,0.0,24.0,1.0,1.0,2.0,0.0,0.0,20.517930457229816,0.0,KEY
4.0,0.0,16.0,1.0,1.0,2.0,11.0,3.0,16.349851365001356,0.0,IV
4.231605126722911,0.0,64.0,1.0,0.0,2.0,11.0,3.0,25.484282512622254,0.0,PLAINTEXT
5.8125,0.0,64.0,1.0,0.0,2.0,11.0,3.0,35.005012913227894,0.0,CIPHERTEXT
4.584962500721156,0.0,24.0,1.0,1.0,2.0,3.0,1.0,21.291906488858938,0.0,KEY
4.303508854797678,0.0,24.0,1.0,1.0,2.0,11.0,3.0,19.984876233102533,0.0,KEY
4.875,0.0,32.0,1.0,0.0,2.0,0.0,0.0,24.59142133187246,0.0,KEY
4.0,0.0,16.0,1.0,1.0,2.0,11.0,3.0,16.349851365001356,0.0,IV
4.367132914624721,0.0,64.0,1.0,0.0,2.0,11.0,3.0,26.300480700253058,0.0,PLAINTEXT
5.78125,0.0,64.0,1.0,0.0,2.0,11.0,3.0,34.81681391907075,0.0,CIPHERTEXT
4.75,0.0,32.0,1.0,0.0,2.0,3.0,1.0,23.960872066952653,0.0,KEY
4.9375,0.0,32.0,1.0,0.0,2.0,11.0,3.0,24.906695964332364,0.0,KEY
3.875,0.0,16.0,1.0,1.0,2.0,0.0,0.0,15.838918509845064,0.0,KEY
4.0,0.0,16.0,1.0,1.0,2.0,11.0,3.0,16.349851365001356,0.0,IV
4.127620407472074,0.0,64.0,1.0,0.0,2.0,11.0,3.0,24.858048286359214,0.0,PLAINTEXT
5.84375,0.0,64.0,1.0,0.0,2.0,11.0,3.0,35.19321190738503,0.0,CIPHERTEXT
3.875,0.0,16.0,1.0,1.0,2.0,3.0,1.0,15.838918509845064,0.0,KEY
4.0,0.0,16.0,1.0,1.0,2.0,11.0,3.0,16.349851365001356,0.0,KEY
4.584962500721156,0.0,24.0,1.0,1.0,2.0,0.0,0.0,21.291906488858938,0.0,KEY
4.0,0.0,16.0,1.0,1.0,2.0,11.0,3.0,16.349851365001356,0.0,IV
4.374389062229566,0.0,64.0,1.0,0.0,2.0,11.0,3.0,26.344179890035065,0.0,PLAINTEXT
5.831954882778696,0.0,64.0,1.0,0.0,2.0,11.0,3.0,35.122177373080554,0.0,CIPHERTEXT
4.584962500721156,0.0,24.0,1.0,1.0,2.0,3.0,1.0,21.291906488858938,0.0,KEY
4.584962500721156,0.0,24.0,1.0,1.0,2.0,11.0,3.0,21.291906488858938,0.0,KEY
4.8125,0.0,32.0,1.0,0.0,2.0,0.0,0.0,24.276146699412557,0.0,KEY
4.0,0.0,16.0,1.0,1.0,2.0,11.0,3.0,16.349851365001356,0.0,IV
4.3617541355549765,0.0,64.0,1.0,0.0,2.0,11.0,3.0,26.26808771431004,0.0,PLAINTEXT
5.769454882778696,0.0,64.0,1.0,0.0,2.0,11.0,3.0,34.74577938476627,0.0,CIPHERTEXT
4.9375,0.0,32.0,1.0,0.0,2.0,3.0,1.0,24.906695964332364,0.0,KEY
4.9375,0.0,32.0,1.0,0.0,2.0,11.0,3.0,24.906695964332364,0.0,KEY
4.0,0.0,16.0,1.0,1.0,2.0,0.0,0.0,16.349851365001356,0.0,KEY
4.0,0.0,16.0,1.0,1.0,2.0,11.0,3.0,16.349851365001356,0.0,IV
4.997828664259099,0.0,64.0,1.0,0.0,2.0,11.0,3.0,30.098762482664995,0.0,PLAINTEXT
5.84375,0.0,64.0,1.0,0.0,2.0,11.0,3.0,35.19321190738503,0.0,CIPHERTEXT
4.0,0.0,16.0,1.0,1.0,2.0,3.0,1.0,16.349851365001356,0.0,KEY
4.0,0.0,16.0,1.0,1.0,2.0,11.0,3.0,16.349851365001356,0.0,KEY
4.386842188131011,0.0,24.0,1.0,1.0,2.0,0.0,0.0,20.371864248917092,0.0,KEY
4.0,0.0,16.0,1.0,1.0,2.0,11.0,3.0,16.349851365001356,0.0,IV
4.772979296672174,0.0,64.0,1.0,0.0,2.0,11.0,3.0,28.74463688852969,0.0,PLAINTEXT
5.663909765557392,0.0,64.0,1.0,0.0,2.0,11.0,3.0,34.11014786799038,0.0,CIPHERTEXT
4.584962500721156,0.0,24.0,1.0,1.0,2.0,3.0,1.0,21.291906488858938,0.0,KEY
4.501629167387822,0.0,24.0,1.0,1.0,2.0,11.0,3.0,20.904918473044376,0.0,KEY
4.875,0.0,32.0,1.0,0.0,2.0,0.0,0.0,24.59142133187246,0.0,KEY
3.875,0.0,16.0,1.0,1.0,2.0,11.0,3.0,15.838918509845064,0.0,IV
4.628524413893479,0.0,64.0,1.0,0.0,2.0,11.0,3.0,27.87467645204848,0.0,PLAINTEXT
5.8125,0.0,64.0,1.0,0.0,2.0,11.0,3.0,35.005012913227894,0.0,CIPHERTEXT
4.788909765557392,0.0,32.0,1.0,0.0,2.0,3.0,1.0,24.157148259515978,0.0,KEY
4.75,0.0,32.0,1.0,0.0,2.0,11.0,3.0,23.960872066952653,0.0,KEY
4.8125,0.0,32.0,1.0,0.0,2.0,0.0,0.0,24.276146699412557,0.0,KEY
3.875,0.0,16.0,1.0,1.0,2.0,11.0,3.0,15.838918509845064,0.0,IV
4.382223574056651,0.0,64.0,1.0,0.0,2.0,11.0,3.0,26.39136220189329,0.0,PLAINTEXT
5.738204882778696,0.0,64.0,1.0,0.0,2.0,11.0,3.0,34.55758039060913,0.0,CIPHERTEXT
5.0,0.0,32.0,1.0,0.0,2.0,3.0,1.0,25.221970596792268,0.0,KEY
4.8125,0.0,32.0,1.0,0.0,2.0,11.0,3.0,24.276146699412557,0.0,KEY
4.9375,0.0,32.0,1.0,0.0,2.0,0.0,0.0,24.906695964332364,0.0,KEY
3.584962500721156,0.0,12.0,0.0,1.0,2.0,11.0,3.0,13.26593762571498,0.0,IV
4.802668898701707,0.0,64.0,1.0,0.0,2.0,11.0,3.0,28.923438592173977,0.0,PLAINTEXT
5.874747626002146,0.0,80.0,0.0,0.0,2.0,11.0,3.0,37.24501875365615,0.0,CIPHERTEXT
4.875,0.0,32.0,1.0,0.0,2.0,3.0,1.0,24.59142133187246,0.0,KEY
4.9375,0.0,32.0,1.0,0.0,2.0,11.0,3.0,24.906695964332364,0.0,KEY
4.0,0.0,16.0,1.0,1.0,2.0,0.0,0.0,16.349851365001356,0.0,KEY
3.875,0.0,16.0,1.0,1.0,2.0,11.0,3.0,15.838918509845064,0.0,IV
4.214003710565654,0.0,64.0,1.0,0.0,2.0,11.0,3.0,25.37828031049307,0.0,PLAINTEXT
5.8125,0.0,64.0,1.0,0.0,2.0,11.0,3.0,35.005012913227894,0.0,CIPHERTEXT
3.875,0.0,16.0,1.0,1.0,2.0,3.0,1.0,15.838918509845064,0.0,KEY
4.0,0.0,16.0,1.0,1.0,2.0,11.0,3.0,16.349851365001356,0.0,KEY
4.501629167387822,0.0,24.0,1.0,1.0,2.0,0.0,0.0,20.904918473044376,0.0,KEY
4.0,0.0,16.0,1.0,1.0,2.0,11.0,3.0,16.349851365001356,0.0,IV
4.633063383509937,0.0,64.0,1.0,0.0,2.0,11.0,3.0,27.90201179657095,0.0,PLAINTEXT
5.71875,0.0,64.0,1.0,0.0,2.0,11.0,3.0,34.44041593075647,0.0,CIPHERTEXT
4.584962500721156,0.0,24.0,1.0,1.0,2.0,3.0,1.0,21.291906488858938,0.0,KEY
4.501629167387822,0.0,24.0,1.0,1.0,2.0,11.0,3.0,20.904918473044376,0.0,KEY
4.9375,0.0,32.0,1.0,0.0,2.0,0.0,0.0,24.906695964332364,0.0,KEY
3.875,0.0,16.0,1.0,1.0,2.0,11.0,3.0,15.838918509845064,0.0,IV
4.473584617629516,0.0,64.0,1.0,0.0,2.0,11.0,3.0,26.941572010071205,0.0,PLAINTEXT
5.706954882778696,0.0,64.0,1.0,0.0,2.0,11.0,3.0,34.36938139645199,0.0,CIPHERTEXT
4.788909765557392,0.0,32.0,1.0,0.0,2.0,3.0,1.0,24.157148259515978,0.0,KEY
4.875,0.0,32.0,1.0,0.0,2.0,11.0,3.0,24.59142133187246,0.0,KEY
4.875,0.0,32.0,1.0,0.0,2.0,0.0,0.0,24.59142133187246,0.0,KEY
3.875,0.0,16.0,1.0,1.0,2.0,11.0,3.0,15.838918509845064,0.0,IV
4.785178031846024,0.0,64.0,1.0,0.0,2.0,11.0,3.0,28.818102158600343,0.0,PLAINTEXT
5.78125,0.0,64.0,1.0,0.0,2.0,11.0,3.0,34.81681391907075,0.0,CIPHERTEXT
4.9375,0.0,32.0,1.0,0.0,2.0,3.0,1.0,24.906695964332364,0.0,KEY
5.0,0.0,32.0,1.0,0.0,2.0,11.0,3.0,25.221970596792268,0.0,KEY
4.726409765557392,0.0,32.0,1.0,0.0,2.0,0.0,0.0,23.841873627056074,0.0,KEY
3.584962500721156,0.0,12.0,0.0,1.0,2.0,11.0,3.0,13.26593762571498,0.0,IV
4.454783547037795,0.0,64.0,1.0,0.0,2.0,11.0,3.0,26.828345047689147,0.0,PLAINTEXT
5.78125,0.0,64.0,1.0,0.0,2.0,11.0,3.0,34.81681391907075,0.0,CIPHERTEXT
5.0,0.0,32.0,1.0,0.0,2.0,3.0,1.0,25.221970596792268,0.0,KEY
4.663909765557392,0.0,32.0,1.0,0.0,2.0,11.0,3.0,23.52659899459617,0.0,KEY
3.875,0.0,16.0,1.0,1.0,2.0,0.0,0.0,15.838918509845064,0.0,KEY
4.0,0.0,16.0,1.0,1.0,2.0,11.0,3.0,16.349851365001356,0.0,IV
4.433114454101657,0.0,64.0,1.0,0.0,2.0,11.0,3.0,26.697845799853027,0.0,PLAINTEXT
5.675704882778696,0.0,64.0,1.0,0.0,2.0,11.0,3.0,34.18118240229486,0.0,CIPHERTEXT
4.0,0.0,16.0,1.0,1.0,2.0,3.0,1.0,16.349851365001356,0.0,KEY
4.0,0.0,16.0,1.0,1.0,2.0,11.0,3.0,16.349851365001356,0.0,KEY
4.584962500721156,0.0,24.0,1.0,1.0,2.0,0.0,0.0,21.291906488858938,0.0,KEY
3.875,0.0,16.0,1.0,1.0,2.0,11.0,3.0,15.838918509845064,0.0,IV
4.902114648336088,0.0,64.0,1.0,0.0,2.0,11.0,3.0,29.522337473914558,0.0,PLAINTEXT
5.75,0.0,64.0,1.0,0.0,2.0,11.0,3.0,34.62861492491361,0.0,CIPHERTEXT
4.501629167387822,0.0,24.0,1.0,1.0,2.0,3.0,1.0,20.904918473044376,0.0,KEY
4.584962500721156,0.0,24.0,1.0,1.0,2.0,11.0,3.0,21.291906488858938,0.0,KEY
5.0,0.0,32.0,1.0,0.0,2.0,0.0,0.0,25.221970596792268,0.0,KEY
4.0,0.0,16.0,1.0,1.0,2.0,11.0,3.0,16.349851365001356,0.0,IV
4.603373781480404,0.0,64.0,1.0,0.0,2.0,11.0,3.0,27.723210092926667,0.0,PLAINTEXT
5.675704882778696,0.0,64.0,1.0,0.0,2.0,11.0,3.0,34.18118240229486,0.0,CIPHERTEXT
4.9375,0.0,32.0,1.0,0.0,2.0,3.0,1.0,24.906695964332364,0.0,KEY
4.851409765557392,0.0,32.0,1.0,0.0,2.0,11.0,3.0,24.47242289197588,0.0,KEY
3.875,0.0,16.0,1.0,1.0,2.0,0.0,0.0,15.838918509845064,0.0,KEY
4.0,0.0,16.0,1.0,1.0,2.0,11.0,3.0,16.349851365001356,0.0,IV
4.986033547037795,0.0,64.0,1.0,0.0,2.0,11.0,3.0,30.027727948360514,0.0,PLAINTEXT
5.831954882778696,0.0,64.0,1.0,0.0,2.0,11.0,3.0,35.122177373080554,0.0,CIPHERTEXT
4.0,0.0,16.0,1.0,1.0,2.0,3.0,1.0,16.349851365001356,0.0,KEY
4.0,0.0,16.0,1.0,1.0,2.0,11.0,3.0,16.349851365001356,0.0,KEY
4.334962500721156,0.0,24.0,1.0,1.0,2.0,0.0,0.0,20.130942441415257,0.0,KEY
3.625,0.0,16.0,1.0,1.0,2.0,11.0,3.0,14.81705279953248,0.0,IV
4.37933164979857,0.0,64.0,1.0,0.0,2.0,11.0,3.0,26.373945970323707,0.0,PLAINTEXT
5.613204882778696,0.0,64.0,1.0,0.0,2.0,11.0,3.0,33.80478441398058,0.0,CIPHERTEXT
4.418295834054489,0.0,24.0,1.0,1.0,2.0,3.0,1.0,20.517930457229816,0.0,KEY
4.584962500721156,0.0,24.0,1.0,1.0,2.0,11.0,3.0,21.291906488858938,0.0,KEY
4.9375,0.0,32.0,1.0,0.0,2.0,0.0,0.0,24.906695964332364,0.0,KEY
4.0,0.0,16.0,1.0,1.0,2.0,11.0,3.0,16.349851365001356,0.0,IV
4.320313189275507,0.0,64.0,1.0,0.0,2.0,11.0,3.0,26.01851509329512,0.0,PLAINTEXT
5.738204882778696,0.0,64.0,1.0,0.0,2.0,11.0,3.0,34.55758039060913,0.0,CIPHERTEXT
4.8125,0.0,32.0,1.0,0.0,2.0,3.0,1.0,24.276146699412557,0.0,KEY
5.0,0.0,32.0,1.0,0.0,2.0,11.0,3.0,25.221970596792268,0.0,KEY
4.0,0.0,16.0,1.0,1.0,2.0,0.0,0.0,16.349851365001356,0.0,KEY
4.0,0.0,16.0,1.0,1.0,2.0,11.0,3.0,16.349851365001356,0.0,IV
4.864515086514732,0.0,64.0,1.0,0.0,2.0,11.0,3.0,29.29589908301765,0.0,PLAINTEXT
5.769454882778696,0.0,64.0,1.0,0.0,2.0,11.0,3.0,34.74577938476627,0.0,CIPHERTEXT
4.0,0.0,16.0,1.0,1.0,2.0,3.0,1.0,16.349851365001356,0.0,KEY
4.0,0.0,16.0,1.0,1.0,2.0,11.0,3.0,16.349851365001356,0.0,KEY
4.501629167387822,0.0,24.0,1.0,1.0,2.0,0.0,0.0,20.904918473044376,0.0,KEY
3.875,0.0,16.0,1.0,1.0,2.0,11.0,3.0,15.838918509845064,0.0,IV
4.287257947809982,0.0,64.0,1.0,0.0,2.0,11.0,3.0,25.81944427104126,0.0,PLAINTEXT
5.644454882778696,0.0,64.0,1.0,0.0,2.0,11.0,3.0,33.99298340813772,0.0,CIPHERTEXT
4.584962500721156,0.0,24.0,1.0,1.0,2.0,3.0,1.0,21.291906488858938,0.0,KEY
4.584962500721156,0.0,24.0,1.0,1.0,2.0,11.0,3.0,21.291906488858938,0.0,KEY
4.9375,0.0,32.0,1.0,0.0,2.0,0.0,0.0,24.906695964332364,0.0,KEY
3.875,0.0,16.0,1.0,1.0,2.0,11.0,3.0,15.838918509845064,0.0,IV
4.357417713367374,0.0,64.0,1.0,0.0,2.0,11.0,3.0,26.24197218490372,0.0,PLAINTEXT
5.644454882778696,0.0,64.0,1.0,0.0,2.0,11.0,3.0,33.99298340813772,0.0,CIPHERTEXT
4.875,0.0,32.0,1.0,0.0,2.0,3.0,1.0,24.59142133187246,0.0,KEY
4.9375,0.0,32.0,1.0,0.0,2.0,11.0,3.0,24.906695964332364,0.0,KEY
4.875,0.0,32.0,1.0,0.0,2.0,0.0,0.0,24.59142133187246,0.0,KEY
4.0,0.0,16.0,1.0,1.0,2.0,11.0,3.0,16.349851365001356,0.0,IV
4.993650438178646,0.0,64.0,1.0,0.0,2.0,11.0,3.0,30.073599668402515,0.0,PLAINTEXT
5.745864648336087,0.0,64.0,1.0,0.0,2.0,11.0,3.0,34.60371031615731,0.0,CIPHERTEXT
4.851409765557392,0.0,32.0,1.0,0.0,2.0,3.0,1.0,24.47242289197588,0.0,KEY
4.875,0.0,32.0,1.0,0.0,2.0,11.0,3.0,24.59142133187246,0.0,KEY
4.9375,0.0,32.0,1.0,0.0,2.0,0.0,0.0,24.906695964332364,0.0,KEY
3.584962500721156,0.0,12.0,0.0,1.0,2.0,11.0,3.0,13.26593762571498,0.0,IV
4.872174852072124,0.0,64.0,1.0,0.0,2.0,11.0,3.0,29.34202900856583,0.0,PLAINTEXT
5.978055907333277,0.0,80.0,0.0,0.0,2.0,11.0,3.0,37.89997776135132,0.0,CIPHERTEXT
4.9375,0.0,32.0,1.0,0.0,2.0,3.0,1.0,24.906695964332364,0.0,KEY
4.9375,0.0,32.0,1.0,0.0,2.0,11.0,3.0,24.906695964332364,0.0,KEY
4.0,0.0,16.0,1.0,1.0,2.0,0.0,0.0,16.349851365001356,0.0,KEY
4.0,0.0,16.0,1.0,1.0,2.0,11.0,3.0,16.349851365001356,0.0,IV
4.883063383509937,0.0,64.0,1.0,0.0,2.0,11.0,3.0,29.407603749828063,0.0,PLAINTEXT
5.706954882778696,0.0,64.0,1.0,0.0,2.0,11.0,3.0,34.36938139645199,0.0,CIPHERTEXT
3.875,0.0,16.0,1.0,1.0,2.0,3.0,1.0,15.838918509845064,0.0,KEY
3.875,0.0,16.0,1.0,1.0,2.0,11.0,3.0,15.838918509845064,0.0,KEY
4.418295834054489,0.0,24.0,1.0,1.0,2.0,0.0,0.0,20.517930457229816,0.0,KEY
4.0,0.0,16.0,1.0,1.0,2.0,11.0,3.0,16.349851365001356,0.0,IV
4.884623781480403,0.0,64.0,1.0,0.0,2.0,11.0,3.0,29.417001040340917,0.0,PLAINTEXT
5.8125,0.0,64.0,1.0,0.0,2.0,11.0,3.0,35.005012913227894,0.0,CIPHERTEXT
4.584962500721156,0.0,24.0,1.0,1.0,2.0,3.0,1.0,21.291906488858938,0.0,KEY
4.418295834054489,0.0,24.0,1.0,1.0,2.0,11.0,3.0,20.517930457229816,0.0,KEY
4.875,0.0,32.0,1.0,0.0,2.0,0.0,0.0,24.59142133187246,0.0,KEY
3.875,0.0,16.0,1.0,1.0,2.0,11.0,3.0,15.838918509845064,0.0,IV
4.36713291462472,0.0,64.0,1.0,0.0,2.0,11.0,3.0,26.300480700253054,0.0,PLAINTEXT
5.75,0.0,64.0,1.0,0.0,2.0,11.0,3.0,34.62861492491361,0.0,CIPHERTEXT
4.9375,0.0,32.0,1.0,0.0,2.0,3.0,1.0,24.906695964332364,0.0,KEY
4.75,0.0,32.0,1.0,0.0,2.0,11.0,3.0,23.960872066952653,0.0,KEY
5.0,0.0,32.0,1.0,0.0,2.0,0.0,0.0,25.221970596792268,0.0,KEY
4.0,0.0,16.0,1.0,1.0,2.0,11.0,3.0,16.349851365001356,0.0,IV
4.41819854093942,0.0,64.0,1.0,0.0,2.0,11.0,3.0,26.60801668452284,0.0,PLAINTEXT
5.78125,0.0,64.0,1.0,0.0,2.0,11.0,3.0,34.81681391907075,0.0,CIPHERTEXT
4.9375,0.0,32.0,1.0,0.0,2.0,3.0,1.0,24.906695964332364,0.0,KEY
4.9375,0.0,32.0,1.0,0.0,2.0,11.0,3.0,24.906695964332364,0.0,KEY
4.875,0.0,32.0,1.0,0.0,2.0,0.0,0.0,24.59142133187246,0.0,KEY
3.584962500721156,0.0,12.0,0.0,1.0,2.0,11.0,3.0,13.26593762571498,0.0,IV
4.9311933125951875,0.0,64.0,1.0,0.0,2.0,11.0,3.0,29.69745988559442,0.0,PLAINTEXT
5.738204882778696,0.0,64.0,1.0,0.0,2.0,11.0,3.0,34.55758039060913,0.0,CIPHERTEXT
5.0,0.0,32.0,1.0,0.0,2.0,3.0,1.0,25.221970596792268,0.0,KEY
4.9375,0.0,32.0,1.0,0.0,2.0,11.0,3.0,24.906695964332364,0.0,KEY
4.0,0.0,16.0,1.0,1.0,2.0,0.0,0.0,16.349851365001356,0.0,KEY
3.875,0.0,16.0,1.0,1.0,2.0,11.0,3.0,15.838918509845064,0.0,IV
4.671569531114783,0.0,64.0,1.0,0.0,2.0,11.0,3.0,28.133909980510097,0.0,PLAINTEXT
5.875,0.0,64.0,1.0,0.0,2.0,11.0,3.0,35.38141090154217,0.0,CIPHERTEXT
4.0,0.0,16.0,1.0,1.0,2.0,3.0,1.0,16.349851365001356,0.0,KEY
4.0,0.0,16.0,1.0,1.0,2.0,11.0,3.0,16.349851365001356,0.0,KEY
4.584962500721156,0.0,24.0,1.0,1.0,2.0,0.0,0.0,21.291906488858938,0.0,KEY
4.0,0.0,16.0,1.0,1.0,2.0,11.0,3.0,16.349851365001356,0.0,IV
4.44752739943295,0.0,64.0,1.0,0.0,2.0,11.0,3.0,26.784645857907144,0.0,PLAINTEXT
5.75,0.0,64.0,1.0,0.0,2.0,11.0,3.0,34.62861492491361,0.0,CIPHERTEXT
4.501629167387822,0.0,24.0,1.0,1.0,2.0,3.0,1.0,20.904918473044376,0.0,KEY
4.501629167387822,0.0,24.0,1.0,1.0,2.0,11.0,3.0,20.904918473044376,0.0,KEY
4.8125,0.0,32.0,1.0,0.0,2.0,0.0,0.0,24.276146699412557,0.0,KEY
4.0,0.0,16.0,1.0,1.0,2.0,11.0,3.0,16.349851365001356,0.0,IV
4.792837797403416,0.0,64.0,1.0,0.0,2.0,11.0,3.0,28.864232084148522,0.0,PLAINTEXT
5.78125,0.0,64.0,1.0,0.0,2.0,11.0,3.0,34.81681391907075,0.0,CIPHERTEXT
5.0,0.0,32.0,1.0,0.0,2.0,3.0,1.0,25.221970596792268,0.0,KEY
5.0,0.0,32.0,1.0,0.0,2.0,11.0,3.0,25.221970596792268,0.0,KEY
4.0,0.0,16.0,1.0,1.0,2.0,0.0,0.0,16.349851365001356,0.0,KEY
4.0,0.0,16.0,1.0,1.0,2.0,11.0,3.0,16.349851365001356,0.0,IV
4.28312259614607,0.0,64.0,1.0,0.0,2.0,11.0,3.0,25.79453966228496,0.0,PLAINTEXT
5.706954882778696,0.0,64.0,1.0,0.0,2.0,11.0,3.0,34.36938139645199,0.0,CIPHERTEXT
3.875,0.0,16.0,1.0,1.0,2.0,3.0,1.0,15.838918509845064,0.0,KEY
3.875,0.0,16.0,1.0,1.0,2.0,11.0,3.0,15.838918509845064,0.0,KEY
4.418295834054489,0.0,24.0,1.0,1.0,2.0,0.0,0.0,20.517930457229816,0.0,KEY
3.875,0.0,16.0,1.0,1.0,2.0,11.0,3.0,15.838918509845064,0.0,IV
4.460479296672175,0.0,64.0,1.0,0.0,2.0,11.0,3.0,26.862646946958307,0.0,PLAINTEXT
5.84375,0.0,64.0,1.0,0.0,2.0,11.0,3.0,35.19321190738503,0.0,CIPHERTEXT
4.584962500721156,0.0,24.0,1.0,1.0,2.0,3.0,1.0,21.291906488858938,0.0,KEY
4.501629167387822,0.0,24.0,1.0,1.0,2.0,11.0,3.0,20.904918473044376,0.0,KEY
4.8125,0.0,32.0,1.0,0.0,2.0,0.0,0.0,24.276146699412557,0.0,KEY
4.0,0.0,16.0,1.0,1.0,2.0,11.0,3.0,16.349851365001356,0.0,IV
4.534524219659049,0.0,64.0,1.0,0.0,2.0,11.0,3.0,27.308572707872628,0.0,PLAINTEXT
5.831954882778696,0.0,64.0,1.0,0.0,2.0,11.0,3.0,35.122177373080554,0.0,CIPHERTEXT
5.0,0.0,32.0,1.0,0.0,2.0,3.0,1.0,25.221970596792268,0.0,KEY
4.9375,0.0,32.0,1.0,0.0,2.0,11.0,3.0,24.906695964332364,0.0,KEY
4.0,0.0,16.0,1.0,1.0,2.0,0.0,0.0,16.349851365001356,0.0,KEY
3.875,0.0,16.0,1.0,1.0,2.0,11.0,3.0,15.838918509845064,0.0,IV
4.175858306496812,0.0,64.0,1.0,0.0,2.0,11.0,3.0,25.14855465681391,0.0,PLAINTEXT
5.71875,0.0,64.0,1.0,0.0,2.0,11.0,3.0,34.44041593075647,0.0,CIPHERTEXT
4.0,0.0,16.0,1.0,1.0,2.0,3.0,1.0,16.349851365001356,0.0,KEY
4.0,0.0,16.0,1.0,1.0,2.0,11.0,3.0,16.349851365001356,0.0,KEY
4.584962500721156,0.0,24.0,1.0,1.0,2.0,0.0,0.0,21.291906488858938,0.0,KEY
4.0,0.0,16.0,1.0,1.0,2.0,11.0,3.0,16.349851365001356,0.0,IV
4.037755564901556,0.0,64.0,1.0,0.0,2.0,11.0,3.0,24.316849150939657,0.0,PLAINTEXT
5.663909765557392,0.0,64.0,1.0,0.0,2.0,11.0,3.0,34.11014786799038,0.0,CIPHERTEXT
4.501629167387822,0.0,24.0,1.0,1.0,2.0,3.0,1.0,20.904918473044376,0.0,KEY
4.501629167387822,0.0,24.0,1.0,1.0,2.0,11.0,3.0,20.904918473044376,0.0,KEY
4.9375,0.0,32.0,1.0,0.0,2.0,0.0,0.0,24.906695964332364,0.0,KEY
4.0,0.0,16.0,1.0,1.0,2.0,11.0,3.0,16.349851365001356,0.0,IV
4.970060203736037,0.0,64.0,1.0,0.0,2.0,11.0,3.0,29.93153059979355,0.0,PLAINTEXT
5.71875,0.0,64.0,1.0,0.0,2.0,11.0,3.0,34.44041593075647,0.0,CIPHERTEXT
4.9375,0.0,32.0,1.0,0.0,2.0,3.0,1.0,24.906695964332364,0.0,KEY
4.875,0.0,32.0,1.0,0.0,2.0,11.0,3.0,24.59142133187246,0.0,KEY
4.8125,0.0,32.0,1.0,0.0,2.0,0.0,0.0,24.276146699412557,0.0,KEY
3.75,0.0,16.0,1.0,1.0,2.0,11.0,3.0,15.32798565468877,0.0,IV
4.31206380849926,0.0,64.0,1.0,0.0,2.0,11.0,3.0,25.968834288030834,0.0,PLAINTEXT
5.738204882778696,0.0,64.0,1.0,0.0,2.0,11.0,3.0,34.55758039060913,0.0,CIPHERTEXT
4.9375,0.0,32.0,1.0,0.0,2.0,3.0,1.0,24.906695964332364,0.0,KEY
4.9375,0.0,32.0,1.0,0.0,2.0,11.0,3.0,24.906695964332364,0.0,KEY
4.75,0.0,32.0,1.0,0.0,2.0,0.0,0.0,23.960872066952653,0.0,KEY
3.4182958340544896,0.0,12.0,0.0,1.0,2.0,11.0,3.0,12.649197672691464,0.0,IV
4.609473149067329,0.0,64.0,1.0,0.0,2.0,11.0,3.0,27.75994272796199,0.0,PLAINTEXT
6.096928094887363,0.0,80.0,0.0,0.0,2.0,11.0,3.0,38.653609599959,0.0,CIPHERTEXT
4.875,0.0,32.0,1.0,0.0,2.0,3.0,1.0,24.59142133187246,0.0,KEY
4.875,0.0,32.0,1.0,0.0,2.0,11.0,3.0,24.59142133187246,0.0,KEY
4.0,0.0,16.0,1.0,1.0,2.0,0.0,0.0,16.349851365001356,0.0,KEY
4.0,0.0,16.0,1.0,1.0,2.0,11.0,3.0,16.349851365001356,0.0,IV
4.249792680182112,0.0,64.0,1.0,0.0,2.0,11.0,3.0,25.59381464917268,0.0,PLAINTEXT
5.875,0.0,64.0,1.0,0.0,2.0,11.0,3.0,35.38141090154217,0.0,CIPHERTEXT
3.75,0.0,16.0,1.0,1.0,2.0,3.0,1.0,15.32798565468877,0.0,KEY
4.0,0.0,16.0,1.0,1.0,2.0,11.0,3.0,16.349851365001356,0.0,KEY
4.334962500721156,0.0,24.0,1.0,1.0,2.0,0.0,0.0,20.130942441415257,0.0,KEY
3.75,0.0,16.0,1.0,1.0,2.0,11.0,3.0,15.32798565468877,0.0,IV
4.933768266288633,0.0,64.0,1.0,0.0,2.0,11.0,3.0,29.712967203837863,0.0,PLAINTEXT
5.738204882778696,0.0,64.0,1.0,0.0,2.0,11.0,3.0,34.55758039060913,0.0,CIPHERTEXT
4.418295834054489,0.0,24.0,1.0,1.0,2.0,3.0,1.0,20.517930457229816,0.0,KEY
4.501629167387822,0.0,24.0,1.0,1.0,2.0,11.0,3.0,20.904918473044376,0.0,KEY
4.875,0.0,32.0,1.0,0.0,2.0,0.0,0.0,24.59142133187246,0.0,KEY
4.0,0.0,16.0,1.0,1.0,2.0,11.0,3.0,16.349851365001356,0.0,IV
4.175497562960808,0.0,64.0,1.0,0.0,2.0,11.0,3.0,25.14638212655392,0.0,PLAINTEXT
5.675704882778696,0.0,64.0,1.0,0.0,2.0,11.0,3.0,34.18118240229486,0.0,CIPHERTEXT
4.8125,0.0,32.0,1.0,0.0,2.0,3.0,1.0,24.276146699412557,0.0,KEY
4.9375,0.0,32.0,1.0,0.0,2.0,11.0,3.0,24.906695964332364,0.0,KEY
4.8125,0.0,32.0,1.0,0.0,2.0,0.0,0.0,24.276146699412557,0.0,KEY
3.875,0.0,16.0,1.0,1.0,2.0,11.0,3.0,15.838918509845064,0.0,IV
4.673533547037795,0.0,64.0,1.0,0.0,2.0,11.0,3.0,28.145738006789124,0.0,PLAINTEXT
5.84375,0.0,64.0,1.0,0.0,2.0,11.0,3.0,35.19321190738503,0.0,CIPHERTEXT
4.8125,0.0,32.0,1.0,0.0,2.0,3.0,1.0,24.276146699412557,0.0,KEY
4.875,0.0,32.0,1.0,0.0,2.0,11.0,3.0,24.59142133187246,0.0,KEY
4.875,0.0,32.0,1.0,0.0,2.0,0.0,0.0,24.59142133187246,0.0,KEY
3.2516291673878226,0.0,12.0,0.0,1.0,2.0,11.0,3.0,12.03245771966795,0.0,IV
4.950605320957341,0.0,64.0,1.0,0.0,2.0,11.0,3.0,29.81436613994089,0.0,PLAINTEXT
5.695159765557392,0.0,64.0,1.0,0.0,2.0,11.0,3.0,34.29834686214752,0.0,CIPHERTEXT
4.875,0.0,32.0,1.0,0.0,2.0,3.0,1.0,24.59142133187246,0.0,KEY
4.875,0.0,32.0,1.0,0.0,2.0,11.0,3.0,24.59142133187246,0.0,KEY
3.875,0.0,16.0,1.0,1.0,2.0,0.0,0.0,15.838918509845064,0.0,KEY
3.875,0.0,16.0,1.0,1.0,2.0,11.0,3.0,15.838918509845064,0.0,IV
4.816024413893479,0.0,64.0,1.0,0.0,2.0,11.0,3.0,29.003870416991315,0.0,PLAINTEXT
5.78125,0.0,64.0,1.0,0.0,2.0,11.0,3.0,34.81681391907075,0.0,CIPHERTEXT
4.0,0.0,16.0,1.0,1.0,2.0,3.0,1.0,16.349851365001356,0.0,KEY
4.0,0.0,16.0,1.0,1.0,2.0,11.0,3.0,16.349851365001356,0.0,KEY
4.418295834054489,0.0,24.0,1.0,1.0,2.0,0.0,0.0,20.517930457229816,0.0,KEY
3.875,0.0,16.0,1.0,1.0,2.0,11.0,3.0,15.838918509845064,0.0,IV
4.347678031846025,0.0,64.0,1.0,0.0,2.0,11.0,3.0,26.183316240400398,0.0,PLAINTEXT
5.90625,0.0,64.0,1.0,0.0,2.0,11.0,3.0,35.56960989569931,0.0,CIPHERTEXT
4.501629167387822,0.0,24.0,1.0,1.0,2.0,3.0,1.0,20.904918473044376,0.0,KEY
4.501629167387822,0.0,24.0,1.0,1.0,2.0,11.0,3.0,20.904918473044376,0.0,KEY
4.8125,0.0,32.0,1.0,0.0,2.0,0.0,0.0,24.276146699412557,0.0,KEY
3.875,0.0,16.0,1.0,1.0,2.0,11.0,3.0,15.838918509845064,0.0,IV
4.828223149067329,0.0,64.0,1.0,0.0,2.0,11.0,3.0,29.077335687061964,0.0,PLAINTEXT
5.632659765557392,0.0,64.0,1.0,0.0,2.0,11.0,3.0,33.92194887383324,0.0,CIPHERTEXT
4.8125,0.0,32.0,1.0,0.0,2.0,3.0,1.0,24.276146699412557,0.0,KEY
4.9375,0.0,32.0,1.0,0.0,2.0,11.0,3.0,24.906695964332364,0.0,KEY
4.0,0.0,16.0,1.0,1.0,2.0,0.0,0.0,16.349851365001356,0.0,KEY
4.0,0.0,16.0,1.0,1.0,2.0,11.0,3.0,16.349851365001356,0.0,IV
4.79243417945087,0.0,64.0,1.0,0.0,2.0,11.0,3.0,28.861801348382354,0.0,PLAINTEXT
5.613204882778696,0.0,64.0,1.0,0.0,2.0,11.0,3.0,33.80478441398058,0.0,CIPHERTEXT
4.0,0.0,16.0,1.0,1.0,2.0,3.0,1.0,16.349851365001356,0.0,KEY
4.0,0.0,16.0,1.0,1.0,2.0,11.0,3.0,16.349851365001356,0.0,KEY
4.584962500721156,0.0,24.0,1.0,1.0,2.0,0.0,0.0,21.291906488858938,0.0,KEY
3.75,0.0,16.0,1.0,1.0,2.0,11.0,3.0,15.32798565468877,0.0,IV
4.890723149067329,0.0,64.0,1.0,0.0,2.0,11.0,3.0,29.45373367537624,0.0,PLAINTEXT
5.875,0.0,64.0,1.0,0.0,2.0,11.0,3.0,35.38141090154217,0.0,CIPHERTEXT
4.418295834054489,0.0,24.0,1.0,1.0,2.0,3.0,1.0,20.517930457229816,0.0,KEY
4.584962500721156,0.0,24.0,1.0,1.0,2.0,11.0,3.0,21.291906488858938,0.0,KEY
4.8125,0.0,32.0,1.0,0.0,2.0,0.0,0.0,24.276146699412557,0.0,KEY
4.0,0.0,16.0,1.0,1.0,2.0,11.0,3.0,16.349851365001356,0.0,IV
4.51118417945087,0.0,64.0,1.0,0.0,2.0,11.0,3.0,27.1680104009681,0.0,PLAINTEXT
5.75,0.0,64.0,1.0,0.0,2.0,11.0,3.0,34.62861492491361,0.0,CIPHERTEXT
4.663909765557392,0.0,32.0,1.0,0.0,2.0,3.0,1.0,23.52659899459617,0.0,KEY
4.9375,0.0,32.0,1.0,0.0,2.0,11.0,3.0,24.906695964332364,0.0,KEY
4.0,0.0,16.0,1.0,1.0,2.0,0.0,0.0,16.349851365001356,0.0,KEY
4.0,0.0,16.0,1.0,1.0,2.0,11.0,3.0,16.349851365001356,0.0,IV
4.386587797403417,0.0,64.0,1.0,0.0,2.0,11.0,3.0,26.417645160105717,0.0,PLAINTEXT
5.78125,0.0,64.0,1.0,0.0,2.0,11.0,3.0,34.81681391907075,0.0,CIPHERTEXT
3.875,0.0,16.0,1.0,1.0,2.0,3.0,1.0,15.838918509845064,0.0,KEY
3.875,0.0,16.0,1.0,1.0,2.0,11.0,3.0,15.838918509845064,0.0,KEY
4.418295834054489,0.0,24.0,1.0,1.0,2.0,0.0,0.0,20.517930457229816,0.0,KEY
4.0,0.0,16.0,1.0,1.0,2.0,11.0,3.0,16.349851365001356,0.0,IV
4.907560203736037,0.0,64.0,1.0,0.0,2.0,11.0,3.0,29.555132611479273,0.0,PLAINTEXT
5.8125,0.0,64.0,1.0,0.0,2.0,11.0,3.0,35.005012913227894,0.0,CIPHERTEXT
4.501629167387822,0.0,24.0,1.0,1.0,2.0,3.0,1.0,20.904918473044376,0.0,KEY
4.584962500721156,0.0,24.0,1.0,1.0,2.0,11.0,3.0,21.291906488858938,0.0,KEY
5.0,0.0,32.0,1.0,0.0,2.0,0.0,0.0,25.221970596792268,0.0,KEY
3.875,0.0,16.0,1.0,1.0,2.0,11.0,3.0,15.838918509845064,0.0,IV
4.246268266288633,0.0,64.0,1.0,0.0,2.0,11.0,3.0,25.572589332380797,0.0,PLAINTEXT
5.75,0.0,64.0,1.0,0.0,2.0,11.0,3.0,34.62861492491361,0.0,CIPHERTEXT
4.8125,0.0,32.0,1.0,0.0,2.0,3.0,1.0,24.276146699412557,0.0,KEY
4.9375,0.0,32.0,1.0,0.0,2.0,11.0,3.0,24.906695964332364,0.0,KEY
4.8125,0.0,32.0,1.0,0.0,2.0,0.0,0.0,24.276146699412557,0.0,KEY
3.875,0.0,16.0,1.0,1.0,2.0,11.0,3.0,15.838918509845064,0.0,IV
4.715924852072124,0.0,64.0,1.0,0.0,2.0,11.0,3.0,28.401034037780136,0.0,PLAINTEXT
5.738204882778696,0.0,64.0,1.0,0.0,2.0,11.0,3.0,34.55758039060913,0.0,CIPHERTEXT
4.8125,0.0,32.0,1.0,0.0,2.0,3.0,1.0,24.276146699412557,0.0,KEY
4.8125,0.0,32.0,1.0,0.0,2.0,11.0,3.0,24.276146699412557,0.0,KEY
4.9375,0.0,32.0,1.0,0.0,2.0,0.0,0.0,24.906695964332364,0.0,KEY
3.584962500721156,0.0,12.0,0.0,1.0,2.0,11.0,3.0,13.26593762571498,0.0,IV
4.892283547037795,0.0,64.0,1.0,0.0,2.0,11.0,3.0,29.463130965889096,0.0,PLAINTEXT
6.01249200111032,0.0,80.0,0.0,0.0,2.0,11.0,3.0,38.11829743058304,0.0,CIPHERTEXT
4.788909765557392,0.0,32.0,1.0,0.0,2.0,3.0,1.0,24.157148259515978,0.0,KEY
5.0,0.0,32.0,1.0,0.0,2.0,11.0,3.0,25.221970596792268,0.0,KEY
3.75,0.0,16.0,1.0,1.0,2.0,0.0,0.0,15.32798565468877,0.0,KEY
4.0,0.0,16.0,1.0,1.0,2.0,11.0,3.0,16.349851365001356,0.0,IV
4.995864648336088,0.0,64.0,1.0,0.0,2.0,11.0,3.0,30.086934456385976,0.0,PLAINTEXT
5.78125,0.0,64.0,1.0,0.0,2.0,11.0,3.0,34.81681391907075,0.0,CIPHERTEXT
4.0,0.0,16.0,1.0,1.0,2.0,3.0,1.0,16.349851365001356,0.0,KEY
4.0,0.0,16.0,1.0,1.0,2.0,11.0,3.0,16.349851365001356,0.0,KEY
4.501629167387822,0.0,24.0,1.0,1.0,2.0,0.0,0.0,20.904918473044376,0.0,KEY
4.0,0.0,16.0,1.0,1.0,2.0,11.0,3.0,16.349851365001356,0.0,IV
4.7268133835099375,0.0,64.0,1.0,0.0,2.0,11.0,3.0,28.46660877904237,0.0,PLAINTEXT
5.769454882778696,0.0,64.0,1.0,0.0,2.0,11.0,3.0,34.74577938476627,0.0,CIPHERTEXT
4.386842188131011,0.0,24.0,1.0,1.0,2.0,3.0,1.0,20.371864248917092,0.0,KEY
4.501629167387822,0.0,24.0,1.0,1.0,2.0,11.0,3.0,20.904918473044376,0.0,KEY
4.9375,0.0,32.0,1.0,0.0,2.0,0.0,0.0,24.906695964332364,0.0,KEY
3.875,0.0,16.0,1.0,1.0,2.0,11.0,3.0,15.838918509845064,0.0,IV
4.857509133144316,0.0,64.0,1.0,0.0,2.0,11.0,3.0,29.25370665494008,0.0,PLAINTEXT
5.96875,0.0,64.0,1.0,0.0,2.0,11.0,3.0,35.94600788401359,0.0,CIPHERTEXT
4.8125,0.0,32.0,1.0,0.0,2.0,3.0,1.0,24.276146699412557,0.0,KEY
5.0,0.0,32.0,1.0,0.0,2.0,11.0,3.0,25.221970596792268,0.0,KEY
4.9375,0.0,32.0,1.0,0.0,2.0,0.0,0.0,24.906695964332364,0.0,KEY
3.875,0.0,16.0,1.0,1.0,2.0,11.0,3.0,15.838918509845064,0.0,IV
4.622828664259099,0.0,64.0,1.0,0.0,2.0,11.0,3.0,27.840374552779323,0.0,PLAINTEXT
5.6875,0.0,64.0,1.0,0.0,2.0,11.0,3.0,34.25221693659933,0.0,CIPHERTEXT
4.8125,0.0,32.0,1.0,0.0,2.0,3.0,1.0,24.276146699412557,0.0,KEY
5.0,0.0,32.0,1.0,0.0,2.0,11.0,3.0,25.221970596792268,0.0,KEY
4.9375,0.0,32.0,1.0,0.0,2.0,0.0,0.0,24.906695964332364,0.0,KEY
3.584962500721156,0.0,12.0,0.0,1.0,2.0,11.0,3.0,13.26593762571498,0.0,IV
4.682207868318166,0.0,64.0,1.0,0.0,2.0,11.0,3.0,28.197977960067895,0.0,PLAINTEXT
5.78125,0.0,64.0,1.0,0.0,2.0,11.0,3.0,34.81681391907075,0.0,CIPHERTEXT
4.6875,0.0,32.0,1.0,0.0,2.0,3.0,1.0,23.64559743449275,0.0,KEY
4.9375,0.0,32.0,1.0,0.0,2.0,11.0,3.0,24.906695964332364,0.0,KEY
4.0,0.0,16.0,1.0,1.0,2.0,0.0,0.0,16.349851365001356,0.0,KEY
4.0,0.0,16.0,1.0,1.0,2.0,11.0,3.0,16.349851365001356,0.0,IV
4.42393716499034,0.0,64.0,1.0,0.0,2.0,11.0,3.0,26.642576789298175,0.0,PLAINTEXT
5.84375,0.0,64.0,1.0,0.0,2.0,11.0,3.0,35.19321190738503,0.0,CIPHERTEXT
4.0,0.0,16.0,1.0,1.0,2.0,3.0,1.0,16.349851365001356,0.0,KEY
4.0,0.0,16.0,1.0,1.0,2.0,11.0,3.0,16.349851365001356,0.0,KEY
4.418295834054489,0.0,24.0,1.0,1.0,2.0,0.0,0.0,20.517930457229816,0.0,KEY
4.0,0.0,16.0,1.0,1.0,2.0,11.0,3.0,16.349851365001356,0.0,IV
4.288702445739504,0.0,64.0,1.0,0.0,2.0,11.0,3.0,25.828143568877998,0.0,PLAINTEXT
5.84375,0.0,64.0,1.0,0.0,2.0,11.0,3.0,35.19321190738503,0.0,CIPHERTEXT
4.501629167387822,0.0,24.0,1.0,1.0,2.0,3.0,1.0,20.904918473044376,0.0,KEY
4.418295834054489,0.0,24.0,1.0,1.0,2.0,11.0,3.0,20.517930457229816,0.0,KEY
4.875,0.0,32.0,1.0,0.0,2.0,0.0,0.0,24.59142133187246,0.0,KEY
3.875,0.0,16.0,1.0,1.0,2.0,11.0,3.0,15.838918509845064,0.0,IV
4.935328664259099,0.0,64.0,1.0,0.0,2.0,11.0,3.0,29.722364494350714,0.0,PLAINTEXT
5.675704882778696,0.0,64.0,1.0,0.0,2.0,11.0,3.0,34.18118240229486,0.0,CIPHERTEXT
4.788909765557392,0.0,32.0,1.0,0.0,2.0,3.0,1.0,24.157148259515978,0.0,KEY
4.8125,0.0,32.0,1.0,0.0,2.0,11.0,3.0,24.276146699412557,0.0,KEY
4.0,0.0,16.0,1.0,1.0,2.0,0.0,0.0,16.349851365001356,0.0,KEY
4.0,0.0,16.0,1.0,1.0,2.0,11.0,3.0,16.349851365001356,0.0,IV
4.496268266288633,0.0,64.0,1.0,0.0,2.0,11.0,3.0,27.078181285637914,0.0,PLAINTEXT
5.863204882778696,0.0,64.0,1.0,0.0,2.0,11.0,3.0,35.31037636723769,0.0,CIPHERTEXT
4.0,0.0,16.0,1.0,1.0,2.0,3.0,1.0,16.349851365001356,0.0,KEY
4.0,0.0,16.0,1.0,1.0,2.0,11.0,3.0,16.349851365001356,0.0,KEY
4.501629167387822,0.0,24.0,1.0,1.0,2.0,0.0,0.0,20.904918473044376,0.0,KEY
4.0,0.0,16.0,1.0,1.0,2.0,11.0,3.0,16.349851365001356,0.0,IV
4.966578664259099,0.0,64.0,1.0,0.0,2.0,11.0,3.0,29.910563488507854,0.0,PLAINTEXT
5.675704882778696,0.0,64.0,1.0,0.0,2.0,11.0,3.0,34.18118240229486,0.0,CIPHERTEXT
4.501629167387822,0.0,24.0,1.0,1.0,2.0,3.0,1.0,20.904918473044376,0.0,KEY
4.584962500721156,0.0,24.0,1.0,1.0,2.0,11.0,3.0,21.291906488858938,0.0,KEY
4.726409765557392,0.0,32.0,1.0,0.0,2.0,0.0,0.0,23.841873627056074,0.0,KEY
4.0,0.0,16.0,1.0,1.0,2.0,11.0,3.0,16.349851365001356,0.0,IV
4.990168898701707,0.0,64.0,1.0,0.0,2.0,11.0,3.0,30.052632557116812,0.0,PLAINTEXT
5.65625,0.0,64.0,1.0,0.0,2.0,11.0,3.0,34.06401794244219,0.0,CIPHERTEXT
4.9375,0.0,32.0,1.0,0.0,2.0,3.0,1.0,24.906695964332364,0.0,KEY
4.851409765557392,0.0,32.0,1.0,0.0,2.0,11.0,3.0,24.47242289197588,0.0,KEY
3.875,0.0,16.0,1.0,1.0,2.0,0.0,0.0,15.838918509845064,0.0,KEY
4.0,0.0,16.0,1.0,1.0,2.0,11.0,3.0,16.349851365001356,0.0,IV
4.517283547037795,0.0,64.0,1.0,0.0,2.0,11.0,3.0,27.20474303600343,0.0,PLAINTEXT
5.75,0.0,64.0,1.0,0.0,2.0,11.0,3.0,34.62861492491361,0.0,CIPHERTEXT
4.0,0.0,16.0,1.0,1.0,2.0,3.0,1.0,16.349851365001356,0.0,KEY
3.875,0.0,16.0,1.0,1.0,2.0,11.0,3.0,15.838918509845064,0.0,KEY
4.584962500721156,0.0,24.0,1.0,1.0,2.0,0.0,0.0,21.291906488858938,0.0,KEY
4.0,0.0,16.0,1.0,1.0,2.0,11.0,3.0,16.349851365001356,0.0,IV
4.3948585007312415,0.0,64.0,1.0,0.0,2.0,11.0,3.0,26.467454377618317,0.0,PLAINTEXT
5.78125,0.0,64.0,1.0,0.0,2.0,11.0,3.0,34.81681391907075,0.0,CIPHERTEXT
4.501629167387822,0.0,24.0,1.0,1.0,2.0,3.0,1.0,20.904918473044376,0.0,KEY
4.41829583405449,0.0,24.0,1.0,1.0,2.0,11.0,3.0,20.51793045722982,0.0,KEY
4.9375,0.0,32.0,1.0,0.0,2.0,0.0,0.0,24.906695964332364,0.0,KEY
4.0,0.0,16.0,1.0,1.0,2.0,11.0,3.0,16.349851365001356,0.0,IV
4.615168898701708,0.0,64.0,1.0,0.0,2.0,11.0,3.0,27.794244627231148,0.0,PLAINTEXT
5.8125,0.0,64.0,1.0,0.0,2.0,11.0,3.0,35.005012913227894,0.0,CIPHERTEXT
5.0,0.0,32.0,1.0,0.0,2.0,3.0,1.0,25.221970596792268,0.0,KEY
4.875,0.0,32.0,1.0,0.0,2.0,11.0,3.0,24.59142133187246,0.0,KEY
4.9375,0.0,32.0,1.0,0.0,2.0,0.0,0.0,24.906695964332364,0.0,KEY
4.0,0.0,16.0,1.0,1.0,2.0,11.0,3.0,16.349851365001356,0.0,IV
4.230741415355961,0.0,64.0,1.0,0.0,2.0,11.0,3.0,25.479080925086187,0.0,PLAINTEXT
5.800704882778696,0.0,64.0,1.0,0.0,2.0,11.0,3.0,34.93397837892341,0.0,CIPHERTEXT
4.8125,0.0,32.0,1.0,0.0,2.0,3.0,1.0,24.276146699412557,0.0,KEY
4.9375,0.0,32.0,1.0,0.0,2.0,11.0,3.0,24.906695964332364,0.0,KEY
4.663909765557392,0.0,32.0,1.0,0.0,2.0,0.0,0.0,23.52659899459617,0.0,KEY
3.4182958340544896,0.0,12.0,0.0,1.0,2.0,11.0,3.0,12.649197672691464,0.0,IV
4.496268266288633,0.0,64.0,1.0,0.0,2.0,11.0,3.0,27.078181285637914,0.0,PLAINTEXT
6.13749200111032,0.0,80.0,0.0,0.0,2.0,11.0,3.0,38.91077868094362,0.0,CIPHERTEXT
4.875,0.0,32.0,1.0,0.0,2.0,3.0,1.0,24.59142133187246,0.0,KEY
4.875,0.0,32.0,1.0,0.0,2.0,11.0,3.0,24.59142133187246,0.0,KEY
3.875,0.0,16.0,1.0,1.0,2.0,0.0,0.0,15.838918509845064,0.0,KEY
3.75,0.0,16.0,1.0,1.0,2.0,11.0,3.0,15.32798565468877,0.0,IV
4.617132914624721,0.0,64.0,1.0,0.0,2.0,11.0,3.0,27.80607265351017,0.0,PLAINTEXT
5.9375,0.0,64.0,1.0,0.0,2.0,11.0,3.0,35.75780888985645,0.0,CIPHERTEXT
4.0,0.0,16.0,1.0,1.0,2.0,3.0,1.0,16.349851365001356,0.0,KEY
4.0,0.0,16.0,1.0,1.0,2.0,11.0,3.0,16.349851365001356,0.0,KEY
4.418295834054489,0.0,24.0,1.0,1.0,2.0,0.0,0.0,20.517930457229816,0.0,KEY
3.875,0.0,16.0,1.0,1.0,2.0,11.0,3.0,15.838918509845064,0.0,IV
4.083014892280303,0.0,64.0,1.0,0.0,2.0,11.0,3.0,24.58941746738474,0.0,PLAINTEXT
5.800704882778696,0.0,64.0,1.0,0.0,2.0,11.0,3.0,34.93397837892341,0.0,CIPHERTEXT
4.584962500721156,0.0,24.0,1.0,1.0,2.0,3.0,1.0,21.291906488858938,0.0,KEY
4.334962500721156,0.0,24.0,1.0,1.0,2.0,11.0,3.0,20.130942441415257,0.0,KEY
4.875,0.0,32.0,1.0,0.0,2.0,0.0,0.0,24.59142133187246,0.0,KEY
4.0,0.0,16.0,1.0,1.0,2.0,11.0,3.0,16.349851365001356,0.0,IV
4.816428031846025,0.0,64.0,1.0,0.0,2.0,11.0,3.0,29.006301152757487,0.0,PLAINTEXT
5.78125,0.0,64.0,1.0,0.0,2.0,11.0,3.0,34.81681391907075,0.0,CIPHERTEXT
4.9375,0.0,32.0,1.0,0.0,2.0,3.0,1.0,24.906695964332364,0.0,KEY
4.8125,0.0,32.0,1.0,0.0,2.0,11.0,3.0,24.276146699412557,0.0,KEY
4.625,0.0,32.0,1.0,0.0,2.0,0.0,0.0,23.330322802032846,0.0,KEY
3.875,0.0,16.0,1.0,1.0,2.0,11.0,3.0,15.838918509845064,0.0,IV
4.931804250365621,0.0,64.0,1.0,0.0,2.0,11.0,3.0,29.701139177558844,0.0,PLAINTEXT
5.632659765557392,0.0,64.0,1.0,0.0,2.0,11.0,3.0,33.92194887383324,0.0,CIPHERTEXT
4.875,0.0,32.0,1.0,0.0,2.0,3.0,1.0,24.59142133187246,0.0,KEY
4.875,0.0,32.0,1.0,0.0,2.0,11.0,3.0,24.59142133187246,0.0,KEY
4.75,0.0,32.0,1.0,0.0,2.0,0.0,0.0,23.960872066952653,0.0,KEY
3.4182958340544896,0.0,12.0,0.0,1.0,2.0,11.0,3.0,12.649197672691464,0.0,IV
4.639708593344349,0.0,64.0,1.0,0.0,2.0,11.0,3.0,27.942031694388536,0.0,PLAINTEXT
5.769454882778696,0.0,64.0,1.0,0.0,2.0,11.0,3.0,34.74577938476627,0.0,CIPHERTEXT
4.875,0.0,32.0,1.0,0.0,2.0,3.0,1.0,24.59142133187246,0.0,KEY
4.875,0.0,32.0,1.0,0.0,2.0,11.0,3.0,24.59142133187246,0.0,KEY
4.0,0.0,16.0,1.0,1.0,2.0,0.0,0.0,16.349851365001356,0.0,KEY
4.0,0.0,16.0,1.0,1.0,2.0,11.0,3.0,16.349851365001356,0.0,IV
4.519247562960808,0.0,64.0,1.0,0.0,2.0,11.0,3.0,27.21657106228245,0.0,PLAINTEXT
5.71875,0.0,64.0,1.0,0.0,2.0,11.0,3.0,34.44041593075647,0.0,CIPHERTEXT
4.0,0.0,16.0,1.0,1.0,2.0,3.0,1.0,16.349851365001356,0.0,KEY
3.875,0.0,16.0,1.0,1.0,2.0,11.0,3.0,15.838918509845064,0.0,KEY
4.251629167387822,0.0,24.0,1.0,1.0,2.0,0.0,0.0,19.743954425600695,0.0,KEY
4.0,0.0,16.0,1.0,1.0,2.0,11.0,3.0,16.349851365001356,0.0,IV
4.207267080954298,0.0,64.0,1.0,0.0,2.0,11.0,3.0,25.337709849153345,0.0,PLAINTEXT
5.8125,0.0,64.0,1.0,0.0,2.0,11.0,3.0,35.005012913227894,0.0,CIPHERTEXT
4.501629167387822,0.0,24.0,1.0,1.0,2.0,3.0,1.0,20.904918473044376,0.0,KEY
4.501629167387822,0.0,24.0,1.0,1.0,2.0,11.0,3.0,20.904918473044376,0.0,KEY
4.875,0.0,32.0,1.0,0.0,2.0,0.0,0.0,24.59142133187246,0.0,KEY
4.0,0.0,16.0,1.0,1.0,2.0,11.0,3.0,16.349851365001356,0.0,IV
4.161084617629516,0.0,64.0,1.0,0.0,2.0,11.0,3.0,25.05958206849981,0.0,PLAINTEXT
5.769454882778696,0.0,64.0,1.0,0.0,2.0,11.0,3.0,34.74577938476627,0.0,CIPHERTEXT
4.9375,0.0,32.0,1.0,0.0,2.0,3.0,1.0,24.906695964332364,0.0,KEY
5.0,0.0,32.0,1.0,0.0,2.0,11.0,3.0,25.221970596792268,0.0,KEY
3.875,0.0,16.0,1.0,1.0,2.0,0.0,0.0,15.838918509845064,0.0,KEY
3.875,0.0,16.0,1.0,1.0,2.0,11.0,3.0,15.838918509845064,0.0,IV
4.6304884298164914,0.0,64.0,1.0,0.0,2.0,11.0,3.0,27.886504478327506,0.0,PLAINTEXT
5.800704882778696,0.0,64.0,1.0,0.0,2.0,11.0,3.0,34.93397837892341,0.0,CIPHERTEXT
4.0,0.0,16.0,1.0,1.0,2.0,3.0,1.0,16.349851365001356,0.0,KEY
4.0,0.0,16.0,1.0,1.0,2.0,11.0,3.0,16.349851365001356,0.0,KEY
4.251629167387822,0.0,24.0,1.0,1.0,2.0,0.0,0.0,19.743954425600695,0.0,KEY
4.0,0.0,16.0,1.0,1.0,2.0,11.0,3.0,16.349851365001356,0.0,IV
4.866729296672175,0.0,64.0,1.0,0.0,2.0,11.0,3.0,29.309233871001116,0.0,PLAINTEXT
5.78125,0.0,64.0,1.0,0.0,2.0,11.0,3.0,34.81681391907075,0.0,CIPHERTEXT
4.334962500721156,0.0,24.0,1.0,1.0,2.0,3.0,1.0,20.130942441415257,0.0,KEY
4.501629167387822,0.0,24.0,1.0,1.0,2.0,11.0,3.0,20.904918473044376,0.0,KEY
4.9375,0.0,32.0,1.0,0.0,2.0,0.0,0.0,24.906695964332364,0.0,KEY
4.0,0.0,16.0,1.0,1.0,2.0,11.0,3.0,16.349851365001356,0.0,IV
4.841578664259099,0.0,64.0,1.0,0.0,2.0,11.0,3.0,29.1577675118793,0.0,PLAINTEXT
5.90625,0.0,64.0,1.0,0.0,2.0,11.0,3.0,35.56960989569931,0.0,CIPHERTEXT
4.75,0.0,32.0,1.0,0.0,2.0,3.0,1.0,23.960872066952653,0.0,KEY
4.8125,0.0,32.0,1.0,0.0,2.0,11.0,3.0,24.276146699412557,0.0,KEY
3.75,0.0,16.0,1.0,1.0,2.0,0.0,0.0,15.32798565468877,0.0,KEY
3.875,0.0,16.0,1.0,1.0,2.0,11.0,3.0,15.838918509845064,0.0,IV
4.947123781480403,0.0,64.0,1.0,0.0,2.0,11.0,3.0,29.793399028655195,0.0,PLAINTEXT
5.84375,0.0,64.0,1.0,0.0,2.0,11.0,3.0,35.19321190738503,0.0,CIPHERTEXT
4.0,0.0,16.0,1.0,1.0,2.0,3.0,1.0,16.349851365001356,0.0,KEY
4.0,0.0,16.0,1.0,1.0,2.0,11.0,3.0,16.349851365001356,0.0,KEY
4.334962500721156,0.0,24.0,1.0,1.0,2.0,0.0,0.0,20.130942441415257,0.0,KEY
4.0,0.0,16.0,1.0,1.0,2.0,11.0,3.0,16.349851365001356,0.0,IV
4.370428456835347,0.0,64.0,1.0,0.0,2.0,11.0,3.0,26.32032766758881,0.0,PLAINTEXT
5.84375,0.0,64.0,1.0,0.0,2.0,11.0,3.0,35.19321190738503,0.0,CIPHERTEXT
4.418295834054489,0.0,24.0,1.0,1.0,2.0,3.0,1.0,20.517930457229816,0.0,KEY
4.584962500721156,0.0,24.0,1.0,1.0,2.0,11.0,3.0,21.291906488858938,0.0,KEY
5.0,0.0,32.0,1.0,0.0,2.0,0.0,0.0,25.221970596792268,0.0,KEY
4.0,0.0,16.0,1.0,1.0,2.0,11.0,3.0,16.349851365001356,0.0,IV
4.933768266288633,0.0,64.0,1.0,0.0,2.0,11.0,3.0,29.712967203837863,0.0,PLAINTEXT
5.769454882778696,0.0,64.0,1.0,0.0,2.0,11.0,3.0,34.74577938476627,0.0,CIPHERTEXT
4.8125,0.0,32.0,1.0,0.0,2.0,3.0,1.0,24.276146699412557,0.0,KEY
4.6875,0.0,32.0,1.0,0.0,2.0,11.0,3.0,23.64559743449275,0.0,KEY
4.75,0.0,32.0,1.0,0.0,2.0,0.0,0.0,23.960872066952653,0.0,KEY
3.75,0.0,16.0,1.0,1.0,2.0,11.0,3.0,15.32798565468877,0.0,IV
4.819909571322961,0.0,64.0,1.0,0.0,2.0,11.0,3.0,29.02726826404318,0.0,PLAINTEXT
5.675704882778696,0.0,64.0,1.0,0.0,2.0,11.0,3.0,34.18118240229486,0.0,CIPHERTEXT
4.8125,0.0,32.0,1.0,0.0,2.0,3.0,1.0,24.276146699412557,0.0,KEY
4.875,0.0,32.0,1.0,0.0,2.0,11.0,3.0,24.59142133187246,0.0,KEY
4.875,0.0,32.0,1.0,0.0,2.0,0.0,0.0,24.59142133187246,0.0,KEY
3.584962500721156,0.0,12.0,0.0,1.0,2.0,11.0,3.0,13.26593762571498,0.0,IV
4.361437164990341,0.0,64.0,1.0,0.0,2.0,11.0,3.0,26.2661788009839,0.0,PLAINTEXT
6.021928094887363,0.0,80.0,0.0,0.0,2.0,11.0,3.0,38.17812084974265,0.0,CIPHERTEXT
4.8125,0.0,32.0,1.0,0.0,2.0,3.0,1.0,24.276146699412557,0.0,KEY
4.875,0.0,32.0,1.0,0.0,2.0,11.0,3.0,24.59142133187246,0.0,KEY
4.0,0.0,16.0,1.0,1.0,2.0,0.0,0.0,16.349851365001356,0.0,KEY
3.875,0.0,16.0,1.0,1.0,2.0,11.0,3.0,15.838918509845064,0.0,IV
4.617132914624721,0.0,64.0,1.0,0.0,2.0,11.0,3.0,27.80607265351017,0.0,PLAINTEXT
5.738204882778696,0.0,64.0,1.0,0.0,2.0,11.0,3.0,34.55758039060913,0.0,CIPHERTEXT
4.0,0.0,16.0,1.0,1.0,2.0,3.0,1.0,16.349851365001356,0.0,KEY
4.0,0.0,16.0,1.0,1.0,2.0,11.0,3.0,16.349851365001356,0.0,KEY
4.584962500721156,0.0,24.0,1.0,1.0,2.0,0.0,0.0,21.291906488858938,0.0,KEY
3.875,0.0,16.0,1.0,1.0,2.0,11.0,3.0,15.838918509845064,0.0,IV
4.4311933125951875,0.0,64.0,1.0,0.0,2.0,11.0,3.0,26.68627597908019,0.0,PLAINTEXT
5.78125,0.0,64.0,1.0,0.0,2.0,11.0,3.0,34.81681391907075,0.0,CIPHERTEXT
4.501629167387822,0.0,24.0,1.0,1.0,2.0,3.0,1.0,20.904918473044376,0.0,KEY
4.501629167387822,0.0,24.0,1.0,1.0,2.0,11.0,3.0,20.904918473044376,0.0,KEY
4.875,0.0,32.0,1.0,0.0,2.0,0.0,0.0,24.59142133187246,0.0,KEY
4.0,0.0,16.0,1.0,1.0,2.0,11.0,3.0,16.349851365001356,0.0,IV
4.690774219659049,0.0,64.0,1.0,0.0,2.0,11.0,3.0,28.249567678658323,0.0,PLAINTEXT
5.738204882778696,0.0,64.0,1.0,0.0,2.0,11.0,3.0,34.55758039060913,0.0,CIPHERTEXT
4.851409765557392,0.0,32.0,1.0,0.0,2.0,3.0,1.0,24.47242289197588,0.0,KEY
4.9375,0.0,32.0,1.0,0.0,2.0,11.0,3.0,24.906695964332364,0.0,KEY
5.0,0.0,32.0,1.0,0.0,2.0,0.0,0.0,25.221970596792268,0.0,KEY
4.0,0.0,16.0,1.0,1.0,2.0,11.0,3.0,16.349851365001356,0.0,IV
4.2807496115311405,0.0,64.0,1.0,0.0,2.0,11.0,3.0,25.7802486761192,0.0,PLAINTEXT
5.65625,0.0,64.0,1.0,0.0,2.0,11.0,3.0,34.06401794244219,0.0,CIPHERTEXT
4.875,0.0,32.0,1.0,0.0,2.0,3.0,1.0,24.59142133187246,0.0,KEY
4.9375,0.0,32.0,1.0,0.0,2.0,11.0,3.0,24.906695964332364,0.0,KEY
4.875,0.0,32.0,1.0,0.0,2.0,0.0,0.0,24.59142133187246,0.0,KEY
3.584962500721156,0.0,12.0,0.0,1.0,2.0,11.0,3.0,13.26593762571498,0.0,IV
4.527921884241178,0.0,64.0,1.0,0.0,2.0,11.0,3.0,27.268811015561223,0.0,PLAINTEXT
5.8125,0.0,64.0,1.0,0.0,2.0,11.0,3.0,35.005012913227894,0.0,CIPHERTEXT
4.9375,0.0,32.0,1.0,0.0,2.0,3.0,1.0,24.906695964332364,0.0,KEY
4.875,0.0,32.0,1.0,0.0,2.0,11.0,3.0,24.59142133187246,0.0,KEY
3.875,0.0,16.0,1.0,1.0,2.0,0.0,0.0,15.838918509845064,0.0,KEY
4.0,0.0,16.0,1.0,1.0,2.0,11.0,3.0,16.349851365001356,0.0,IV
4.611033547037795,0.0,64.0,1.0,0.0,2.0,11.0,3.0,27.769340018474846,0.0,PLAINTEXT
5.71875,0.0,64.0,1.0,0.0,2.0,11.0,3.0,34.44041593075647,0.0,CIPHERTEXT
4.0,0.0,16.0,1.0,1.0,2.0,3.0,1.0,16.349851365001356,0.0,KEY
4.0,0.0,16.0,1.0,1.0,2.0,11.0,3.0,16.349851365001356,0.0,KEY
4.584962500721156,0.0,24.0,1.0,1.0,2.0,0.0,0.0,21.291906488858938,0.0,KEY
4.0,0.0,16.0,1.0,1.0,2.0,11.0,3.0,16.349851365001356,0.0,IV
4.454783547037795,0.0,64.0,1.0,0.0,2.0,11.0,3.0,26.828345047689147,0.0,PLAINTEXT
5.875,0.0,64.0,1.0,0.0,2.0,11.0,3.0,35.38141090154217,0.0,CIPHERTEXT
4.334962500721156,0.0,24.0,1.0,1.0,2.0,3.0,1.0,20.130942441415257,0.0,KEY
4.251629167387822,0.0,24.0,1.0,1.0,2.0,11.0,3.0,19.743954425600695,0.0,KEY
4.788909765557392,0.0,32.0,1.0,0.0,2.0,0.0,0.0,24.157148259515978,0.0,KEY
4.0,0.0,16.0,1.0,1.0,2.0,11.0,3.0,16.349851365001356,0.0,IV
4.494707868318166,0.0,64.0,1.0,0.0,2.0,11.0,3.0,27.06878399512506,0.0,PLAINTEXT
5.84375,0.0,64.0,1.0,0.0,2.0,11.0,3.0,35.19321190738503,0.0,CIPHERTEXT
4.9375,0.0,32.0,1.0,0.0,2.0,3.0,1.0,24.906695964332364,0.0,KEY
4.8125,0.0,32.0,1.0,0.0,2.0,11.0,3.0,24.276146699412557,0.0,KEY
3.875,0.0,16.0,1.0,1.0,2.0,0.0,0.0,15.838918509845064,0.0,KEY
3.875,0.0,16.0,1.0,1.0,2.0,11.0,3.0,15.838918509845064,0.0,IV
4.262669129456601,0.0,64.0,1.0,0.0,2.0,11.0,3.0,25.671361362829455,0.0,PLAINTEXT
5.71875,0.0,64.0,1.0,0.0,2.0,11.0,3.0,34.44041593075647,0.0,CIPHERTEXT
3.875,0.0,16.0,1.0,1.0,2.0,3.0,1.0,15.838918509845064,0.0,KEY
3.875,0.0,16.0,1.0,1.0,2.0,11.0,3.0,15.838918509845064,0.0,KEY
4.501629167387822,0.0,24.0,1.0,1.0,2.0,0.0,0.0,20.904918473044376,0.0,KEY
4.0,0.0,16.0,1.0,1.0,2.0,11.0,3.0,16.349851365001356,0.0,IV
4.4742384298164914,0.0,64.0,1.0,0.0,2.0,11.0,3.0,26.94550950754181,0.0,PLAINTEXT
5.738204882778696,0.0,64.0,1.0,0.0,2.0,11.0,3.0,34.55758039060913,0.0,CIPHERTEXT
4.501629167387822,0.0,24.0,1.0,1.0,2.0,3.0,1.0,20.904918473044376,0.0,KEY
4.584962500721156,0.0,24.0,1.0,1.0,2.0,11.0,3.0,21.291906488858938,0.0,KEY
5.0,0.0,32.0,1.0,0.0,2.0,0.0,0.0,25.221970596792268,0.0,KEY
4.0,0.0,16.0,1.0,1.0,2.0,11.0,3.0,16.349851365001356,0.0,IV
4.821469969293428,0.0,64.0,1.0,0.0,2.0,11.0,3.0,29.03666555455603,0.0,PLAINTEXT
5.75,0.0,64.0,1.0,0.0,2.0,11.0,3.0,34.62861492491361,0.0,CIPHERTEXT
4.9375,0.0,32.0,1.0,0.0,2.0,3.0,1.0,24.906695964332364,0.0,KEY
4.75,0.0,32.0,1.0,0.0,2.0,11.0,3.0,23.960872066952653,0.0,KEY
4.0,0.0,16.0,1.0,1.0,2.0,0.0,0.0,16.349851365001356,0.0,KEY
4.0,0.0,16.0,1.0,1.0,2.0,11.0,3.0,16.349851365001356,0.0,IV
5.040873781480403,0.0,64.0,1.0,0.0,2.0,11.0,3.0,30.357996011126613,0.0,PLAINTEXT
5.769454882778696,0.0,64.0,1.0,0.0,2.0,11.0,3.0,34.74577938476627,0.0,CIPHERTEXT
4.0,0.0,16.0,1.0,1.0,2.0,3.0,1.0,16.349851365001356,0.0,KEY
4.0,0.0,16.0,1.0,1.0,2.0,11.0,3.0,16.349851365001356,0.0,KEY
4.501629167387822,0.0,24.0,1.0,1.0,2.0,0.0,0.0,20.904918473044376,0.0,KEY
3.875,0.0,16.0,1.0,1.0,2.0,11.0,3.0,15.838918509845064,0.0,IV
4.6304884298164914,0.0,64.0,1.0,0.0,2.0,11.0,3.0,27.886504478327506,0.0,PLAINTEXT
5.8125,0.0,64.0,1.0,0.0,2.0,11.0,3.0,35.005012913227894,0.0,CIPHERTEXT
4.584962500721156,0.0,24.0,1.0,1.0,2.0,3.0,1.0,21.291906488858938,0.0,KEY
4.501629167387822,0.0,24.0,1.0,1.0,2.0,11.0,3.0,20.904918473044376,0.0,KEY
4.9375,0.0,32.0,1.0,0.0,2.0,0.0,0.0,24.906695964332364,0.0,KEY
3.875,0.0,16.0,1.0,1.0,2.0,11.0,3.0,15.838918509845064,0.0,IV
4.38502739943295,0.0,64.0,1.0,0.0,2.0,11.0,3.0,26.408247869592866,0.0,PLAINTEXT
5.71875,0.0,64.0,1.0,0.0,2.0,11.0,3.0,34.44041593075647,0.0,CIPHERTEXT
4.8125,0.0,32.0,1.0,0.0,2.0,3.0,1.0,24.276146699412557,0.0,KEY
4.875,0.0,32.0,1.0,0.0,2.0,11.0,3.0,24.59142133187246,0.0,KEY
4.9375,0.0,32.0,1.0,0.0,2.0,0.0,0.0,24.906695964332364,0.0,KEY
4.0,0.0,16.0,1.0,1.0,2.0,11.0,3.0,16.349851365001356,0.0,IV
5.01118417945087,0.0,64.0,1.0,0.0,2.0,11.0,3.0,30.179194307482327,0.0,PLAINTEXT
5.831954882778696,0.0,64.0,1.0,0.0,2.0,11.0,3.0,35.122177373080554,0.0,CIPHERTEXT
4.8125,0.0,32.0,1.0,0.0,2.0,3.0,1.0,24.276146699412557,0.0,KEY
4.8125,0.0,32.0,1.0,0.0,2.0,11.0,3.0,24.276146699412557,0.0,KEY
4.8125,0.0,32.0,1.0,0.0,2.0,0.0,0.0,24.276146699412557,0.0,KEY
3.584962500721156,0.0,12.0,0.0,1.0,2.0,11.0,3.0,13.26593762571498,0.0,IV
4.716578664259099,0.0,64.0,1.0,0.0,2.0,11.0,3.0,28.40497153525074,0.0,PLAINTEXT
6.11249200111032,0.0,80.0,0.0,0.0,2.0,11.0,3.0,38.75228243087151,0.0,CIPHERTEXT
4.9375,0.0,32.0,1.0,0.0,2.0,3.0,1.0,24.906695964332364,0.0,KEY
4.75,0.0,32.0,1.0,0.0,2.0,11.0,3.0,23.960872066952653,0.0,KEY
3.875,0.0,16.0,1.0,1.0,2.0,0.0,0.0,15.838918509845064,0.0,KEY
3.875,0.0,16.0,1.0,1.0,2.0,11.0,3.0,15.838918509845064,0.0,IV
4.677015086514732,0.0,64.0,1.0,0.0,2.0,11.0,3.0,28.166705118074816,0.0,PLAINTEXT
5.71875,0.0,64.0,1.0,0.0,2.0,11.0,3.0,34.44041593075647,0.0,CIPHERTEXT
4.0,0.0,16.0,1.0,1.0,2.0,3.0,1.0,16.349851365001356,0.0,KEY
3.875,0.0,16.0,1.0,1.0,2.0,11.0,3.0,15.838918509845064,0.0,KEY
4.501629167387822,0.0,24.0,1.0,1.0,2.0,0.0,0.0,20.904918473044376,0.0,KEY
4.0,0.0,16.0,1.0,1.0,2.0,11.0,3.0,16.349851365001356,0.0,IV
4.402921884241178,0.0,64.0,1.0,0.0,2.0,11.0,3.0,26.516015038932665,0.0,PLAINTEXT
5.78125,0.0,64.0,1.0,0.0,2.0,11.0,3.0,34.81681391907075,0.0,CIPHERTEXT
4.584962500721156,0.0,24.0,1.0,1.0,2.0,3.0,1.0,21.291906488858938,0.0,KEY
4.334962500721156,0.0,24.0,1.0,1.0,2.0,11.0,3.0,20.130942441415257,0.0,KEY
4.875,0.0,32.0,1.0,0.0,2.0,0.0,0.0,24.59142133187246,0.0,KEY
4.0,0.0,16.0,1.0,1.0,2.0,11.0,3.0,16.349851365001356,0.0,IV
4.182460641914682,0.0,64.0,1.0,0.0,2.0,11.0,3.0,25.18831634912531,0.0,PLAINTEXT
5.71875,0.0,64.0,1.0,0.0,2.0,11.0,3.0,34.44041593075647,0.0,CIPHERTEXT
4.9375,0.0,32.0,1.0,0.0,2.0,3.0,1.0,24.906695964332364,0.0,KEY
4.9375,0.0,32.0,1.0,0.0,2.0,11.0,3.0,24.906695964332364,0.0,KEY
5.0,0.0,32.0,1.0,0.0,2.0,0.0,0.0,25.221970596792268,0.0,KEY
4.0,0.0,16.0,1.0,1.0,2.0,11.0,3.0,16.349851365001356,0.0,IV
4.651864454101657,0.0,64.0,1.0,0.0,2.0,11.0,3.0,28.015238758953004,0.0,PLAINTEXT
5.8125,0.0,64.0,1.0,0.0,2.0,11.0,3.0,35.005012913227894,0.0,CIPHERTEXT
4.8125,0.0,32.0,1.0,0.0,2.0,3.0,1.0,24.276146699412557,0.0,KEY
5.0,0.0,32.0,1.0,0.0,2.0,11.0,3.0,25.221970596792268,0.0,KEY
4.875,0.0,32.0,1.0,0.0,2.0,0.0,0.0,24.59142133187246,0.0,KEY
3.584962500721156,0.0,12.0,0.0,1.0,2.0,11.0,3.0,13.26593762571498,0.0,IV
4.556193312595187,0.0,64.0,1.0,0.0,2.0,11.0,3.0,27.439071955708744,0.0,PLAINTEXT
5.8125,0.0,64.0,1.0,0.0,2.0,11.0,3.0,35.005012913227894,0.0,CIPHERTEXT
4.875,0.0,32.0,1.0,0.0,2.0,3.0,1.0,24.59142133187246,0.0,KEY
5.0,0.0,32.0,1.0,0.0,2.0,11.0,3.0,25.221970596792268,0.0,KEY
4.0,0.0,16.0,1.0,1.0,2.0,0.0,0.0,16.349851365001356,0.0,KEY
4.0,0.0,16.0,1.0,1.0,2.0,11.0,3.0,16.349851365001356,0.0,IV
4.7242384298164914,0.0,64.0,1.0,0.0,2.0,11.0,3.0,28.451101460798924,0.0,PLAINTEXT
5.71875,0.0,64.0,1.0,0.0,2.0,11.0,3.0,34.44041593075647,0.0,CIPHERTEXT
4.0,0.0,16.0,1.0,1.0,2.0,3.0,1.0,16.349851365001356,0.0,KEY
4.0,0.0,16.0,1.0,1.0,2.0,11.0,3.0,16.349851365001356,0.0,KEY
4.584962500721156,0.0,24.0,1.0,1.0,2.0,0.0,0.0,21.291906488858938,0.0,KEY
3.875,0.0,16.0,1.0,1.0,2.0,11.0,3.0,15.838918509845064,0.0,IV
4.505849173352495,0.0,64.0,1.0,0.0,2.0,11.0,3.0,27.13588103195893,0.0,PLAINTEXT
5.738204882778696,0.0,64.0,1.0,0.0,2.0,11.0,3.0,34.55758039060913,0.0,CIPHERTEXT
4.418295834054489,0.0,24.0,1.0,1.0,2.0,3.0,1.0,20.517930457229816,0.0,KEY
4.584962500721156,0.0,24.0,1.0,1.0,2.0,11.0,3.0,21.291906488858938,0.0,KEY
4.875,0.0,32.0,1.0,0.0,2.0,0.0,0.0,24.59142133187246,0.0,KEY
3.875,0.0,16.0,1.0,1.0,2.0,11.0,3.0,15.838918509845064,0.0,IV
4.5443981953738835,0.0,64.0,1.0,0.0,2.0,11.0,3.0,27.36803742140427,0.0,PLAINTEXT
5.788909765557392,0.0,64.0,1.0,0.0,2.0,11.0,3.0,34.86294384461893,0.0,CIPHERTEXT
5.0,0.0,32.0,1.0,0.0,2.0,3.0,1.0,25.221970596792268,0.0,KEY
4.9375,0.0,32.0,1.0,0.0,2.0,11.0,3.0,24.906695964332364,0.0,KEY
4.0,0.0,16.0,1.0,1.0,2.0,0.0,0.0,16.349851365001356,0.0,KEY
4.0,0.0,16.0,1.0,1.0,2.0,11.0,3.0,16.349851365001356,0.0,IV
4.5004036179525455,0.0,64.0,1.0,0.0,2.0,11.0,3.0,27.103085894394216,0.0,PLAINTEXT
5.738204882778696,0.0,64.0,1.0,0.0,2.0,11.0,3.0,34.55758039060913,0.0,CIPHERTEXT
4.0,0.0,16.0,1.0,1.0,2.0,3.0,1.0,16.349851365001356,0.0,KEY
4.0,0.0,16.0,1.0,1.0,2.0,11.0,3.0,16.349851365001356,0.0,KEY
4.418295834054489,0.0,24.0,1.0,1.0,2.0,0.0,0.0,20.517930457229816,0.0,KEY
3.875,0.0,16.0,1.0,1.0,2.0,11.0,3.0,15.838918509845064,0.0,IV
4.337962830588678,0.0,64.0,1.0,0.0,2.0,11.0,3.0,26.12480772505106,0.0,PLAINTEXT
5.693599367586925,0.0,64.0,1.0,0.0,2.0,11.0,3.0,34.28894957163466,0.0,CIPHERTEXT
4.334962500721156,0.0,24.0,1.0,1.0,2.0,3.0,1.0,20.130942441415257,0.0,KEY
4.334962500721156,0.0,24.0,1.0,1.0,2.0,11.0,3.0,20.130942441415257,0.0,KEY
4.9375,0.0,32.0,1.0,0.0,2.0,0.0,0.0,24.906695964332364,0.0,KEY
4.0,0.0,16.0,1.0,1.0,2.0,11.0,3.0,16.349851365001356,0.0,IV
4.484876767019874,0.0,64.0,1.0,0.0,2.0,11.0,3.0,27.009577487099605,0.0,PLAINTEXT
5.800704882778696,0.0,64.0,1.0,0.0,2.0,11.0,3.0,34.93397837892341,0.0,CIPHERTEXT
4.9375,0.0,32.0,1.0,0.0,2.0,3.0,1.0,24.906695964332364,0.0,KEY
4.875,0.0,32.0,1.0,0.0,2.0,11.0,3.0,24.59142133187246,0.0,KEY
4.0,0.0,16.0,1.0,1.0,2.0,0.0,0.0,16.349851365001356,0.0,KEY
4.0,0.0,16.0,1.0,1.0,2.0,11.0,3.0,16.349851365001356,0.0,IV
4.463457868318166,0.0,64.0,1.0,0.0,2.0,11.0,3.0,26.88058500096792,0.0,PLAINTEXT
5.75,0.0,64.0,1.0,0.0,2.0,11.0,3.0,34.62861492491361,0.0,CIPHERTEXT
4.0,0.0,16.0,1.0,1.0,2.0,3.0,1.0,16.349851365001356,0.0,KEY
4.0,0.0,16.0,1.0,1.0,2.0,11.0,3.0,16.349851365001356,0.0,KEY
4.584962500721156,0.0,24.0,1.0,1.0,2.0,0.0,0.0,21.291906488858938,0.0,KEY
4.0,0.0,16.0,1.0,1.0,2.0,11.0,3.0,16.349851365001356,0.0,IV
4.560328664259099,0.0,64.0,1.0,0.0,2.0,11.0,3.0,27.463976564465046,0.0,PLAINTEXT
5.800704882778696,0.0,64.0,1.0,0.0,2.0,11.0,3.0,34.93397837892341,0.0,CIPHERTEXT
4.584962500721156,0.0,24.0,1.0,1.0,2.0,3.0,1.0,21.291906488858938,0.0,KEY
4.501629167387822,0.0,24.0,1.0,1.0,2.0,11.0,3.0,20.904918473044376,0.0,KEY
4.875,0.0,32.0,1.0,0.0,2.0,0.0,0.0,24.59142133187246,0.0,KEY
4.0,0.0,16.0,1.0,1.0,2.0,11.0,3.0,16.349851365001356,0.0,IV
4.897979296672174,0.0,64.0,1.0,0.0,2.0,11.0,3.0,29.49743286515825,0.0,PLAINTEXT
5.84375,0.0,64.0,1.0,0.0,2.0,11.0,3.0,35.19321190738503,0.0,CIPHERTEXT
4.75,0.0,32.0,1.0,0.0,2.0,3.0,1.0,23.960872066952653,0.0,KEY
4.9375,0.0,32.0,1.0,0.0,2.0,11.0,3.0,24.906695964332364,0.0,KEY
4.875,0.0,32.0,1.0,0.0,2.0,0.0,0.0,24.59142133187246,0.0,KEY
4.0,0.0,16.0,1.0,1.0,2.0,11.0,3.0,16.349851365001356,0.0,IV
4.4311933125951875,0.0,64.0,1.0,0.0,2.0,11.0,3.0,26.68627597908019,0.0,PLAINTEXT
5.8125,0.0,64.0,1.0,0.0,2.0,11.0,3.0,35.005012913227894,0.0,CIPHERTEXT
5.0,0.0,32.0,1.0,0.0,2.0,3.0,1.0,25.221970596792268,0.0,KEY
4.8125,0.0,32.0,1.0,0.0,2.0,11.0,3.0,24.276146699412557,0.0,KEY
4.8125,0.0,32.0,1.0,0.0,2.0,0.0,0.0,24.276146699412557,0.0,KEY
3.584962500721156,0.0,12.0,0.0,1.0,2.0,11.0,3.0,13.26593762571498,0.0,IV
4.840018266288633,0.0,64.0,1.0,0.0,2.0,11.0,3.0,29.148370221366445,0.0,PLAINTEXT
5.953055907333276,0.0,80.0,0.0,0.0,2.0,11.0,3.0,37.7414815112792,0.0,CIPHERTEXT
4.8125,0.0,32.0,1.0,0.0,2.0,3.0,1.0,24.276146699412557,0.0,KEY
4.8125,0.0,32.0,1.0,0.0,2.0,11.0,3.0,24.276146699412557,0.0,KEY
4.0,0.0,16.0,1.0,1.0,2.0,0.0,0.0,16.349851365001356,0.0,KEY
3.875,0.0,16.0,1.0,1.0,2.0,11.0,3.0,15.838918509845064,0.0,IV
5.099849367586925,0.0,64.0,1.0,0.0,2.0,11.0,3.0,30.713168682649016,0.0,PLAINTEXT
5.663909765557392,0.0,64.0,1.0,0.0,2.0,11.0,3.0,34.11014786799038,0.0,CIPHERTEXT
4.0,0.0,16.0,1.0,1.0,2.0,3.0,1.0,16.349851365001356,0.0,KEY
3.875,0.0,16.0,1.0,1.0,2.0,11.0,3.0,15.838918509845064,0.0,KEY
4.501629167387822,0.0,24.0,1.0,1.0,2.0,0.0,0.0,20.904918473044376,0.0,KEY
4.0,0.0,16.0,1.0,1.0,2.0,11.0,3.0,16.349851365001356,0.0,IV
4.309171884241179,0.0,64.0,1.0,0.0,2.0,11.0,3.0,25.951418056461254,0.0,PLAINTEXT
5.78125,0.0,64.0,1.0,0.0,2.0,11.0,3.0,34.81681391907075,0.0,CIPHERTEXT
4.501629167387822,0.0,24.0,1.0,1.0,2.0,3.0,1.0,20.904918473044376,0.0,KEY
4.418295834054489,0.0,24.0,1.0,1.0,2.0,11.0,3.0,20.517930457229816,0.0,KEY
4.9375,0.0,32.0,1.0,0.0,2.0,0.0,0.0,24.906695964332364,0.0,KEY
3.875,0.0,16.0,1.0,1.0,2.0,11.0,3.0,15.838918509845064,0.0,IV
4.866729296672174,0.0,64.0,1.0,0.0,2.0,11.0,3.0,29.30923387100111,0.0,PLAINTEXT
5.8125,0.0,64.0,1.0,0.0,2.0,11.0,3.0,35.005012913227894,0.0,CIPHERTEXT
4.8125,0.0,32.0,1.0,0.0,2.0,3.0,1.0,24.276146699412557,0.0,KEY
4.75,0.0,32.0,1.0,0.0,2.0,11.0,3.0,23.960872066952653,0.0,KEY
5.0,0.0,32.0,1.0,0.0,2.0,0.0,0.0,25.221970596792268,0.0,KEY
4.0,0.0,16.0,1.0,1.0,2.0,11.0,3.0,16.349851365001356,0.0,IV
4.3804884298164914,0.0,64.0,1.0,0.0,2.0,11.0,3.0,26.380912525070393,0.0,PLAINTEXT
5.84375,0.0,64.0,1.0,0.0,2.0,11.0,3.0,35.19321190738503,0.0,CIPHERTEXT
4.9375,0.0,32.0,1.0,0.0,2.0,3.0,1.0,24.906695964332364,0.0,KEY
5.0,0.0,32.0,1.0,0.0,2.0,11.0,3.0,25.221970596792268,0.0,KEY
5.0,0.0,32.0,1.0,0.0,2.0,0.0,0.0,25.221970596792268,0.0,KEY
3.584962500721156,0.0,12.0,0.0,1.0,2.0,11.0,3.0,13.26593762571498,0.0,IV
5.007659765557392,0.0,64.0,1.0,0.0,2.0,11.0,3.0,30.157968990690453,0.0,PLAINTEXT
5.6875,0.0,64.0,1.0,0.0,2.0,11.0,3.0,34.25221693659933,0.0,CIPHERTEXT
4.75,0.0,32.0,1.0,0.0,2.0,3.0,1.0,23.960872066952653,0.0,KEY
4.875,0.0,32.0,1.0,0.0,2.0,11.0,3.0,24.59142133187246,0.0,KEY
3.875,0.0,16.0,1.0,1.0,2.0,0.0,0.0,15.838918509845064,0.0,KEY
4.0,0.0,16.0,1.0,1.0,2.0,11.0,3.0,16.349851365001356,0.0,IV
4.976409765557392,0.0,64.0,1.0,0.0,2.0,11.0,3.0,29.969769996533316,0.0,PLAINTEXT
5.875,0.0,64.0,1.0,0.0,2.0,11.0,3.0,35.38141090154217,0.0,CIPHERTEXT
3.875,0.0,16.0,1.0,1.0,2.0,3.0,1.0,15.838918509845064,0.0,KEY
3.875,0.0,16.0,1.0,1.0,2.0,11.0,3.0,15.838918509845064,0.0,KEY
4.501629167387822,0.0,24.0,1.0,1.0,2.0,0.0,0.0,20.904918473044376,0.0,KEY
3.875,0.0,16.0,1.0,1.0,2.0,11.0,3.0,15.838918509845064,0.0,IV
4.806804250365621,0.0,64.0,1.0,0.0,2.0,11.0,3.0,28.948343200930285,0.0,PLAINTEXT
5.800704882778696,0.0,64.0,1.0,0.0,2.0,11.0,3.0,34.93397837892341,0.0,CIPHERTEXT
4.501629167387822,0.0,24.0,1.0,1.0,2.0,3.0,1.0,20.904918473044376,0.0,KEY
4.418295834054489,0.0,24.0,1.0,1.0,2.0,11.0,3.0,20.517930457229816,0.0,KEY
4.875,0.0,32.0,1.0,0.0,2.0,0.0,0.0,24.59142133187246,0.0,KEY
4.0,0.0,16.0,1.0,1.0,2.0,11.0,3.0,16.349851365001356,0.0,IV
4.538659571322961,0.0,64.0,1.0,0.0,2.0,11.0,3.0,27.333477316628926,0.0,PLAINTEXT
5.875,0.0,64.0,1.0,0.0,2.0,11.0,3.0,35.38141090154217,0.0,CIPHERTEXT
4.875,0.0,32.0,1.0,0.0,2.0,3.0,1.0,24.59142133187246,0.0,KEY
4.726409765557392,0.0,32.0,1.0,0.0,2.0,11.0,3.0,23.841873627056074,0.0,KEY
4.0,0.0,16.0,1.0,1.0,2.0,0.0,0.0,16.349851365001356,0.0,KEY
3.875,0.0,16.0,1.0,1.0,2.0,11.0,3.0,15.838918509845064,0.0,IV
4.628524413893478,0.0,64.0,1.0,0.0,2.0,11.0,3.0,27.874676452048476,0.0,PLAINTEXT
5.831954882778696,0.0,64.0,1.0,0.0,2.0,11.0,3.0,35.122177373080554,0.0,CIPHERTEXT
4.0,0.0,16.0,1.0,1.0,2.0,3.0,1.0,16.349851365001356,0.0,KEY
4.0,0.0,16.0,1.0,1.0,2.0,11.0,3.0,16.349851365001356,0.0,KEY
4.584962500721156,0.0,24.0,1.0,1.0,2.0,0.0,0.0,21.291906488858938,0.0,KEY
4.0,0.0,16.0,1.0,1.0,2.0,11.0,3.0,16.349851365001356,0.0,IV
4.5013530781525795,0.0,64.0,1.0,0.0,2.0,11.0,3.0,27.10880389294265,0.0,PLAINTEXT
5.769454882778696,0.0,64.0,1.0,0.0,2.0,11.0,3.0,34.74577938476627,0.0,CIPHERTEXT
4.501629167387822,0.0,24.0,1.0,1.0,2.0,3.0,1.0,20.904918473044376,0.0,KEY
4.418295834054489,0.0,24.0,1.0,1.0,2.0,11.0,3.0,20.517930457229816,0.0,KEY
4.875,0.0,32.0,1.0,0.0,2.0,0.0,0.0,24.59142133187246,0.0,KEY
3.875,0.0,16.0,1.0,1.0,2.0,11.0,3.0,15.838918509845064,0.0,IV
4.689867633875558,0.0,64.0,1.0,0.0,2.0,11.0,3.0,28.244107885616074,0.0,PLAINTEXT
5.78125,0.0,64.0,1.0,0.0,2.0,11.0,3.0,34.81681391907075,0.0,CIPHERTEXT
4.875,0.0,32.0,1.0,0.0,2.0,3.0,1.0,24.59142133187246,0.0,KEY
4.875,0.0,32.0,1.0,0.0,2.0,11.0,3.0,24.59142133187246,0.0,KEY
3.875,0.0,16.0,1.0,1.0,2.0,0.0,0.0,15.838918509845064,0.0,KEY
4.0,0.0,16.0,1.0,1.0,2.0,11.0,3.0,16.349851365001356,0.0,IV
4.497828664259099,0.0,64.0,1.0,0.0,2.0,11.0,3.0,27.08757857615077,0.0,PLAINTEXT
5.738204882778696,0.0,64.0,1.0,0.0,2.0,11.0,3.0,34.55758039060913,0.0,CIPHERTEXT
3.875,0.0,16.0,1.0,1.0,2.0,3.0,1.0,15.838918509845064,0.0,KEY
4.0,0.0,16.0,1.0,1.0,2.0,11.0,3.0,16.349851365001356,0.0,KEY
4.501629167387822,0.0,24.0,1.0,1.0,2.0,0.0,0.0,20.904918473044376,0.0,KEY
4.0,0.0,16.0,1.0,1.0,2.0,11.0,3.0,16.349851365001356,0.0,IV
4.405639062229566,0.0,64.0,1.0,0.0,2.0,11.0,3.0,26.5323788841922,0.0,PLAINTEXT
5.8125,0.0,64.0,1.0,0.0,2.0,11.0,3.0,35.005012913227894,0.0,CIPHERTEXT
4.501629167387822,0.0,24.0,1.0,1.0,2.0,3.0,1.0,20.904918473044376,0.0,KEY
4.584962500721156,0.0,24.0,1.0,1.0,2.0,11.0,3.0,21.291906488858938,0.0,KEY
4.75,0.0,32.0,1.0,0.0,2.0,0.0,0.0,23.960872066952653,0.0,KEY
3.875,0.0,16.0,1.0,1.0,2.0,11.0,3.0,15.838918509845064,0.0,IV
4.254834617629516,0.0,64.0,1.0,0.0,2.0,11.0,3.0,25.62417905097123,0.0,PLAINTEXT
5.75,0.0,64.0,1.0,0.0,2.0,11.0,3.0,34.62861492491361,0.0,CIPHERTEXT
4.601409765557392,0.0,32.0,1.0,0.0,2.0,3.0,1.0,23.211324362136267,0.0,KEY
4.9375,0.0,32.0,1.0,0.0,2.0,11.0,3.0,24.906695964332364,0.0,KEY
4.9375,0.0,32.0,1.0,0.0,2.0,0.0,0.0,24.906695964332364,0.0,KEY
4.0,0.0,16.0,1.0,1.0,2.0,11.0,3.0,16.349851365001356,0.0,IV
4.325355126722911,0.0,64.0,1.0,0.0,2.0,11.0,3.0,26.048879495093672,0.0,PLAINTEXT
5.6875,0.0,64.0,1.0,0.0,2.0,11.0,3.0,34.25221693659933,0.0,CIPHERTEXT
4.875,0.0,32.0,1.0,0.0,2.0,3.0,1.0,24.59142133187246,0.0,KEY
4.8125,0.0,32.0,1.0,0.0,2.0,11.0,3.0,24.276146699412557,0.0,KEY
4.9375,0.0,32.0,1.0,0.0,2.0,0.0,0.0,24.906695964332364,0.0,KEY
3.584962500721156,0.0,12.0,0.0,1.0,2.0,11.0,3.0,13.26593762571498,0.0,IV
4.545412751096862,0.0,64.0,1.0,0.0,2.0,11.0,3.0,27.374147449134856,0.0,PLAINTEXT
5.9780559073332755,0.0,80.0,0.0,0.0,2.0,11.0,3.0,37.89997776135131,0.0,CIPHERTEXT
4.663909765557392,0.0,32.0,1.0,0.0,2.0,3.0,1.0,23.52659899459617,0.0,KEY
5.0,0.0,32.0,1.0,0.0,2.0,11.0,3.0,25.221970596792268,0.0,KEY
3.875,0.0,16.0,1.0,1.0,2.0,0.0,0.0,15.838918509845064,0.0,KEY
4.0,0.0,16.0,1.0,1.0,2.0,11.0,3.0,16.349851365001356,0.0,IV
4.88618417945087,0.0,64.0,1.0,0.0,2.0,11.0,3.0,29.42639833085377,0.0,PLAINTEXT
5.769454882778696,0.0,64.0,1.0,0.0,2.0,11.0,3.0,34.74577938476627,0.0,CIPHERTEXT
4.0,0.0,16.0,1.0,1.0,2.0,3.0,1.0,16.349851365001356,0.0,KEY
3.875,0.0,16.0,1.0,1.0,2.0,11.0,3.0,15.838918509845064,0.0,KEY
4.418295834054489,0.0,24.0,1.0,1.0,2.0,0.0,0.0,20.517930457229816,0.0,KEY
4.0,0.0,16.0,1.0,1.0,2.0,11.0,3.0,16.349851365001356,0.0,IV
4.523382914624721,0.0,64.0,1.0,0.0,2.0,11.0,3.0,27.241475671038753,0.0,PLAINTEXT
5.8125,0.0,64.0,1.0,0.0,2.0,11.0,3.0,35.005012913227894,0.0,CIPHERTEXT
4.584962500721156,0.0,24.0,1.0,1.0,2.0,3.0,1.0,21.291906488858938,0.0,KEY
4.501629167387822,0.0,24.0,1.0,1.0,2.0,11.0,3.0,20.904918473044376,0.0,KEY
4.9375,0.0,32.0,1.0,0.0,2.0,0.0,0.0,24.906695964332364,0.0,KEY
3.875,0.0,16.0,1.0,1.0,2.0,11.0,3.0,15.838918509845064,0.0,IV
4.835479296672174,0.0,64.0,1.0,0.0,2.0,11.0,3.0,29.12103487684397,0.0,PLAINTEXT
5.632659765557392,0.0,64.0,1.0,0.0,2.0,11.0,3.0,33.92194887383324,0.0,CIPHERTEXT
4.663909765557392,0.0,32.0,1.0,0.0,2.0,3.0,1.0,23.52659899459617,0.0,KEY
4.8125,0.0,32.0,1.0,0.0,2.0,11.0,3.0,24.276146699412557,0.0,KEY
4.9375,0.0,32.0,1.0,0.0,2.0,0.0,0.0,24.906695964332364,0.0,KEY
3.875,0.0,16.0,1.0,1.0,2.0,11.0,3.0,15.838918509845064,0.0,IV
4.466982282211645,0.0,64.0,1.0,0.0,2.0,11.0,3.0,26.901810317759796,0.0,PLAINTEXT
5.757659765557392,0.0,64.0,1.0,0.0,2.0,11.0,3.0,34.67474485046179,0.0,CIPHERTEXT
5.0,0.0,32.0,1.0,0.0,2.0,3.0,1.0,25.221970596792268,0.0,KEY
4.875,0.0,32.0,1.0,0.0,2.0,11.0,3.0,24.59142133187246,0.0,KEY
4.8125,0.0,32.0,1.0,0.0,2.0,0.0,0.0,24.276146699412557,0.0,KEY
3.4182958340544896,0.0,12.0,0.0,1.0,2.0,11.0,3.0,12.649197672691464,0.0,IV
4.486033547037795,0.0,64.0,1.0,0.0,2.0,11.0,3.0,27.016544041846288,0.0,PLAINTEXT
5.84375,0.0,64.0,1.0,0.0,2.0,11.0,3.0,35.19321190738503,0.0,CIPHERTEXT
4.8125,0.0,32.0,1.0,0.0,2.0,3.0,1.0,24.276146699412557,0.0,KEY
4.9375,0.0,32.0,1.0,0.0,2.0,11.0,3.0,24.906695964332364,0.0,KEY
3.875,0.0,16.0,1.0,1.0,2.0,0.0,0.0,15.838918509845064,0.0,KEY
3.875,0.0,16.0,1.0,1.0,2.0,11.0,3.0,15.838918509845064,0.0,IV
4.683364648336087,0.0,64.0,1.0,0.0,2.0,11.0,3.0,28.204944514814578,0.0,PLAINTEXT
5.675704882778696,0.0,64.0,1.0,0.0,2.0,11.0,3.0,34.18118240229486,0.0,CIPHERTEXT
3.875,0.0,16.0,1.0,1.0,2.0,3.0,1.0,15.838918509845064,0.0,KEY
4.0,0.0,16.0,1.0,1.0,2.0,11.0,3.0,16.349851365001356,0.0,KEY
4.584962500721156,0.0,24.0,1.0,1.0,2.0,0.0,0.0,21.291906488858938,0.0,KEY
3.875,0.0,16.0,1.0,1.0,2.0,11.0,3.0,15.838918509845064,0.0,IV
4.362997562960808,0.0,64.0,1.0,0.0,2.0,11.0,3.0,26.275576091496756,0.0,PLAINTEXT
5.738204882778696,0.0,64.0,1.0,0.0,2.0,11.0,3.0,34.55758039060913,0.0,CIPHERTEXT
4.501629167387822,0.0,24.0,1.0,1.0,2.0,3.0,1.0,20.904918473044376,0.0,KEY
4.418295834054489,0.0,24.0,1.0,1.0,2.0,11.0,3.0,20.517930457229816,0.0,KEY
4.875,0.0,32.0,1.0,0.0,2.0,0.0,0.0,24.59142133187246,0.0,KEY
4.0,0.0,16.0,1.0,1.0,2.0,11.0,3.0,16.349851365001356,0.0,IV
4.397368358901741,0.0,64.0,1.0,0.0,2.0,11.0,3.0,26.482569666679602,0.0,PLAINTEXT
5.683364648336088,0.0,64.0,1.0,0.0,2.0,11.0,3.0,34.22731232784304,0.0,CIPHERTEXT
4.875,0.0,32.0,1.0,0.0,2.0,3.0,1.0,24.59142133187246,0.0,KEY
4.9375,0.0,32.0,1.0,0.0,2.0,11.0,3.0,24.906695964332364,0.0,KEY
4.0,0.0,16.0,1.0,1.0,2.0,0.0,0.0,16.349851365001356,0.0,KEY
3.875,0.0,16.0,1.0,1.0,2.0,11.0,3.0,15.838918509845064,0.0,IV
4.508467001462483,0.0,64.0,1.0,0.0,2.0,11.0,3.0,27.151646555708567,0.0,PLAINTEXT
5.84375,0.0,64.0,1.0,0.0,2.0,11.0,3.0,35.19321190738503,0.0,CIPHERTEXT
3.875,0.0,16.0,1.0,1.0,2.0,3.0,1.0,15.838918509845064,0.0,KEY
4.0,0.0,16.0,1.0,1.0,2.0,11.0,3.0,16.349851365001356,0.0,KEY
4.584962500721156,0.0,24.0,1.0,1.0,2.0,0.0,0.0,21.291906488858938,0.0,KEY
3.875,0.0,16.0,1.0,1.0,2.0,11.0,3.0,15.838918509845064,0.0,IV
4.813810203736037,0.0,64.0,1.0,0.0,2.0,11.0,3.0,28.990535629007855,0.0,PLAINTEXT
5.632659765557392,0.0,64.0,1.0,0.0,2.0,11.0,3.0,33.92194887383324,0.0,CIPHERTEXT
4.501629167387822,0.0,24.0,1.0,1.0,2.0,3.0,1.0,20.904918473044376,0.0,KEY
4.584962500721156,0.0,24.0,1.0,1.0,2.0,11.0,3.0,21.291906488858938,0.0,KEY
4.875,0.0,32.0,1.0,0.0,2.0,0.0,0.0,24.59142133187246,0.0,KEY
4.0,0.0,16.0,1.0,1.0,2.0,11.0,3.0,16.349851365001356,0.0,IV
4.194255759135986,0.0,64.0,1.0,0.0,2.0,11.0,3.0,25.25935088342979,0.0,PLAINTEXT
5.800704882778696,0.0,64.0,1.0,0.0,2.0,11.0,3.0,34.93397837892341,0.0,CIPHERTEXT
4.9375,0.0,32.0,1.0,0.0,2.0,3.0,1.0,24.906695964332364,0.0,KEY
4.8125,0.0,32.0,1.0,0.0,2.0,11.0,3.0,24.276146699412557,0.0,KEY
3.875,0.0,16.0,1.0,1.0,2.0,0.0,0.0,15.838918509845064,0.0,KEY
4.0,0.0,16.0,1.0,1.0,2.0,11.0,3.0,16.349851365001356,0.0,IV
4.8179884298164914,0.0,64.0,1.0,0.0,2.0,11.0,3.0,29.01569844327034,0.0,PLAINTEXT
5.8125,0.0,64.0,1.0,0.0,2.0,11.0,3.0,35.005012913227894,0.0,CIPHERTEXT
4.0,0.0,16.0,1.0,1.0,2.0,3.0,1.0,16.349851365001356,0.0,KEY
3.875,0.0,16.0,1.0,1.0,2.0,11.0,3.0,15.838918509845064,0.0,KEY
4.501629167387822,0.0,24.0,1.0,1.0,2.0,0.0,0.0,20.904918473044376,0.0,KEY
3.75,0.0,16.0,1.0,1.0,2.0,11.0,3.0,15.32798565468877,0.0,IV
4.33120172071332,0.0,64.0,1.0,0.0,2.0,11.0,3.0,26.084089834557357,0.0,PLAINTEXT
5.71875,0.0,64.0,1.0,0.0,2.0,11.0,3.0,34.44041593075647,0.0,CIPHERTEXT
4.501629167387822,0.0,24.0,1.0,1.0,2.0,3.0,1.0,20.904918473044376,0.0,KEY
4.501629167387822,0.0,24.0,1.0,1.0,2.0,11.0,3.0,20.904918473044376,0.0,KEY
4.9375,0.0,32.0,1.0,0.0,2.0,0.0,0.0,24.906695964332364,0.0,KEY
4.0,0.0,16.0,1.0,1.0,2.0,11.0,3.0,16.349851365001356,0.0,IV
4.475798827786958,0.0,64.0,1.0,0.0,2.0,11.0,3.0,26.95490679805466,0.0,PLAINTEXT
5.78125,0.0,64.0,1.0,0.0,2.0,11.0,3.0,34.81681391907075,0.0,CIPHERTEXT
4.8125,0.0,32.0,1.0,0.0,2.0,3.0,1.0,24.276146699412557,0.0,KEY
4.9375,0.0,32.0,1.0,0.0,2.0,11.0,3.0,24.906695964332364,0.0,KEY
4.875,0.0,32.0,1.0,0.0,2.0,0.0,0.0,24.59142133187246,0.0,KEY
4.0,0.0,16.0,1.0,1.0,2.0,11.0,3.0,16.349851365001356,0.0,IV
5.04243417945087,0.0,64.0,1.0,0.0,2.0,11.0,3.0,30.367393301639467,0.0,PLAINTEXT
5.78125,0.0,64.0,1.0,0.0,2.0,11.0,3.0,34.81681391907075,0.0,CIPHERTEXT
4.9375,0.0,32.0,1.0,0.0,2.0,3.0,1.0,24.906695964332364,0.0,KEY
5.0,0.0,32.0,1.0,0.0,2.0,11.0,3.0,25.221970596792268,0.0,KEY
4.726409765557392,0.0,32.0,1.0,0.0,2.0,0.0,0.0,23.841873627056074,0.0,KEY
3.584962500721156,0.0,12.0,0.0,1.0,2.0,11.0,3.0,13.26593762571498,0.0,IV
4.6929884298164914,0.0,64.0,1.0,0.0,2.0,11.0,3.0,28.262902466641783,0.0,PLAINTEXT
6.037492001110319,0.0,80.0,0.0,0.0,2.0,11.0,3.0,38.27679368065515,0.0,CIPHERTEXT
4.9375,0.0,32.0,1.0,0.0,2.0,3.0,1.0,24.906695964332364,0.0,KEY
4.8125,0.0,32.0,1.0,0.0,2.0,11.0,3.0,24.276146699412557,0.0,KEY
3.875,0.0,16.0,1.0,1.0,2.0,0.0,0.0,15.838918509845064,0.0,KEY
4.0,0.0,16.0,1.0,1.0,2.0,11.0,3.0,16.349851365001356,0.0,IV
4.392283547037795,0.0,64.0,1.0,0.0,2.0,11.0,3.0,26.45194705937487,0.0,PLAINTEXT
5.78125,0.0,64.0,1.0,0.0,2.0,11.0,3.0,34.81681391907075,0.0,CIPHERTEXT
4.0,0.0,16.0,1.0,1.0,2.0,3.0,1.0,16.349851365001356,0.0,KEY
4.0,0.0,16.0,1.0,1.0,2.0,11.0,3.0,16.349851365001356,0.0,KEY
4.501629167387822,0.0,24.0,1.0,1.0,2.0,0.0,0.0,20.904918473044376,0.0,KEY
4.0,0.0,16.0,1.0,1.0,2.0,11.0,3.0,16.349851365001356,0.0,IV
4.704783547037795,0.0,64.0,1.0,0.0,2.0,11.0,3.0,28.333937000946264,0.0,PLAINTEXT
5.738204882778696,0.0,64.0,1.0,0.0,2.0,11.0,3.0,34.55758039060913,0.0,CIPHERTEXT
4.501629167387822,0.0,24.0,1.0,1.0,2.0,3.0,1.0,20.904918473044376,0.0,KEY
4.584962500721156,0.0,24.0,1.0,1.0,2.0,11.0,3.0,21.291906488858938,0.0,KEY
4.75,0.0,32.0,1.0,0.0,2.0,0.0,0.0,23.960872066952653,0.0,KEY
4.0,0.0,16.0,1.0,1.0,2.0,11.0,3.0,16.349851365001356,0.0,IV
4.408617633875558,0.0,64.0,1.0,0.0,2.0,11.0,3.0,26.55031693820182,0.0,PLAINTEXT
5.875,0.0,64.0,1.0,0.0,2.0,11.0,3.0,35.38141090154217,0.0,CIPHERTEXT
4.788909765557392,0.0,32.0,1.0,0.0,2.0,3.0,1.0,24.157148259515978,0.0,KEY
4.8125,0.0,32.0,1.0,0.0,2.0,11.0,3.0,24.276146699412557,0.0,KEY
4.875,0.0,32.0,1.0,0.0,2.0,0.0,0.0,24.59142133187246,0.0,KEY
3.875,0.0,16.0,1.0,1.0,2.0,11.0,3.0,15.838918509845064,0.0,IV
4.460229102437745,0.0,64.0,1.0,0.0,2.0,11.0,3.0,26.86114018525387,0.0,PLAINTEXT
5.875,0.0,64.0,1.0,0.0,2.0,11.0,3.0,35.38141090154217,0.0,CIPHERTEXT
4.788909765557392,0.0,32.0,1.0,0.0,2.0,3.0,1.0,24.157148259515978,0.0,KEY
5.0,0.0,32.0,1.0,0.0,2.0,11.0,3.0,25.221970596792268,0.0,KEY
4.9375,0.0,32.0,1.0,0.0,2.0,0.0,0.0,24.906695964332364,0.0,KEY
3.584962500721156,0.0,12.0,0.0,1.0,2.0,11.0,3.0,13.26593762571498,0.0,IV
4.703223149067329,0.0,64.0,1.0,0.0,2.0,11.0,3.0,28.32453971043341,0.0,PLAINTEXT
5.8125,0.0,64.0,1.0,0.0,2.0,11.0,3.0,35.005012913227894,0.0,CIPHERTEXT
4.9375,0.0,32.0,1.0,0.0,2.0,3.0,1.0,24.906695964332364,0.0,KEY
4.875,0.0,32.0,1.0,0.0,2.0,11.0,3.0,24.59142133187246,0.0,KEY
3.875,0.0,16.0,1.0,1.0,2.0,0.0,0.0,15.838918509845064,0.0,KEY
3.875,0.0,16.0,1.0,1.0,2.0,11.0,3.0,15.838918509845064,0.0,IV
4.212846930547732,0.0,64.0,1.0,0.0,2.0,11.0,3.0,25.37131375574638,0.0,PLAINTEXT
5.675704882778696,0.0,64.0,1.0,0.0,2.0,11.0,3.0,34.18118240229486,0.0,CIPHERTEXT
4.0,0.0,16.0,1.0,1.0,2.0,3.0,1.0,16.349851365001356,0.0,KEY
4.0,0.0,16.0,1.0,1.0,2.0,11.0,3.0,16.349851365001356,0.0,KEY
4.501629167387822,0.0,24.0,1.0,1.0,2.0,0.0,0.0,20.904918473044376,0.0,KEY
4.0,0.0,16.0,1.0,1.0,2.0,11.0,3.0,16.349851365001356,0.0,IV
4.51118417945087,0.0,64.0,1.0,0.0,2.0,11.0,3.0,27.1680104009681,0.0,PLAINTEXT
5.84375,0.0,64.0,1.0,0.0,2.0,11.0,3.0,35.19321190738503,0.0,CIPHERTEXT
4.501629167387822,0.0,24.0,1.0,1.0,2.0,3.0,1.0,20.904918473044376,0.0,KEY
4.334962500721156,0.0,24.0,1.0,1.0,2.0,11.0,3.0,20.130942441415257,0.0,KEY
4.6875,0.0,32.0,1.0,0.0,2.0,0.0,0.0,23.64559743449275,0.0,KEY
4.0,0.0,16.0,1.0,1.0,2.0,11.0,3.0,16.349851365001356,0.0,IV
4.358458593344349,0.0,64.0,1.0,0.0,2.0,11.0,3.0,26.248240746974282,0.0,PLAINTEXT
5.8125,0.0,64.0,1.0,0.0,2.0,11.0,3.0,35.005012913227894,0.0,CIPHERTEXT
4.875,0.0,32.0,1.0,0.0,2.0,3.0,1.0,24.59142133187246,0.0,KEY
4.875,0.0,32.0,1.0,0.0,2.0,11.0,3.0,24.59142133187246,0.0,KEY
4.0,0.0,16.0,1.0,1.0,2.0,0.0,0.0,16.349851365001356,0.0,KEY
3.875,0.0,16.0,1.0,1.0,2.0,11.0,3.0,15.838918509845064,0.0,IV
4.609069531114783,0.0,64.0,1.0,0.0,2.0,11.0,3.0,27.75751199219582,0.0,PLAINTEXT
5.84375,0.0,64.0,1.0,0.0,2.0,11.0,3.0,35.19321190738503,0.0,CIPHERTEXT
4.0,0.0,16.0,1.0,1.0,2.0,3.0,1.0,16.349851365001356,0.0,KEY
4.0,0.0,16.0,1.0,1.0,2.0,11.0,3.0,16.349851365001356,0.0,KEY
4.418295834054489,0.0,24.0,1.0,1.0,2.0,0.0,0.0,20.517930457229816,0.0,KEY
4.0,0.0,16.0,1.0,1.0,2.0,11.0,3.0,16.349851365001356,0.0,IV
4.640723149067329,0.0,64.0,1.0,0.0,2.0,11.0,3.0,27.94814172211913,0.0,PLAINTEXT
5.8125,0.0,64.0,1.0,0.0,2.0,11.0,3.0,35.005012913227894,0.0,CIPHERTEXT
4.584962500721156,0.0,24.0,1.0,1.0,2.0,3.0,1.0,21.291906488858938,0.0,KEY
4.584962500721156,0.0,24.0,1.0,1.0,2.0,11.0,3.0,21.291906488858938,0.0,KEY
4.726409765557392,0.0,32.0,1.0,0.0,2.0,0.0,0.0,23.841873627056074,0.0,KEY
4.0,0.0,16.0,1.0,1.0,2.0,11.0,3.0,16.349851365001356,0.0,IV
4.828223149067329,0.0,64.0,1.0,0.0,2.0,11.0,3.0,29.077335687061964,0.0,PLAINTEXT
5.726409765557392,0.0,64.0,1.0,0.0,2.0,11.0,3.0,34.48654585630465,0.0,CIPHERTEXT
4.875,0.0,32.0,1.0,0.0,2.0,3.0,1.0,24.59142133187246,0.0,KEY
5.0,0.0,32.0,1.0,0.0,2.0,11.0,3.0,25.221970596792268,0.0,KEY
3.875,0.0,16.0,1.0,1.0,2.0,0.0,0.0,15.838918509845064,0.0,KEY
4.0,0.0,16.0,1.0,1.0,2.0,11.0,3.0,16.349851365001356,0.0,IV
4.147075290250769,0.0,64.0,1.0,0.0,2.0,11.0,3.0,24.975212746211866,0.0,PLAINTEXT
5.675704882778696,0.0,64.0,1.0,0.0,2.0,11.0,3.0,34.18118240229486,0.0,CIPHERTEXT
4.0,0.0,16.0,1.0,1.0,2.0,3.0,1.0,16.349851365001356,0.0,KEY
3.75,0.0,16.0,1.0,1.0,2.0,11.0,3.0,15.32798565468877,0.0,KEY
4.418295834054489,0.0,24.0,1.0,1.0,2.0,0.0,0.0,20.517930457229816,0.0,KEY
3.625,0.0,16.0,1.0,1.0,2.0,11.0,3.0,14.81705279953248,0.0,IV
5.070159765557392,0.0,64.0,1.0,0.0,2.0,11.0,3.0,30.53436697900473,0.0,PLAINTEXT
5.613204882778696,0.0,64.0,1.0,0.0,2.0,11.0,3.0,33.80478441398058,0.0,CIPHERTEXT
4.418295834054489,0.0,24.0,1.0,1.0,2.0,3.0,1.0,20.517930457229816,0.0,KEY
4.584962500721156,0.0,24.0,1.0,1.0,2.0,11.0,3.0,21.291906488858938,0.0,KEY
4.875,0.0,32.0,1.0,0.0,2.0,0.0,0.0,24.59142133187246,0.0,KEY
3.875,0.0,16.0,1.0,1.0,2.0,11.0,3.0,15.838918509845064,0.0,IV
4.752367633875558,0.0,64.0,1.0,0.0,2.0,11.0,3.0,28.620505873930355,0.0,PLAINTEXT
5.71875,0.0,64.0,1.0,0.0,2.0,11.0,3.0,34.44041593075647,0.0,CIPHERTEXT
4.875,0.0,32.0,1.0,0.0,2.0,3.0,1.0,24.59142133187246,0.0,KEY
4.875,0.0,32.0,1.0,0.0,2.0,11.0,3.0,24.59142133187246,0.0,KEY
5.0,0.0,32.0,1.0,0.0,2.0,0.0,0.0,25.221970596792268,0.0,KEY
4.0,0.0,16.0,1.0,1.0,2.0,11.0,3.0,16.349851365001356,0.0,IV
4.545412751096862,0.0,64.0,1.0,0.0,2.0,11.0,3.0,27.374147449134856,0.0,PLAINTEXT
5.706954882778696,0.0,64.0,1.0,0.0,2.0,11.0,3.0,34.36938139645199,0.0,CIPHERTEXT
4.875,0.0,32.0,1.0,0.0,2.0,3.0,1.0,24.59142133187246,0.0,KEY
4.875,0.0,32.0,1.0,0.0,2.0,11.0,3.0,24.59142133187246,0.0,KEY
4.875,0.0,32.0,1.0,0.0,2.0,0.0,0.0,24.59142133187246,0.0,KEY
3.4182958340544896,0.0,12.0,0.0,1.0,2.0,11.0,3.0,12.649197672691464,0.0,IV
4.428072516654253,0.0,64.0,1.0,0.0,2.0,11.0,3.0,26.667481398054477,0.0,PLAINTEXT
6.012492001110319,0.0,80.0,0.0,0.0,2.0,11.0,3.0,38.118297430583034,0.0,CIPHERTEXT
4.9375,0.0,32.0,1.0,0.0,2.0,3.0,1.0,24.906695964332364,0.0,KEY
4.875,0.0,32.0,1.0,0.0,2.0,11.0,3.0,24.59142133187246,0.0,KEY
4.0,0.0,16.0,1.0,1.0,2.0,0.0,0.0,16.349851365001356,0.0,KEY
3.875,0.0,16.0,1.0,1.0,2.0,11.0,3.0,15.838918509845064,0.0,IV
4.248232282211645,0.0,64.0,1.0,0.0,2.0,11.0,3.0,25.584417358659824,0.0,PLAINTEXT
5.71875,0.0,64.0,1.0,0.0,2.0,11.0,3.0,34.44041593075647,0.0,CIPHERTEXT
3.875,0.0,16.0,1.0,1.0,2.0,3.0,1.0,15.838918509845064,0.0,KEY
3.875,0.0,16.0,1.0,1.0,2.0,11.0,3.0,15.838918509845064,0.0,KEY
4.501629167387822,0.0,24.0,1.0,1.0,2.0,0.0,0.0,20.904918473044376,0.0,KEY
4.0,0.0,16.0,1.0,1.0,2.0,11.0,3.0,16.349851365001356,0.0,IV
4.508969969293428,0.0,64.0,1.0,0.0,2.0,11.0,3.0,27.15467561298464,0.0,PLAINTEXT
5.706954882778696,0.0,64.0,1.0,0.0,2.0,11.0,3.0,34.36938139645199,0.0,CIPHERTEXT
4.501629167387822,0.0,24.0,1.0,1.0,2.0,3.0,1.0,20.904918473044376,0.0,KEY
4.386842188131011,0.0,24.0,1.0,1.0,2.0,11.0,3.0,20.371864248917092,0.0,KEY
4.875,0.0,32.0,1.0,0.0,2.0,0.0,0.0,24.59142133187246,0.0,KEY
4.0,0.0,16.0,1.0,1.0,2.0,11.0,3.0,16.349851365001356,0.0,IV
4.445967001462482,0.0,64.0,1.0,0.0,2.0,11.0,3.0,26.775248567394282,0.0,PLAINTEXT
5.78125,0.0,64.0,1.0,0.0,2.0,11.0,3.0,34.81681391907075,0.0,CIPHERTEXT
4.8125,0.0,32.0,1.0,0.0,2.0,3.0,1.0,24.276146699412557,0.0,KEY
4.875,0.0,32.0,1.0,0.0,2.0,11.0,3.0,24.59142133187246,0.0,KEY
4.875,0.0,32.0,1.0,0.0,2.0,0.0,0.0,24.59142133187246,0.0,KEY
4.0,0.0,16.0,1.0,1.0,2.0,11.0,3.0,16.349851365001356,0.0,IV
4.475798827786958,0.0,64.0,1.0,0.0,2.0,11.0,3.0,26.95490679805466,0.0,PLAINTEXT
5.9375,0.0,64.0,1.0,0.0,2.0,11.0,3.0,35.75780888985645,0.0,CIPHERTEXT
4.726409765557392,0.0,32.0,1.0,0.0,2.0,3.0,1.0,23.841873627056074,0.0,KEY
5.0,0.0,32.0,1.0,0.0,2.0,11.0,3.0,25.221970596792268,0.0,KEY
4.75,0.0,32.0,1.0,0.0,2.0,0.0,0.0,23.960872066952653,0.0,KEY
3.584962500721156,0.0,12.0,0.0,1.0,2.0,11.0,3.0,13.26593762571498,0.0,IV
4.660178031846025,0.0,64.0,1.0,0.0,2.0,11.0,3.0,28.06530618197179,0.0,PLAINTEXT
5.65625,0.0,64.0,1.0,0.0,2.0,11.0,3.0,34.06401794244219,0.0,CIPHERTEXT
4.9375,0.0,32.0,1.0,0.0,2.0,3.0,1.0,24.906695964332364,0.0,KEY
4.8125,0.0,32.0,1.0,0.0,2.0,11.0,3.0,24.276146699412557,0.0,KEY
4.0,0.0,16.0,1.0,1.0,2.0,0.0,0.0,16.349851365001356,0.0,KEY
4.0,0.0,16.0,1.0,1.0,2.0,11.0,3.0,16.349851365001356,0.0,IV
4.425497562960809,0.0,64.0,1.0,0.0,2.0,11.0,3.0,26.65197407981104,0.0,PLAINTEXT
5.84375,0.0,64.0,1.0,0.0,2.0,11.0,3.0,35.19321190738503,0.0,CIPHERTEXT
4.0,0.0,16.0,1.0,1.0,2.0,3.0,1.0,16.349851365001356,0.0,KEY
4.0,0.0,16.0,1.0,1.0,2.0,11.0,3.0,16.349851365001356,0.0,KEY
4.584962500721156,0.0,24.0,1.0,1.0,2.0,0.0,0.0,21.291906488858938,0.0,KEY
4.0,0.0,16.0,1.0,1.0,2.0,11.0,3.0,16.349851365001356,0.0,IV
4.553979102437745,0.0,64.0,1.0,0.0,2.0,11.0,3.0,27.425737167725288,0.0,PLAINTEXT
5.78125,0.0,64.0,1.0,0.0,2.0,11.0,3.0,34.81681391907075,0.0,CIPHERTEXT
4.584962500721156,0.0,24.0,1.0,1.0,2.0,3.0,1.0,21.291906488858938,0.0,KEY
4.584962500721156,0.0,24.0,1.0,1.0,2.0,11.0,3.0,21.291906488858938,0.0,KEY
4.875,0.0,32.0,1.0,0.0,2.0,0.0,0.0,24.59142133187246,0.0,KEY
4.0,0.0,16.0,1.0,1.0,2.0,11.0,3.0,16.349851365001356,0.0,IV
4.639162751096862,0.0,64.0,1.0,0.0,2.0,11.0,3.0,27.938744431606274,0.0,PLAINTEXT
5.8125,0.0,64.0,1.0,0.0,2.0,11.0,3.0,35.005012913227894,0.0,CIPHERTEXT
4.875,0.0,32.0,1.0,0.0,2.0,3.0,1.0,24.59142133187246,0.0,KEY
4.75,0.0,32.0,1.0,0.0,2.0,11.0,3.0,23.960872066952653,0.0,KEY
4.0,0.0,16.0,1.0,1.0,2.0,0.0,0.0,16.349851365001356,0.0,KEY
4.0,0.0,16.0,1.0,1.0,2.0,11.0,3.0,16.349851365001356,0.0,IV
4.868650438178646,0.0,64.0,1.0,0.0,2.0,11.0,3.0,29.320803691773957,0.0,PLAINTEXT
5.683364648336087,0.0,64.0,1.0,0.0,2.0,11.0,3.0,34.22731232784303,0.0,CIPHERTEXT
4.0,0.0,16.0,1.0,1.0,2.0,3.0,1.0,16.349851365001356,0.0,KEY
4.0,0.0,16.0,1.0,1.0,2.0,11.0,3.0,16.349851365001356,0.0,KEY
4.584962500721156,0.0,24.0,1.0,1.0,2.0,0.0,0.0,21.291906488858938,0.0,KEY
3.875,0.0,16.0,1.0,1.0,2.0,11.0,3.0,15.838918509845064,0.0,IV
4.938810203736037,0.0,64.0,1.0,0.0,2.0,11.0,3.0,29.743331605636413,0.0,PLAINTEXT
5.71875,0.0,64.0,1.0,0.0,2.0,11.0,3.0,34.44041593075647,0.0,CIPHERTEXT
4.584962500721156,0.0,24.0,1.0,1.0,2.0,3.0,1.0,21.291906488858938,0.0,KEY
4.584962500721156,0.0,24.0,1.0,1.0,2.0,11.0,3.0,21.291906488858938,0.0,KEY
4.875,0.0,32.0,1.0,0.0,2.0,0.0,0.0,24.59142133187246,0.0,KEY
4.0,0.0,16.0,1.0,1.0,2.0,11.0,3.0,16.349851365001356,0.0,IV
4.3761242064697266,0.0,64.0,1.0,0.0,2.0,11.0,3.0,26.354629566857966,0.0,PLAINTEXT
5.90625,0.0,64.0,1.0,0.0,2.0,11.0,3.0,35.56960989569931,0.0,CIPHERTEXT
4.875,0.0,32.0,1.0,0.0,2.0,3.0,1.0,24.59142133187246,0.0,KEY
5.0,0.0,32.0,1.0,0.0,2.0,11.0,3.0,25.221970596792268,0.0,KEY
4.0,0.0,16.0,1.0,1.0,2.0,0.0,0.0,16.349851365001356,0.0,KEY
3.75,0.0,16.0,1.0,1.0,2.0,11.0,3.0,15.32798565468877,0.0,IV
4.264415524693378,0.0,64.0,1.0,0.0,2.0,11.0,3.0,25.68187879729225,0.0,PLAINTEXT
5.78125,0.0,64.0,1.0,0.0,2.0,11.0,3.0,34.81681391907075,0.0,CIPHERTEXT
3.875,0.0,16.0,1.0,1.0,2.0,3.0,1.0,15.838918509845064,0.0,KEY
4.0,0.0,16.0,1.0,1.0,2.0,11.0,3.0,16.349851365001356,0.0,KEY
4.501629167387822,0.0,24.0,1.0,1.0,2.0,0.0,0.0,20.904918473044376,0.0,KEY
3.875,0.0,16.0,1.0,1.0,2.0,11.0,3.0,15.838918509845064,0.0,IV
4.654078664259099,0.0,64.0,1.0,0.0,2.0,11.0,3.0,28.028573546936464,0.0,PLAINTEXT
5.71875,0.0,64.0,1.0,0.0,2.0,11.0,3.0,34.44041593075647,0.0,CIPHERTEXT
4.501629167387822,0.0,24.0,1.0,1.0,2.0,3.0,1.0,20.904918473044376,0.0,KEY
4.584962500721156,0.0,24.0,1.0,1.0,2.0,11.0,3.0,21.291906488858938,0.0,KEY
4.8125,0.0,32.0,1.0,0.0,2.0,0.0,0.0,24.276146699412557,0.0,KEY
4.0,0.0,16.0,1.0,1.0,2.0,11.0,3.0,16.349851365001356,0.0,IV
4.343542680182112,0.0,64.0,1.0,0.0,2.0,11.0,3.0,26.158411631644096,0.0,PLAINTEXT
5.875,0.0,64.0,1.0,0.0,2.0,11.0,3.0,35.38141090154217,0.0,CIPHERTEXT
5.0,0.0,32.0,1.0,0.0,2.0,3.0,1.0,25.221970596792268,0.0,KEY
5.0,0.0,32.0,1.0,0.0,2.0,11.0,3.0,25.221970596792268,0.0,KEY
4.875,0.0,32.0,1.0,0.0,2.0,0.0,0.0,24.59142133187246,0.0,KEY
4.0,0.0,16.0,1.0,1.0,2.0,11.0,3.0,16.349851365001356,0.0,IV
4.740168898701708,0.0,64.0,1.0,0.0,2.0,11.0,3.0,28.547040603859703,0.0,PLAINTEXT
5.84375,0.0,64.0,1.0,0.0,2.0,11.0,3.0,35.19321190738503,0.0,CIPHERTEXT
4.788909765557392,0.0,32.0,1.0,0.0,2.0,3.0,1.0,24.157148259515978,0.0,KEY
5.0,0.0,32.0,1.0,0.0,2.0,11.0,3.0,25.221970596792268,0.0,KEY
4.9375,0.0,32.0,1.0,0.0,2.0,0.0,0.0,24.906695964332364,0.0,KEY
3.584962500721156,0.0,12.0,0.0,1.0,2.0,11.0,3.0,13.26593762571498,0.0,IV
4.913909765557392,0.0,64.0,1.0,0.0,2.0,11.0,3.0,29.593372008219035,0.0,PLAINTEXT
6.046928094887363,0.0,80.0,0.0,0.0,2.0,11.0,3.0,38.33661709981477,0.0,CIPHERTEXT
4.851409765557392,0.0,32.0,1.0,0.0,2.0,3.0,1.0,24.47242289197588,0.0,KEY
5.0,0.0,32.0,1.0,0.0,2.0,11.0,3.0,25.221970596792268,0.0,KEY
3.875,0.0,16.0,1.0,1.0,2.0,0.0,0.0,15.838918509845064,0.0,KEY
4.0,0.0,16.0,1.0,1.0,2.0,11.0,3.0,16.349851365001356,0.0,IV
4.267803065031286,0.0,64.0,1.0,0.0,2.0,11.0,3.0,25.7022798111886,0.0,PLAINTEXT
5.8125,0.0,64.0,1.0,0.0,2.0,11.0,3.0,35.005012913227894,0.0,CIPHERTEXT
3.875,0.0,16.0,1.0,1.0,2.0,3.0,1.0,15.838918509845064,0.0,KEY
3.875,0.0,16.0,1.0,1.0,2.0,11.0,3.0,15.838918509845064,0.0,KEY
4.584962500721156,0.0,24.0,1.0,1.0,2.0,0.0,0.0,21.291906488858938,0.0,KEY
4.0,0.0,16.0,1.0,1.0,2.0,11.0,3.0,16.349851365001356,0.0,IV
4.233165524693378,0.0,64.0,1.0,0.0,2.0,11.0,3.0,25.49367980313511,0.0,PLAINTEXT
5.84375,0.0,64.0,1.0,0.0,2.0,11.0,3.0,35.19321190738503,0.0,CIPHERTEXT
4.584962500721156,0.0,24.0,1.0,1.0,2.0,3.0,1.0,21.291906488858938,0.0,KEY
4.501629167387822,0.0,24.0,1.0,1.0,2.0,11.0,3.0,20.904918473044376,0.0,KEY
4.8125,0.0,32.0,1.0,0.0,2.0,0.0,0.0,24.276146699412557,0.0,KEY
3.875,0.0,16.0,1.0,1.0,2.0,11.0,3.0,15.838918509845064,0.0,IV
4.5367384298164914,0.0,64.0,1.0,0.0,2.0,11.0,3.0,27.321907495856088,0.0,PLAINTEXT
5.75,0.0,64.0,1.0,0.0,2.0,11.0,3.0,34.62861492491361,0.0,CIPHERTEXT
4.663909765557392,0.0,32.0,1.0,0.0,2.0,3.0,1.0,23.52659899459617,0.0,KEY
4.875,0.0,32.0,1.0,0.0,2.0,11.0,3.0,24.59142133187246,0.0,KEY
4.875,0.0,32.0,1.0,0.0,2.0,0.0,0.0,24.59142133187246,0.0,KEY
4.0,0.0,16.0,1.0,1.0,2.0,11.0,3.0,16.349851365001356,0.0,IV
4.726813383509937,0.0,64.0,1.0,0.0,2.0,11.0,3.0,28.466608779042367,0.0,PLAINTEXT
5.706954882778696,0.0,64.0,1.0,0.0,2.0,11.0,3.0,34.36938139645199,0.0,CIPHERTEXT
4.875,0.0,32.0,1.0,0.0,2.0,3.0,1.0,24.59142133187246,0.0,KEY
4.875,0.0,32.0,1.0,0.0,2.0,11.0,3.0,24.59142133187246,0.0,KEY
4.875,0.0,32.0,1.0,0.0,2.0,0.0,0.0,24.59142133187246,0.0,KEY
3.4182958340544896,0.0,12.0,0.0,1.0,2.0,11.0,3.0,12.649197672691464,0.0,IV
4.453626767019874,0.0,64.0,1.0,0.0,2.0,11.0,3.0,26.821378492942465,0.0,PLAINTEXT
5.769454882778696,0.0,64.0,1.0,0.0,2.0,11.0,3.0,34.74577938476627,0.0,CIPHERTEXT
4.9375,0.0,32.0,1.0,0.0,2.0,3.0,1.0,24.906695964332364,0.0,KEY
4.875,0.0,32.0,1.0,0.0,2.0,11.0,3.0,24.59142133187246,0.0,KEY
4.0,0.0,16.0,1.0,1.0,2.0,0.0,0.0,16.349851365001356,0.0,KEY
4.0,0.0,16.0,1.0,1.0,2.0,11.0,3.0,16.349851365001356,0.0,IV
4.484473149067329,0.0,64.0,1.0,0.0,2.0,11.0,3.0,27.007146751333433,0.0,PLAINTEXT
5.632659765557392,0.0,64.0,1.0,0.0,2.0,11.0,3.0,33.92194887383324,0.0,CIPHERTEXT
4.0,0.0,16.0,1.0,1.0,2.0,3.0,1.0,16.349851365001356,0.0,KEY
4.0,0.0,16.0,1.0,1.0,2.0,11.0,3.0,16.349851365001356,0.0,KEY
4.584962500721156,0.0,24.0,1.0,1.0,2.0,0.0,0.0,21.291906488858938,0.0,KEY
4.0,0.0,16.0,1.0,1.0,2.0,11.0,3.0,16.349851365001356,0.0,IV
4.8492384298164914,0.0,64.0,1.0,0.0,2.0,11.0,3.0,29.20389743742748,0.0,PLAINTEXT
5.9375,0.0,64.0,1.0,0.0,2.0,11.0,3.0,35.75780888985645,0.0,CIPHERTEXT
4.501629167387822,0.0,24.0,1.0,1.0,2.0,3.0,1.0,20.904918473044376,0.0,KEY
4.501629167387822,0.0,24.0,1.0,1.0,2.0,11.0,3.0,20.904918473044376,0.0,KEY
4.9375,0.0,32.0,1.0,0.0,2.0,0.0,0.0,24.906695964332364,0.0,KEY
4.0,0.0,16.0,1.0,1.0,2.0,11.0,3.0,16.349851365001356,0.0,IV
4.408617633875558,0.0,64.0,1.0,0.0,2.0,11.0,3.0,26.55031693820182,0.0,PLAINTEXT
5.6875,0.0,64.0,1.0,0.0,2.0,11.0,3.0,34.25221693659933,0.0,CIPHERTEXT
4.875,0.0,32.0,1.0,0.0,2.0,3.0,1.0,24.59142133187246,0.0,KEY
4.9375,0.0,32.0,1.0,0.0,2.0,11.0,3.0,24.906695964332364,0.0,KEY
4.0,0.0,16.0,1.0,1.0,2.0,0.0,0.0,16.349851365001356,0.0,KEY
3.875,0.0,16.0,1.0,1.0,2.0,11.0,3.0,15.838918509845064,0.0,IV
4.089114259867228,0.0,64.0,1.0,0.0,2.0,11.0,3.0,24.626150102420063,0.0,PLAINTEXT
5.738204882778696,0.0,64.0,1.0,0.0,2.0,11.0,3.0,34.55758039060913,0.0,CIPHERTEXT
4.0,0.0,16.0,1.0,1.0,2.0,3.0,1.0,16.349851365001356,0.0,KEY
4.0,0.0,16.0,1.0,1.0,2.0,11.0,3.0,16.349851365001356,0.0,KEY
4.501629167387822,0.0,24.0,1.0,1.0,2.0,0.0,0.0,20.904918473044376,0.0,KEY
4.0,0.0,16.0,1.0,1.0,2.0,11.0,3.0,16.349851365001356,0.0,IV
4.595103078152579,0.0,64.0,1.0,0.0,2.0,11.0,3.0,27.673400875414064,0.0,PLAINTEXT
5.84375,0.0,64.0,1.0,0.0,2.0,11.0,3.0,35.19321190738503,0.0,CIPHERTEXT
4.501629167387822,0.0,24.0,1.0,1.0,2.0,3.0,1.0,20.904918473044376,0.0,KEY
4.501629167387822,0.0,24.0,1.0,1.0,2.0,11.0,3.0,20.904918473044376,0.0,KEY
5.0,0.0,32.0,1.0,0.0,2.0,0.0,0.0,25.221970596792268,0.0,KEY
4.0,0.0,16.0,1.0,1.0,2.0,11.0,3.0,16.349851365001356,0.0,IV
4.737593945008262,0.0,64.0,1.0,0.0,2.0,11.0,3.0,28.531533285616256,0.0,PLAINTEXT
5.8125,0.0,64.0,1.0,0.0,2.0,11.0,3.0,35.005012913227894,0.0,CIPHERTEXT
4.8125,0.0,32.0,1.0,0.0,2.0,3.0,1.0,24.276146699412557,0.0,KEY
4.875,0.0,32.0,1.0,0.0,2.0,11.0,3.0,24.59142133187246,0.0,KEY
3.75,0.0,16.0,1.0,1.0,2.0,0.0,0.0,15.32798565468877,0.0,KEY
3.75,0.0,16.0,1.0,1.0,2.0,11.0,3.0,15.32798565468877,0.0,IV
5.12852441389348,0.0,64.0,1.0,0.0,2.0,11.0,3.0,30.885860358562713,0.0,PLAINTEXT
5.78125,0.0,64.0,1.0,0.0,2.0,11.0,3.0,34.81681391907075,0.0,CIPHERTEXT
3.75,0.0,16.0,1.0,1.0,2.0,3.0,1.0,15.32798565468877,0.0,KEY
3.875,0.0,16.0,1.0,1.0,2.0,11.0,3.0,15.838918509845064,0.0,KEY
4.41829583405449,0.0,24.0,1.0,1.0,2.0,0.0,0.0,20.51793045722982,0.0,KEY
4.0,0.0,16.0,1.0,1.0,2.0,11.0,3.0,16.349851365001356,0.0,IV
4.691024413893478,0.0,64.0,1.0,0.0,2.0,11.0,3.0,28.251074440362753,0.0,PLAINTEXT
5.75,0.0,64.0,1.0,0.0,2.0,11.0,3.0,34.62861492491361,0.0,CIPHERTEXT
4.501629167387822,0.0,24.0,1.0,1.0,2.0,3.0,1.0,20.904918473044376,0.0,KEY
4.501629167387822,0.0,24.0,1.0,1.0,2.0,11.0,3.0,20.904918473044376,0.0,KEY
4.875,0.0,32.0,1.0,0.0,2.0,0.0,0.0,24.59142133187246,0.0,KEY
3.875,0.0,16.0,1.0,1.0,2.0,11.0,3.0,15.838918509845064,0.0,IV
5.046569531114784,0.0,64.0,1.0,0.0,2.0,11.0,3.0,30.392297910395776,0.0,PLAINTEXT
5.875,0.0,64.0,1.0,0.0,2.0,11.0,3.0,35.38141090154217,0.0,CIPHERTEXT
4.8125,0.0,32.0,1.0,0.0,2.0,3.0,1.0,24.276146699412557,0.0,KEY
4.8125,0.0,32.0,1.0,0.0,2.0,11.0,3.0,24.276146699412557,0.0,KEY
4.9375,0.0,32.0,1.0,0.0,2.0,0.0,0.0,24.906695964332364,0.0,KEY
4.0,0.0,16.0,1.0,1.0,2.0,11.0,3.0,16.349851365001356,0.0,IV
4.607912751096862,0.0,64.0,1.0,0.0,2.0,11.0,3.0,27.750545437449137,0.0,PLAINTEXT
5.8125,0.0,64.0,1.0,0.0,2.0,11.0,3.0,35.005012913227894,0.0,CIPHERTEXT
4.875,0.0,32.0,1.0,0.0,2.0,3.0,1.0,24.59142133187246,0.0,KEY
4.875,0.0,32.0,1.0,0.0,2.0,11.0,3.0,24.59142133187246,0.0,KEY
4.8125,0.0,32.0,1.0,0.0,2.0,0.0,0.0,24.276146699412557,0.0,KEY
3.584962500721156,0.0,12.0,0.0,1.0,2.0,11.0,3.0,13.26593762571498,0.0,IV
4.42393716499034,0.0,64.0,1.0,0.0,2.0,11.0,3.0,26.642576789298175,0.0,PLAINTEXT
6.046928094887363,0.0,80.0,0.0,0.0,2.0,11.0,3.0,38.33661709981477,0.0,CIPHERTEXT
4.8125,0.0,32.0,1.0,0.0,2.0,3.0,1.0,24.276146699412557,0.0,KEY
5.0,0.0,32.0,1.0,0.0,2.0,11.0,3.0,25.221970596792268,0.0,KEY
3.875,0.0,16.0,1.0,1.0,2.0,0.0,0.0,15.838918509845064,0.0,KEY
3.75,0.0,16.0,1.0,1.0,2.0,11.0,3.0,15.32798565468877,0.0,IV
5.077819531114784,0.0,64.0,1.0,0.0,2.0,11.0,3.0,30.580496904552913,0.0,PLAINTEXT
5.800704882778696,0.0,64.0,1.0,0.0,2.0,11.0,3.0,34.93397837892341,0.0,CIPHERTEXT
4.0,0.0,16.0,1.0,1.0,2.0,3.0,1.0,16.349851365001356,0.0,KEY
3.75,0.0,16.0,1.0,1.0,2.0,11.0,3.0,15.32798565468877,0.0,KEY
4.501629167387822,0.0,24.0,1.0,1.0,2.0,0.0,0.0,20.904918473044376,0.0,KEY
4.0,0.0,16.0,1.0,1.0,2.0,11.0,3.0,16.349851365001356,0.0,IV
4.560328664259099,0.0,64.0,1.0,0.0,2.0,11.0,3.0,27.463976564465046,0.0,PLAINTEXT
5.726409765557392,0.0,64.0,1.0,0.0,2.0,11.0,3.0,34.48654585630465,0.0,CIPHERTEXT
4.584962500721156,0.0,24.0,1.0,1.0,2.0,3.0,1.0,21.291906488858938,0.0,KEY
4.501629167387822,0.0,24.0,1.0,1.0,2.0,11.0,3.0,20.904918473044376,0.0,KEY
4.875,0.0,32.0,1.0,0.0,2.0,0.0,0.0,24.59142133187246,0.0,KEY
3.875,0.0,16.0,1.0,1.0,2.0,11.0,3.0,15.838918509845064,0.0,IV
4.919355320957341,0.0,64.0,1.0,0.0,2.0,11.0,3.0,29.626167145783754,0.0,PLAINTEXT
5.875,0.0,64.0,1.0,0.0,2.0,11.0,3.0,35.38141090154217,0.0,CIPHERTEXT
4.875,0.0,32.0,1.0,0.0,2.0,3.0,1.0,24.59142133187246,0.0,KEY
4.9375,0.0,32.0,1.0,0.0,2.0,11.0,3.0,24.906695964332364,0.0,KEY
4.875,0.0,32.0,1.0,0.0,2.0,0.0,0.0,24.59142133187246,0.0,KEY
4.0,0.0,16.0,1.0,1.0,2.0,11.0,3.0,16.349851365001356,0.0,IV
4.914313383509937,0.0,64.0,1.0,0.0,2.0,11.0,3.0,29.5958027439852,0.0,PLAINTEXT
5.769454882778696,0.0,64.0,1.0,0.0,2.0,11.0,3.0,34.74577938476627,0.0,CIPHERTEXT
4.9375,0.0,32.0,1.0,0.0,2.0,3.0,1.0,24.906695964332364,0.0,KEY
4.9375,0.0,32.0,1.0,0.0,2.0,11.0,3.0,24.906695964332364,0.0,KEY
4.8125,0.0,32.0,1.0,0.0,2.0,0.0,0.0,24.276146699412557,0.0,KEY
3.4182958340544896,0.0,12.0,0.0,1.0,2.0,11.0,3.0,12.649197672691464,0.0,IV
5.030639062229566,0.0,64.0,1.0,0.0,2.0,11.0,3.0,30.296358767334986,0.0,PLAINTEXT
5.800704882778696,0.0,64.0,1.0,0.0,2.0,11.0,3.0,34.93397837892341,0.0,CIPHERTEXT
5.0,0.0,32.0,1.0,0.0,2.0,3.0,1.0,25.221970596792268,0.0,KEY
5.0,0.0,32.0,1.0,0.0,2.0,11.0,3.0,25.221970596792268,0.0,KEY
3.875,0.0,16.0,1.0,1.0,2.0,0.0,0.0,15.838918509845064,0.0,KEY
4.0,0.0,16.0,1.0,1.0,2.0,11.0,3.0,16.349851365001356,0.0,IV
4.677668898701707,0.0,64.0,1.0,0.0,2.0,11.0,3.0,28.17064261554542,0.0,PLAINTEXT
5.831954882778696,0.0,64.0,1.0,0.0,2.0,11.0,3.0,35.122177373080554,0.0,CIPHERTEXT
4.0,0.0,16.0,1.0,1.0,2.0,3.0,1.0,16.349851365001356,0.0,KEY
3.875,0.0,16.0,1.0,1.0,2.0,11.0,3.0,15.838918509845064,0.0,KEY
4.501629167387822,0.0,24.0,1.0,1.0,2.0,0.0,0.0,20.904918473044376,0.0,KEY
3.875,0.0,16.0,1.0,1.0,2.0,11.0,3.0,15.838918509845064,0.0,IV
4.659524219659049,0.0,64.0,1.0,0.0,2.0,11.0,3.0,28.061368684501186,0.0,PLAINTEXT
5.706954882778696,0.0,64.0,1.0,0.0,2.0,11.0,3.0,34.36938139645199,0.0,CIPHERTEXT
4.584962500721156,0.0,24.0,1.0,1.0,2.0,3.0,1.0,21.291906488858938,0.0,KEY
4.501629167387822,0.0,24.0,1.0,1.0,2.0,11.0,3.0,20.904918473044376,0.0,KEY
4.8125,0.0,32.0,1.0,0.0,2.0,0.0,0.0,24.276146699412557,0.0,KEY
4.0,0.0,16.0,1.0,1.0,2.0,11.0,3.0,16.349851365001356,0.0,IV
4.370614454101657,0.0,64.0,1.0,0.0,2.0,11.0,3.0,26.32144781153875,0.0,PLAINTEXT
5.78125,0.0,64.0,1.0,0.0,2.0,11.0,3.0,34.81681391907075,0.0,CIPHERTEXT
4.8125,0.0,32.0,1.0,0.0,2.0,3.0,1.0,24.276146699412557,0.0,KEY
4.663909765557392,0.0,32.0,1.0,0.0,2.0,11.0,3.0,23.52659899459617,0.0,KEY
4.0,0.0,16.0,1.0,1.0,2.0,0.0,0.0,16.349851365001356,0.0,KEY
3.875,0.0,16.0,1.0,1.0,2.0,11.0,3.0,15.838918509845064,0.0,IV
4.440413476123045,0.0,64.0,1.0,0.0,2.0,11.0,3.0,26.741803195141223,0.0,PLAINTEXT
5.831954882778696,0.0,64.0,1.0,0.0,2.0,11.0,3.0,35.122177373080554,0.0,CIPHERTEXT
3.875,0.0,16.0,1.0,1.0,2.0,3.0,1.0,15.838918509845064,0.0,KEY
4.0,0.0,16.0,1.0,1.0,2.0,11.0,3.0,16.349851365001356,0.0,KEY
4.584962500721156,0.0,24.0,1.0,1.0,2.0,0.0,0.0,21.291906488858938,0.0,KEY
3.875,0.0,16.0,1.0,1.0,2.0,11.0,3.0,15.838918509845064,0.0,IV
4.44400298553947,0.0,64.0,1.0,0.0,2.0,11.0,3.0,26.76342054111526,0.0,PLAINTEXT
5.6875,0.0,64.0,1.0,0.0,2.0,11.0,3.0,34.25221693659933,0.0,CIPHERTEXT
4.41829583405449,0.0,24.0,1.0,1.0,2.0,3.0,1.0,20.51793045722982,0.0,KEY
4.334962500721156,0.0,24.0,1.0,1.0,2.0,11.0,3.0,20.130942441415257,0.0,KEY
5.0,0.0,32.0,1.0,0.0,2.0,0.0,0.0,25.221970596792268,0.0,KEY
3.875,0.0,16.0,1.0,1.0,2.0,11.0,3.0,15.838918509845064,0.0,IV
4.765723149067329,0.0,64.0,1.0,0.0,2.0,11.0,3.0,28.700937698747687,0.0,PLAINTEXT
5.65625,0.0,64.0,1.0,0.0,2.0,11.0,3.0,34.06401794244219,0.0,CIPHERTEXT
4.875,0.0,32.0,1.0,0.0,2.0,3.0,1.0,24.59142133187246,0.0,KEY
4.9375,0.0,32.0,1.0,0.0,2.0,11.0,3.0,24.906695964332364,0.0,KEY
4.0,0.0,16.0,1.0,1.0,2.0,0.0,0.0,16.349851365001356,0.0,KEY
4.0,0.0,16.0,1.0,1.0,2.0,11.0,3.0,16.349851365001356,0.0,IV
4.490572516654254,0.0,64.0,1.0,0.0,2.0,11.0,3.0,27.04387938636876,0.0,PLAINTEXT
5.695159765557392,0.0,64.0,1.0,0.0,2.0,11.0,3.0,34.29834686214752,0.0,CIPHERTEXT
4.0,0.0,16.0,1.0,1.0,2.0,3.0,1.0,16.349851365001356,0.0,KEY
4.0,0.0,16.0,1.0,1.0,2.0,11.0,3.0,16.349851365001356,0.0,KEY
4.584962500721156,0.0,24.0,1.0,1.0,2.0,0.0,0.0,21.291906488858938,0.0,KEY
3.875,0.0,16.0,1.0,1.0,2.0,11.0,3.0,15.838918509845064,0.0,IV
4.890319531114783,0.0,64.0,1.0,0.0,2.0,11.0,3.0,29.451302939610073,0.0,PLAINTEXT
5.706954882778696,0.0,64.0,1.0,0.0,2.0,11.0,3.0,34.36938139645199,0.0,CIPHERTEXT
4.501629167387822,0.0,24.0,1.0,1.0,2.0,3.0,1.0,20.904918473044376,0.0,KEY
4.501629167387822,0.0,24.0,1.0,1.0,2.0,11.0,3.0,20.904918473044376,0.0,KEY
4.8125,0.0,32.0,1.0,0.0,2.0,0.0,0.0,24.276146699412557,0.0,KEY
3.875,0.0,16.0,1.0,1.0,2.0,11.0,3.0,15.838918509845064,0.0,IV
4.642283547037795,0.0,64.0,1.0,0.0,2.0,11.0,3.0,27.957539012631983,0.0,PLAINTEXT
5.875,0.0,64.0,1.0,0.0,2.0,11.0,3.0,35.38141090154217,0.0,CIPHERTEXT
4.9375,0.0,32.0,1.0,0.0,2.0,3.0,1.0,24.906695964332364,0.0,KEY
4.9375,0.0,32.0,1.0,0.0,2.0,11.0,3.0,24.906695964332364,0.0,KEY
4.9375,0.0,32.0,1.0,0.0,2.0,0.0,0.0,24.906695964332364,0.0,KEY
4.0,0.0,16.0,1.0,1.0,2.0,11.0,3.0,16.349851365001356,0.0,IV
4.958918898701707,0.0,64.0,1.0,0.0,2.0,11.0,3.0,29.86443356295967,0.0,PLAINTEXT
5.769454882778696,0.0,64.0,1.0,0.0,2.0,11.0,3.0,34.74577938476627,0.0,CIPHERTEXT
4.9375,0.0,32.0,1.0,0.0,2.0,3.0,1.0,24.906695964332364,0.0,KEY
4.9375,0.0,32.0,1.0,0.0,2.0,11.0,3.0,24.906695964332364,0.0,KEY
4.9375,0.0,32.0,1.0,0.0,2.0,0.0,0.0,24.906695964332364,0.0,KEY
3.584962500721156,0.0,12.0,0.0,1.0,2.0,11.0,3.0,13.26593762571498,0.0,IV
4.238517080954299,0.0,64.0,1.0,0.0,2.0,11.0,3.0,25.52590884331049,0.0,PLAINTEXT
5.918619813556233,0.0,80.0,0.0,0.0,2.0,11.0,3.0,37.52316184204748,0.0,CIPHERTEXT
5.0,0.0,32.0,1.0,0.0,2.0,3.0,1.0,25.221970596792268,0.0,KEY
4.8125,0.0,32.0,1.0,0.0,2.0,11.0,3.0,24.276146699412557,0.0,KEY
4.0,0.0,16.0,1.0,1.0,2.0,0.0,0.0,16.349851365001356,0.0,KEY
4.0,0.0,16.0,1.0,1.0,2.0,11.0,3.0,16.349851365001356,0.0,IV
4.7478286642591,0.0,64.0,1.0,0.0,2.0,11.0,3.0,28.593170529407885,0.0,PLAINTEXT
5.75,0.0,64.0,1.0,0.0,2.0,11.0,3.0,34.62861492491361,0.0,CIPHERTEXT
3.75,0.0,16.0,1.0,1.0,2.0,3.0,1.0,15.32798565468877,0.0,KEY
3.875,0.0,16.0,1.0,1.0,2.0,11.0,3.0,15.838918509845064,0.0,KEY
4.501629167387822,0.0,24.0,1.0,1.0,2.0,0.0,0.0,20.904918473044376,0.0,KEY
4.0,0.0,16.0,1.0,1.0,2.0,11.0,3.0,16.349851365001356,0.0,IV
4.806804250365621,0.0,64.0,1.0,0.0,2.0,11.0,3.0,28.948343200930285,0.0,PLAINTEXT
5.632659765557392,0.0,64.0,1.0,0.0,2.0,11.0,3.0,33.92194887383324,0.0,CIPHERTEXT
4.501629167387822,0.0,24.0,1.0,1.0,2.0,3.0,1.0,20.904918473044376,0.0,KEY
4.584962500721156,0.0,24.0,1.0,1.0,2.0,11.0,3.0,21.291906488858938,0.0,KEY
4.9375,0.0,32.0,1.0,0.0,2.0,0.0,0.0,24.906695964332364,0.0,KEY
3.875,0.0,16.0,1.0,1.0,2.0,11.0,3.0,15.838918509845064,0.0,IV
4.952819531114783,0.0,64.0,1.0,0.0,2.0,11.0,3.0,29.82770092792435,0.0,PLAINTEXT
5.8125,0.0,64.0,1.0,0.0,2.0,11.0,3.0,35.005012913227894,0.0,CIPHERTEXT
4.9375,0.0,32.0,1.0,0.0,2.0,3.0,1.0,24.906695964332364,0.0,KEY
4.8125,0.0,32.0,1.0,0.0,2.0,11.0,3.0,24.276146699412557,0.0,KEY
4.875,0.0,32.0,1.0,0.0,2.0,0.0,0.0,24.59142133187246,0.0,KEY
4.0,0.0,16.0,1.0,1.0,2.0,11.0,3.0,16.349851365001356,0.0,IV
4.593903423718116,0.0,64.0,1.0,0.0,2.0,11.0,3.0,27.666176115161196,0.0,PLAINTEXT
5.9375,0.0,64.0,1.0,0.0,2.0,11.0,3.0,35.75780888985645,0.0,CIPHERTEXT
4.875,0.0,32.0,1.0,0.0,2.0,3.0,1.0,24.59142133187246,0.0,KEY
4.8125,0.0,32.0,1.0,0.0,2.0,11.0,3.0,24.276146699412557,0.0,KEY
4.788909765557392,0.0,32.0,1.0,0.0,2.0,0.0,0.0,24.157148259515978,0.0,KEY
3.584962500721156,0.0,12.0,0.0,1.0,2.0,11.0,3.0,13.26593762571498,0.0,IV
4.746268266288633,0.0,64.0,1.0,0.0,2.0,11.0,3.0,28.583773238895027,0.0,PLAINTEXT
5.875,0.0,64.0,1.0,0.0,2.0,11.0,3.0,35.38141090154217,0.0,CIPHERTEXT
4.8125,0.0,32.0,1.0,0.0,2.0,3.0,1.0,24.276146699412557,0.0,KEY
4.8125,0.0,32.0,1.0,0.0,2.0,11.0,3.0,24.276146699412557,0.0,KEY
4.0,0.0,16.0,1.0,1.0,2.0,0.0,0.0,16.349851365001356,0.0,KEY
4.0,0.0,16.0,1.0,1.0,2.0,11.0,3.0,16.349851365001356,0.0,IV
4.2436933125951875,0.0,64.0,1.0,0.0,2.0,11.0,3.0,25.557082014137357,0.0,PLAINTEXT
5.71875,0.0,64.0,1.0,0.0,2.0,11.0,3.0,34.44041593075647,0.0,CIPHERTEXT
4.0,0.0,16.0,1.0,1.0,2.0,3.0,1.0,16.349851365001356,0.0,KEY
3.875,0.0,16.0,1.0,1.0,2.0,11.0,3.0,15.838918509845064,0.0,KEY
4.584962500721156,0.0,24.0,1.0,1.0,2.0,0.0,0.0,21.291906488858938,0.0,KEY
3.875,0.0,16.0,1.0,1.0,2.0,11.0,3.0,15.838918509845064,0.0,IV
4.177822322419824,0.0,64.0,1.0,0.0,2.0,11.0,3.0,25.160382683092934,0.0,PLAINTEXT
5.738204882778696,0.0,64.0,1.0,0.0,2.0,11.0,3.0,34.55758039060913,0.0,CIPHERTEXT
4.501629167387822,0.0,24.0,1.0,1.0,2.0,3.0,1.0,20.904918473044376,0.0,KEY
4.418295834054489,0.0,24.0,1.0,1.0,2.0,11.0,3.0,20.517930457229816,0.0,KEY
4.875,0.0,32.0,1.0,0.0,2.0,0.0,0.0,24.59142133187246,0.0,KEY
4.0,0.0,16.0,1.0,1.0,2.0,11.0,3.0,16.349851365001356,0.0,IV
4.428072516654253,0.0,64.0,1.0,0.0,2.0,11.0,3.0,26.667481398054477,0.0,PLAINTEXT
5.706954882778696,0.0,64.0,1.0,0.0,2.0,11.0,3.0,34.36938139645199,0.0,CIPHERTEXT
4.9375,0.0,32.0,1.0,0.0,2.0,3.0,1.0,24.906695964332364,0.0,KEY
4.9375,0.0,32.0,1.0,0.0,2.0,11.0,3.0,24.906695964332364,0.0,KEY
4.0,0.0,16.0,1.0,1.0,2.0,0.0,0.0,16.349851365001356,0.0,KEY
4.0,0.0,16.0,1.0,1.0,2.0,11.0,3.0,16.349851365001356,0.0,IV
4.408214015923012,0.0,64.0,1.0,0.0,2.0,11.0,3.0,26.547886202435652,0.0,PLAINTEXT
5.8125,0.0,64.0,1.0,0.0,2.0,11.0,3.0,35.005012913227894,0.0,CIPHERTEXT
4.0,0.0,16.0,1.0,1.0,2.0,3.0,1.0,16.349851365001356,0.0,KEY
3.75,0.0,16.0,1.0,1.0,2.0,11.0,3.0,15.32798565468877,0.0,KEY
4.501629167387822,0.0,24.0,1.0,1.0,2.0,0.0,0.0,20.904918473044376,0.0,KEY
4.0,0.0,16.0,1.0,1.0,2.0,11.0,3.0,16.349851365001356,0.0,IV
4.345103078152579,0.0,64.0,1.0,0.0,2.0,11.0,3.0,26.16780892215695,0.0,PLAINTEXT
5.75,0.0,64.0,1.0,0.0,2.0,11.0,3.0,34.62861492491361,0.0,CIPHERTEXT
4.418295834054489,0.0,24.0,1.0,1.0,2.0,3.0,1.0,20.517930457229816,0.0,KEY
4.303508854797678,0.0,24.0,1.0,1.0,2.0,11.0,3.0,19.984876233102533,0.0,KEY
4.9375,0.0,32.0,1.0,0.0,2.0,0.0,0.0,24.906695964332364,0.0,KEY
4.0,0.0,16.0,1.0,1.0,2.0,11.0,3.0,16.349851365001356,0.0,IV
4.472678031846025,0.0,64.0,1.0,0.0,2.0,11.0,3.0,26.936112217028956,0.0,PLAINTEXT
5.726409765557392,0.0,64.0,1.0,0.0,2.0,11.0,3.0,34.48654585630465,0.0,CIPHERTEXT
4.75,0.0,32.0,1.0,0.0,2.0,3.0,1.0,23.960872066952653,0.0,KEY
4.9375,0.0,32.0,1.0,0.0,2.0,11.0,3.0,24.906695964332364,0.0,KEY
4.0,0.0,16.0,1.0,1.0,2.0,0.0,0.0,16.349851365001356,0.0,KEY
4.0,0.0,16.0,1.0,1.0,2.0,11.0,3.0,16.349851365001356,0.0,IV
4.4796839852164405,0.0,64.0,1.0,0.0,2.0,11.0,3.0,26.978304645106526,0.0,PLAINTEXT
5.71875,0.0,64.0,1.0,0.0,2.0,11.0,3.0,34.44041593075647,0.0,CIPHERTEXT
4.0,0.0,16.0,1.0,1.0,2.0,3.0,1.0,16.349851365001356,0.0,KEY
3.875,0.0,16.0,1.0,1.0,2.0,11.0,3.0,15.838918509845064,0.0,KEY
4.584962500721156,0.0,24.0,1.0,1.0,2.0,0.0,0.0,21.291906488858938,0.0,KEY
4.0,0.0,16.0,1.0,1.0,2.0,11.0,3.0,16.349851365001356,0.0,IV
4.721117633875557,0.0,64.0,1.0,0.0,2.0,11.0,3.0,28.432306879773208,0.0,PLAINTEXT
5.8125,0.0,64.0,1.0,0.0,2.0,11.0,3.0,35.005012913227894,0.0,CIPHERTEXT
4.334962500721156,0.0,24.0,1.0,1.0,2.0,3.0,1.0,20.130942441415257,0.0,KEY
4.501629167387822,0.0,24.0,1.0,1.0,2.0,11.0,3.0,20.904918473044376,0.0,KEY
4.9375,0.0,32.0,1.0,0.0,2.0,0.0,0.0,24.906695964332364,0.0,KEY
4.0,0.0,16.0,1.0,1.0,2.0,11.0,3.0,16.349851365001356,0.0,IV
4.281042680182112,0.0,64.0,1.0,0.0,2.0,11.0,3.0,25.78201364332982,0.0,PLAINTEXT
5.745864648336088,0.0,64.0,1.0,0.0,2.0,11.0,3.0,34.60371031615732,0.0,CIPHERTEXT
4.875,0.0,32.0,1.0,0.0,2.0,3.0,1.0,24.59142133187246,0.0,KEY
4.9375,0.0,32.0,1.0,0.0,2.0,11.0,3.0,24.906695964332364,0.0,KEY
4.875,0.0,32.0,1.0,0.0,2.0,0.0,0.0,24.59142133187246,0.0,KEY
4.0,0.0,16.0,1.0,1.0,2.0,11.0,3.0,16.349851365001356,0.0,IV
4.57720859334435,0.0,64.0,1.0,0.0,2.0,11.0,3.0,27.565633706074262,0.0,PLAINTEXT
5.59375,0.0,64.0,1.0,0.0,2.0,11.0,3.0,33.68761995412792,0.0,CIPHERTEXT
4.9375,0.0,32.0,1.0,0.0,2.0,3.0,1.0,24.906695964332364,0.0,KEY
4.875,0.0,32.0,1.0,0.0,2.0,11.0,3.0,24.59142133187246,0.0,KEY
4.875,0.0,32.0,1.0,0.0,2.0,0.0,0.0,24.59142133187246,0.0,KEY
3.584962500721156,0.0,12.0,0.0,1.0,2.0,11.0,3.0,13.26593762571498,0.0,IV
4.343139062229566,0.0,64.0,1.0,0.0,2.0,11.0,3.0,26.155980895877924,0.0,PLAINTEXT
6.037492001110319,0.0,80.0,0.0,0.0,2.0,11.0,3.0,38.27679368065515,0.0,CIPHERTEXT
4.9375,0.0,32.0,1.0,0.0,2.0,3.0,1.0,24.906695964332364,0.0,KEY
4.9375,0.0,32.0,1.0,0.0,2.0,11.0,3.0,24.906695964332364,0.0,KEY
4.0,0.0,16.0,1.0,1.0,2.0,0.0,0.0,16.349851365001356,0.0,KEY
4.0,0.0,16.0,1.0,1.0,2.0,11.0,3.0,16.349851365001356,0.0,IV
4.706704688544266,0.0,64.0,1.0,0.0,2.0,11.0,3.0,28.345506821719106,0.0,PLAINTEXT
5.831954882778696,0.0,64.0,1.0,0.0,2.0,11.0,3.0,35.122177373080554,0.0,CIPHERTEXT
4.0,0.0,16.0,1.0,1.0,2.0,3.0,1.0,16.349851365001356,0.0,KEY
3.875,0.0,16.0,1.0,1.0,2.0,11.0,3.0,15.838918509845064,0.0,KEY
4.584962500721156,0.0,24.0,1.0,1.0,2.0,0.0,0.0,21.291906488858938,0.0,KEY
4.0,0.0,16.0,1.0,1.0,2.0,11.0,3.0,16.349851365001356,0.0,IV
4.820159765557392,0.0,64.0,1.0,0.0,2.0,11.0,3.0,29.028775025747617,0.0,PLAINTEXT
5.75,0.0,64.0,1.0,0.0,2.0,11.0,3.0,34.62861492491361,0.0,CIPHERTEXT
4.501629167387822,0.0,24.0,1.0,1.0,2.0,3.0,1.0,20.904918473044376,0.0,KEY
4.501629167387822,0.0,24.0,1.0,1.0,2.0,11.0,3.0,20.904918473044376,0.0,KEY
4.875,0.0,32.0,1.0,0.0,2.0,0.0,0.0,24.59142133187246,0.0,KEY
4.0,0.0,16.0,1.0,1.0,2.0,11.0,3.0,16.349851365001356,0.0,IV
5.029078664259099,0.0,64.0,1.0,0.0,2.0,11.0,3.0,30.286961476822132,0.0,PLAINTEXT
5.675704882778696,0.0,64.0,1.0,0.0,2.0,11.0,3.0,34.18118240229486,0.0,CIPHERTEXT
5.0,0.0,32.0,1.0,0.0,2.0,3.0,1.0,25.221970596792268,0.0,KEY
4.9375,0.0,32.0,1.0,0.0,2.0,11.0,3.0,24.906695964332364,0.0,KEY
4.875,0.0,32.0,1.0,0.0,2.0,0.0,0.0,24.59142133187246,0.0,KEY
3.875,0.0,16.0,1.0,1.0,2.0,11.0,3.0,15.838918509845064,0.0,IV
4.904078664259099,0.0,64.0,1.0,0.0,2.0,11.0,3.0,29.534165500193577,0.0,PLAINTEXT
5.71875,0.0,64.0,1.0,0.0,2.0,11.0,3.0,34.44041593075647,0.0,CIPHERTEXT
4.8125,0.0,32.0,1.0,0.0,2.0,3.0,1.0,24.276146699412557,0.0,KEY
4.875,0.0,32.0,1.0,0.0,2.0,11.0,3.0,24.59142133187246,0.0,KEY
4.9375,0.0,32.0,1.0,0.0,2.0,0.0,0.0,24.906695964332364,0.0,KEY
3.4182958340544896,0.0,12.0,0.0,1.0,2.0,11.0,3.0,12.649197672691464,0.0,IV
4.322527399432949,0.0,64.0,1.0,0.0,2.0,11.0,3.0,26.031849881278582,0.0,PLAINTEXT
5.663909765557392,0.0,64.0,1.0,0.0,2.0,11.0,3.0,34.11014786799038,0.0,CIPHERTEXT
4.788909765557392,0.0,32.0,1.0,0.0,2.0,3.0,1.0,24.157148259515978,0.0,KEY
4.8125,0.0,32.0,1.0,0.0,2.0,11.0,3.0,24.276146699412557,0.0,KEY
4.0,0.0,16.0,1.0,1.0,2.0,0.0,0.0,16.349851365001356,0.0,KEY
3.875,0.0,16.0,1.0,1.0,2.0,11.0,3.0,15.838918509845064,0.0,IV
4.489012118683787,0.0,64.0,1.0,0.0,2.0,11.0,3.0,27.034482095855907,0.0,PLAINTEXT
5.769454882778696,0.0,64.0,1.0,0.0,2.0,11.0,3.0,34.74577938476627,0.0,CIPHERTEXT
3.875,0.0,16.0,1.0,1.0,2.0,3.0,1.0,15.838918509845064,0.0,KEY
4.0,0.0,16.0,1.0,1.0,2.0,11.0,3.0,16.349851365001356,0.0,KEY
4.584962500721156,0.0,24.0,1.0,1.0,2.0,0.0,0.0,21.291906488858938,0.0,KEY
4.0,0.0,16.0,1.0,1.0,2.0,11.0,3.0,16.349851365001356,0.0,IV
4.808114454101657,0.0,64.0,1.0,0.0,2.0,11.0,3.0,28.9562337297387,0.0,PLAINTEXT
5.831954882778696,0.0,64.0,1.0,0.0,2.0,11.0,3.0,35.122177373080554,0.0,CIPHERTEXT
4.334962500721156,0.0,24.0,1.0,1.0,2.0,3.0,1.0,20.130942441415257,0.0,KEY
4.418295834054488,0.0,24.0,1.0,1.0,2.0,11.0,3.0,20.517930457229813,0.0,KEY
4.9375,0.0,32.0,1.0,0.0,2.0,0.0,0.0,24.906695964332364,0.0,KEY
4.0,0.0,16.0,1.0,1.0,2.0,11.0,3.0,16.349851365001356,0.0,IV
4.36713291462472,0.0,64.0,1.0,0.0,2.0,11.0,3.0,26.300480700253054,0.0,PLAINTEXT
5.726409765557392,0.0,64.0,1.0,0.0,2.0,11.0,3.0,34.48654585630465,0.0,CIPHERTEXT
5.0,0.0,32.0,1.0,0.0,2.0,3.0,1.0,25.221970596792268,0.0,KEY
4.8125,0.0,32.0,1.0,0.0,2.0,11.0,3.0,24.276146699412557,0.0,KEY
4.0,0.0,16.0,1.0,1.0,2.0,0.0,0.0,16.349851365001356,0.0,KEY
4.0,0.0,16.0,1.0,1.0,2.0,11.0,3.0,16.349851365001356,0.0,IV
4.374792680182112,0.0,64.0,1.0,0.0,2.0,11.0,3.0,26.346610625801233,0.0,PLAINTEXT
5.75,0.0,64.0,1.0,0.0,2.0,11.0,3.0,34.62861492491361,0.0,CIPHERTEXT
4.0,0.0,16.0,1.0,1.0,2.0,3.0,1.0,16.349851365001356,0.0,KEY
3.875,0.0,16.0,1.0,1.0,2.0,11.0,3.0,15.838918509845064,0.0,KEY
4.584962500721156,0.0,24.0,1.0,1.0,2.0,0.0,0.0,21.291906488858938,0.0,KEY
4.0,0.0,16.0,1.0,1.0,2.0,11.0,3.0,16.349851365001356,0.0,IV
4.768843945008262,0.0,64.0,1.0,0.0,2.0,11.0,3.0,28.719732279773396,0.0,PLAINTEXT
5.71875,0.0,64.0,1.0,0.0,2.0,11.0,3.0,34.44041593075647,0.0,CIPHERTEXT
4.334962500721156,0.0,24.0,1.0,1.0,2.0,3.0,1.0,20.130942441415257,0.0,KEY
4.418295834054489,0.0,24.0,1.0,1.0,2.0,11.0,3.0,20.517930457229816,0.0,KEY
4.875,0.0,32.0,1.0,0.0,2.0,0.0,0.0,24.59142133187246,0.0,KEY
4.0,0.0,16.0,1.0,1.0,2.0,11.0,3.0,16.349851365001356,0.0,IV
4.539313383509937,0.0,64.0,1.0,0.0,2.0,11.0,3.0,27.33741481409953,0.0,PLAINTEXT
5.675704882778696,0.0,64.0,1.0,0.0,2.0,11.0,3.0,34.18118240229486,0.0,CIPHERTEXT
4.875,0.0,32.0,1.0,0.0,2.0,3.0,1.0,24.59142133187246,0.0,KEY
4.9375,0.0,32.0,1.0,0.0,2.0,11.0,3.0,24.906695964332364,0.0,KEY
4.0,0.0,16.0,1.0,1.0,2.0,0.0,0.0,16.349851365001356,0.0,KEY
3.75,0.0,16.0,1.0,1.0,2.0,11.0,3.0,15.32798565468877,0.0,IV
4.981855320957341,0.0,64.0,1.0,0.0,2.0,11.0,3.0,30.00256513409803,0.0,PLAINTEXT
5.800704882778696,0.0,64.0,1.0,0.0,2.0,11.0,3.0,34.93397837892341,0.0,CIPHERTEXT
4.0,0.0,16.0,1.0,1.0,2.0,3.0,1.0,16.349851365001356,0.0,KEY
4.0,0.0,16.0,1.0,1.0,2.0,11.0,3.0,16.349851365001356,0.0,KEY
4.584962500721156,0.0,24.0,1.0,1.0,2.0,0.0,0.0,21.291906488858938,0.0,KEY
4.0,0.0,16.0,1.0,1.0,2.0,11.0,3.0,16.349851365001356,0.0,IV
4.49757847002467,0.0,64.0,1.0,0.0,2.0,11.0,3.0,27.08607181444633,0.0,PLAINTEXT
5.78125,0.0,64.0,1.0,0.0,2.0,11.0,3.0,34.81681391907075,0.0,CIPHERTEXT
4.418295834054489,0.0,24.0,1.0,1.0,2.0,3.0,1.0,20.517930457229816,0.0,KEY
4.501629167387822,0.0,24.0,1.0,1.0,2.0,11.0,3.0,20.904918473044376,0.0,KEY
4.875,0.0,32.0,1.0,0.0,2.0,0.0,0.0,24.59142133187246,0.0,KEY
3.75,0.0,16.0,1.0,1.0,2.0,11.0,3.0,15.32798565468877,0.0,IV
4.755488429816491,0.0,64.0,1.0,0.0,2.0,11.0,3.0,28.639300454956057,0.0,PLAINTEXT
5.71875,0.0,64.0,1.0,0.0,2.0,11.0,3.0,34.44041593075647,0.0,CIPHERTEXT
5.0,0.0,32.0,1.0,0.0,2.0,3.0,1.0,25.221970596792268,0.0,KEY
4.8125,0.0,32.0,1.0,0.0,2.0,11.0,3.0,24.276146699412557,0.0,KEY
5.0,0.0,32.0,1.0,0.0,2.0,0.0,0.0,25.221970596792268,0.0,KEY
3.577819531114783,0.0,16.0,1.0,1.0,2.0,11.0,3.0,14.624204386131387,0.0,IV
4.802015086514732,0.0,64.0,1.0,0.0,2.0,11.0,3.0,28.91950109470337,0.0,PLAINTEXT
5.706954882778696,0.0,64.0,1.0,0.0,2.0,11.0,3.0,34.36938139645199,0.0,CIPHERTEXT
4.9375,0.0,32.0,1.0,0.0,2.0,3.0,1.0,24.906695964332364,0.0,KEY
4.875,0.0,32.0,1.0,0.0,2.0,11.0,3.0,24.59142133187246,0.0,KEY
4.75,0.0,32.0,1.0,0.0,2.0,0.0,0.0,23.960872066952653,0.0,KEY
3.584962500721156,0.0,12.0,0.0,1.0,2.0,11.0,3.0,13.26593762571498,0.0,IV
4.392283547037795,0.0,64.0,1.0,0.0,2.0,11.0,3.0,26.45194705937487,0.0,PLAINTEXT
6.121928094887363,0.0,80.0,0.0,0.0,2.0,11.0,3.0,38.81210585003112,0.0,CIPHERTEXT
4.875,0.0,32.0,1.0,0.0,2.0,3.0,1.0,24.59142133187246,0.0,KEY
4.9375,0.0,32.0,1.0,0.0,2.0,11.0,3.0,24.906695964332364,0.0,KEY
4.0,0.0,16.0,1.0,1.0,2.0,0.0,0.0,16.349851365001356,0.0,KEY
4.0,0.0,16.0,1.0,1.0,2.0,11.0,3.0,16.349851365001356,0.0,IV
4.907560203736037,0.0,64.0,1.0,0.0,2.0,11.0,3.0,29.555132611479273,0.0,PLAINTEXT
5.78125,0.0,64.0,1.0,0.0,2.0,11.0,3.0,34.81681391907075,0.0,CIPHERTEXT
3.875,0.0,16.0,1.0,1.0,2.0,3.0,1.0,15.838918509845064,0.0,KEY
4.0,0.0,16.0,1.0,1.0,2.0,11.0,3.0,16.349851365001356,0.0,KEY
4.303508854797678,0.0,24.0,1.0,1.0,2.0,0.0,0.0,19.984876233102533,0.0,KEY
4.0,0.0,16.0,1.0,1.0,2.0,11.0,3.0,16.349851365001356,0.0,IV
5.046569531114784,0.0,64.0,1.0,0.0,2.0,11.0,3.0,30.392297910395776,0.0,PLAINTEXT
5.831954882778696,0.0,64.0,1.0,0.0,2.0,11.0,3.0,35.122177373080554,0.0,CIPHERTEXT
4.584962500721156,0.0,24.0,1.0,1.0,2.0,3.0,1.0,21.291906488858938,0.0,KEY
4.418295834054489,0.0,24.0,1.0,1.0,2.0,11.0,3.0,20.517930457229816,0.0,KEY
5.0,0.0,32.0,1.0,0.0,2.0,0.0,0.0,25.221970596792268,0.0,KEY
3.875,0.0,16.0,1.0,1.0,2.0,11.0,3.0,15.838918509845064,0.0,IV
4.306596930547732,0.0,64.0,1.0,0.0,2.0,11.0,3.0,25.9359107382178,0.0,PLAINTEXT
5.757659765557392,0.0,64.0,1.0,0.0,2.0,11.0,3.0,34.67474485046179,0.0,CIPHERTEXT
5.0,0.0,32.0,1.0,0.0,2.0,3.0,1.0,25.221970596792268,0.0,KEY
4.9375,0.0,32.0,1.0,0.0,2.0,11.0,3.0,24.906695964332364,0.0,KEY
4.9375,0.0,32.0,1.0,0.0,2.0,0.0,0.0,24.906695964332364,0.0,KEY
3.875,0.0,16.0,1.0,1.0,2.0,11.0,3.0,15.838918509845064,0.0,IV
4.719557235905091,0.0,64.0,1.0,0.0,2.0,11.0,3.0,28.42290958926036,0.0,PLAINTEXT
5.570159765557392,0.0,64.0,1.0,0.0,2.0,11.0,3.0,33.545550885518956,0.0,CIPHERTEXT
4.9375,0.0,32.0,1.0,0.0,2.0,3.0,1.0,24.906695964332364,0.0,KEY
4.9375,0.0,32.0,1.0,0.0,2.0,11.0,3.0,24.906695964332364,0.0,KEY
4.875,0.0,32.0,1.0,0.0,2.0,0.0,0.0,24.59142133187246,0.0,KEY
3.4182958340544896,0.0,12.0,0.0,1.0,2.0,11.0,3.0,12.649197672691464,0.0,IV
4.621268266288633,0.0,64.0,1.0,0.0,2.0,11.0,3.0,27.83097726226647,0.0,PLAINTEXT
5.706954882778696,0.0,64.0,1.0,0.0,2.0,11.0,3.0,34.36938139645199,0.0,CIPHERTEXT
4.8125,0.0,32.0,1.0,0.0,2.0,3.0,1.0,24.276146699412557,0.0,KEY
4.726409765557392,0.0,32.0,1.0,0.0,2.0,11.0,3.0,23.841873627056074,0.0,KEY
4.0,0.0,16.0,1.0,1.0,2.0,0.0,0.0,16.349851365001356,0.0,KEY
4.0,0.0,16.0,1.0,1.0,2.0,11.0,3.0,16.349851365001356,0.0,IV
4.471117633875558,0.0,64.0,1.0,0.0,2.0,11.0,3.0,26.9267149265161,0.0,PLAINTEXT
5.769454882778696,0.0,64.0,1.0,0.0,2.0,11.0,3.0,34.74577938476627,0.0,CIPHERTEXT
4.0,0.0,16.0,1.0,1.0,2.0,3.0,1.0,16.349851365001356,0.0,KEY
3.875,0.0,16.0,1.0,1.0,2.0,11.0,3.0,15.838918509845064,0.0,KEY
4.501629167387822,0.0,24.0,1.0,1.0,2.0,0.0,0.0,20.904918473044376,0.0,KEY
3.875,0.0,16.0,1.0,1.0,2.0,11.0,3.0,15.838918509845064,0.0,IV
4.345103078152579,0.0,64.0,1.0,0.0,2.0,11.0,3.0,26.16780892215695,0.0,PLAINTEXT
5.675704882778696,0.0,64.0,1.0,0.0,2.0,11.0,3.0,34.18118240229486,0.0,CIPHERTEXT
4.418295834054489,0.0,24.0,1.0,1.0,2.0,3.0,1.0,20.517930457229816,0.0,KEY
4.501629167387822,0.0,24.0,1.0,1.0,2.0,11.0,3.0,20.904918473044376,0.0,KEY
5.0,0.0,32.0,1.0,0.0,2.0,0.0,0.0,25.221970596792268,0.0,KEY
4.0,0.0,16.0,1.0,1.0,2.0,11.0,3.0,16.349851365001356,0.0,IV
5.046569531114783,0.0,64.0,1.0,0.0,2.0,11.0,3.0,30.39229791039577,0.0,PLAINTEXT
5.75,0.0,64.0,1.0,0.0,2.0,11.0,3.0,34.62861492491361,0.0,CIPHERTEXT
4.663909765557392,0.0,32.0,1.0,0.0,2.0,3.0,1.0,23.52659899459617,0.0,KEY
4.875,0.0,32.0,1.0,0.0,2.0,11.0,3.0,24.59142133187246,0.0,KEY
3.875,0.0,16.0,1.0,1.0,2.0,0.0,0.0,15.838918509845064,0.0,KEY
3.75,0.0,16.0,1.0,1.0,2.0,11.0,3.0,15.32798565468877,0.0,IV
4.736033547037795,0.0,64.0,1.0,0.0,2.0,11.0,3.0,28.5221359951034,0.0,PLAINTEXT
5.78125,0.0,64.0,1.0,0.0,2.0,11.0,3.0,34.81681391907075,0.0,CIPHERTEXT
4.0,0.0,16.0,1.0,1.0,2.0,3.0,1.0,16.349851365001356,0.0,KEY
4.0,0.0,16.0,1.0,1.0,2.0,11.0,3.0,16.349851365001356,0.0,KEY
4.501629167387822,0.0,24.0,1.0,1.0,2.0,0.0,0.0,20.904918473044376,0.0,KEY
3.625,0.0,16.0,1.0,1.0,2.0,11.0,3.0,14.81705279953248,0.0,IV
5.022979296672174,0.0,64.0,1.0,0.0,2.0,11.0,3.0,30.250228841786807,0.0,PLAINTEXT
5.84375,0.0,64.0,1.0,0.0,2.0,11.0,3.0,35.19321190738503,0.0,CIPHERTEXT
4.418295834054489,0.0,24.0,1.0,1.0,2.0,3.0,1.0,20.517930457229816,0.0,KEY
4.501629167387822,0.0,24.0,1.0,1.0,2.0,11.0,3.0,20.904918473044376,0.0,KEY
4.9375,0.0,32.0,1.0,0.0,2.0,0.0,0.0,24.906695964332364,0.0,KEY
4.0,0.0,16.0,1.0,1.0,2.0,11.0,3.0,16.349851365001356,0.0,IV
4.492132914624721,0.0,64.0,1.0,0.0,2.0,11.0,3.0,27.053276676881616,0.0,PLAINTEXT
5.875,0.0,64.0,1.0,0.0,2.0,11.0,3.0,35.38141090154217,0.0,CIPHERTEXT
5.0,0.0,32.0,1.0,0.0,2.0,3.0,1.0,25.221970596792268,0.0,KEY
4.875,0.0,32.0,1.0,0.0,2.0,11.0,3.0,24.59142133187246,0.0,KEY
3.875,0.0,16.0,1.0,1.0,2.0,0.0,0.0,15.838918509845064,0.0,KEY
4.0,0.0,16.0,1.0,1.0,2.0,11.0,3.0,16.349851365001356,0.0,IV
4.4117384298164914,0.0,64.0,1.0,0.0,2.0,11.0,3.0,26.56911151922753,0.0,PLAINTEXT
5.613204882778696,0.0,64.0,1.0,0.0,2.0,11.0,3.0,33.80478441398058,0.0,CIPHERTEXT
3.875,0.0,16.0,1.0,1.0,2.0,3.0,1.0,15.838918509845064,0.0,KEY
4.0,0.0,16.0,1.0,1.0,2.0,11.0,3.0,16.349851365001356,0.0,KEY
4.418295834054489,0.0,24.0,1.0,1.0,2.0,0.0,0.0,20.517930457229816,0.0,KEY
3.75,0.0,16.0,1.0,1.0,2.0,11.0,3.0,15.32798565468877,0.0,IV
4.5367384298164914,0.0,64.0,1.0,0.0,2.0,11.0,3.0,27.321907495856088,0.0,PLAINTEXT
5.8125,0.0,64.0,1.0,0.0,2.0,11.0,3.0,35.005012913227894,0.0,CIPHERTEXT
4.584962500721156,0.0,24.0,1.0,1.0,2.0,3.0,1.0,21.291906488858938,0.0,KEY
4.501629167387822,0.0,24.0,1.0,1.0,2.0,11.0,3.0,20.904918473044376,0.0,KEY
5.0,0.0,32.0,1.0,0.0,2.0,0.0,0.0,25.221970596792268,0.0,KEY
3.875,0.0,16.0,1.0,1.0,2.0,11.0,3.0,15.838918509845064,0.0,IV
4.2182496115311405,0.0,64.0,1.0,0.0,2.0,11.0,3.0,25.403850687804923,0.0,PLAINTEXT
5.675704882778696,0.0,64.0,1.0,0.0,2.0,11.0,3.0,34.18118240229486,0.0,CIPHERTEXT
5.0,0.0,32.0,1.0,0.0,2.0,3.0,1.0,25.221970596792268,0.0,KEY
4.875,0.0,32.0,1.0,0.0,2.0,11.0,3.0,24.59142133187246,0.0,KEY
4.75,0.0,32.0,1.0,0.0,2.0,0.0,0.0,23.960872066952653,0.0,KEY
4.0,0.0,16.0,1.0,1.0,2.0,11.0,3.0,16.349851365001356,0.0,IV
4.708918898701708,0.0,64.0,1.0,0.0,2.0,11.0,3.0,28.358841609702566,0.0,PLAINTEXT
5.6875,0.0,64.0,1.0,0.0,2.0,11.0,3.0,34.25221693659933,0.0,CIPHERTEXT
4.875,0.0,32.0,1.0,0.0,2.0,3.0,1.0,24.59142133187246,0.0,KEY
4.875,0.0,32.0,1.0,0.0,2.0,11.0,3.0,24.59142133187246,0.0,KEY
4.875,0.0,32.0,1.0,0.0,2.0,0.0,0.0,24.59142133187246,0.0,KEY
3.4182958340544896,0.0,12.0,0.0,1.0,2.0,11.0,3.0,12.649197672691464,0.0,IV
4.4455633835099375,0.0,64.0,1.0,0.0,2.0,11.0,3.0,26.772817831628117,0.0,PLAINTEXT
6.012492001110319,0.0,80.0,0.0,0.0,2.0,11.0,3.0,38.118297430583034,0.0,CIPHERTEXT
4.875,0.0,32.0,1.0,0.0,2.0,3.0,1.0,24.59142133187246,0.0,KEY
4.9375,0.0,32.0,1.0,0.0,2.0,11.0,3.0,24.906695964332364,0.0,KEY
3.875,0.0,16.0,1.0,1.0,2.0,0.0,0.0,15.838918509845064,0.0,KEY
4.0,0.0,16.0,1.0,1.0,2.0,11.0,3.0,16.349851365001356,0.0,IV
4.187812198175602,0.0,64.0,1.0,0.0,2.0,11.0,3.0,25.220545389300685,0.0,PLAINTEXT
5.706954882778696,0.0,64.0,1.0,0.0,2.0,11.0,3.0,34.36938139645199,0.0,CIPHERTEXT
4.0,0.0,16.0,1.0,1.0,2.0,3.0,1.0,16.349851365001356,0.0,KEY
4.0,0.0,16.0,1.0,1.0,2.0,11.0,3.0,16.349851365001356,0.0,KEY
4.41829583405449,0.0,24.0,1.0,1.0,2.0,0.0,0.0,20.51793045722982,0.0,KEY
4.0,0.0,16.0,1.0,1.0,2.0,11.0,3.0,16.349851365001356,0.0,IV
4.213366448541223,0.0,64.0,1.0,0.0,2.0,11.0,3.0,25.374442484188673,0.0,PLAINTEXT
5.78125,0.0,64.0,1.0,0.0,2.0,11.0,3.0,34.81681391907075,0.0,CIPHERTEXT
4.501629167387822,0.0,24.0,1.0,1.0,2.0,3.0,1.0,20.904918473044376,0.0,KEY
4.501629167387822,0.0,24.0,1.0,1.0,2.0,11.0,3.0,20.904918473044376,0.0,KEY
5.0,0.0,32.0,1.0,0.0,2.0,0.0,0.0,25.221970596792268,0.0,KEY
4.0,0.0,16.0,1.0,1.0,2.0,11.0,3.0,16.349851365001356,0.0,IV
4.978373781480403,0.0,64.0,1.0,0.0,2.0,11.0,3.0,29.981598022812335,0.0,PLAINTEXT
5.769454882778696,0.0,64.0,1.0,0.0,2.0,11.0,3.0,34.74577938476627,0.0,CIPHERTEXT
5.0,0.0,32.0,1.0,0.0,2.0,3.0,1.0,25.221970596792268,0.0,KEY
4.9375,0.0,32.0,1.0,0.0,2.0,11.0,3.0,24.906695964332364,0.0,KEY
4.9375,0.0,32.0,1.0,0.0,2.0,0.0,0.0,24.906695964332364,0.0,KEY
3.875,0.0,16.0,1.0,1.0,2.0,11.0,3.0,15.838918509845064,0.0,IV
4.517687164990341,0.0,64.0,1.0,0.0,2.0,11.0,3.0,27.207173771769597,0.0,PLAINTEXT
5.726409765557392,0.0,64.0,1.0,0.0,2.0,11.0,3.0,34.48654585630465,0.0,CIPHERTEXT
4.9375,0.0,32.0,1.0,0.0,2.0,3.0,1.0,24.906695964332364,0.0,KEY
4.8125,0.0,32.0,1.0,0.0,2.0,11.0,3.0,24.276146699412557,0.0,KEY
4.9375,0.0,32.0,1.0,0.0,2.0,0.0,0.0,24.906695964332364,0.0,KEY
3.584962500721156,0.0,12.0,0.0,1.0,2.0,11.0,3.0,13.26593762571498,0.0,IV
4.561889062229566,0.0,64.0,1.0,0.0,2.0,11.0,3.0,27.4733738549779,0.0,PLAINTEXT
5.8125,0.0,64.0,1.0,0.0,2.0,11.0,3.0,35.005012913227894,0.0,CIPHERTEXT
4.875,0.0,32.0,1.0,0.0,2.0,3.0,1.0,24.59142133187246,0.0,KEY
4.875,0.0,32.0,1.0,0.0,2.0,11.0,3.0,24.59142133187246,0.0,KEY
4.0,0.0,16.0,1.0,1.0,2.0,0.0,0.0,16.349851365001356,0.0,KEY
4.0,0.0,16.0,1.0,1.0,2.0,11.0,3.0,16.349851365001356,0.0,IV
4.958918898701707,0.0,64.0,1.0,0.0,2.0,11.0,3.0,29.86443356295967,0.0,PLAINTEXT
5.6875,0.0,64.0,1.0,0.0,2.0,11.0,3.0,34.25221693659933,0.0,CIPHERTEXT
3.875,0.0,16.0,1.0,1.0,2.0,3.0,1.0,15.838918509845064,0.0,KEY
3.875,0.0,16.0,1.0,1.0,2.0,11.0,3.0,15.838918509845064,0.0,KEY
4.418295834054489,0.0,24.0,1.0,1.0,2.0,0.0,0.0,20.517930457229816,0.0,KEY
4.0,0.0,16.0,1.0,1.0,2.0,11.0,3.0,16.349851365001356,0.0,IV
4.324087797403416,0.0,64.0,1.0,0.0,2.0,11.0,3.0,26.041247171791436,0.0,PLAINTEXT
5.78125,0.0,64.0,1.0,0.0,2.0,11.0,3.0,34.81681391907075,0.0,CIPHERTEXT
4.584962500721156,0.0,24.0,1.0,1.0,2.0,3.0,1.0,21.291906488858938,0.0,KEY
4.501629167387822,0.0,24.0,1.0,1.0,2.0,11.0,3.0,20.904918473044376,0.0,KEY
5.0,0.0,32.0,1.0,0.0,2.0,0.0,0.0,25.221970596792268,0.0,KEY
4.0,0.0,16.0,1.0,1.0,2.0,11.0,3.0,16.349851365001356,0.0,IV
4.640069336880353,0.0,64.0,1.0,0.0,2.0,11.0,3.0,27.944204224648523,0.0,PLAINTEXT
5.675704882778696,0.0,64.0,1.0,0.0,2.0,11.0,3.0,34.18118240229486,0.0,CIPHERTEXT
4.8125,0.0,32.0,1.0,0.0,2.0,3.0,1.0,24.276146699412557,0.0,KEY
4.9375,0.0,32.0,1.0,0.0,2.0,11.0,3.0,24.906695964332364,0.0,KEY
4.0,0.0,16.0,1.0,1.0,2.0,0.0,0.0,16.349851365001356,0.0,KEY
4.0,0.0,16.0,1.0,1.0,2.0,11.0,3.0,16.349851365001356,0.0,IV
4.478777399432949,0.0,64.0,1.0,0.0,2.0,11.0,3.0,26.972844852064277,0.0,PLAINTEXT
5.71875,0.0,64.0,1.0,0.0,2.0,11.0,3.0,34.44041593075647,0.0,CIPHERTEXT
3.875,0.0,16.0,1.0,1.0,2.0,3.0,1.0,15.838918509845064,0.0,KEY
4.0,0.0,16.0,1.0,1.0,2.0,11.0,3.0,16.349851365001356,0.0,KEY
4.418295834054489,0.0,24.0,1.0,1.0,2.0,0.0,0.0,20.517930457229816,0.0,KEY
4.0,0.0,16.0,1.0,1.0,2.0,11.0,3.0,16.349851365001356,0.0,IV
4.447123781480403,0.0,64.0,1.0,0.0,2.0,11.0,3.0,26.78221512214097,0.0,PLAINTEXT
5.78125,0.0,64.0,1.0,0.0,2.0,11.0,3.0,34.81681391907075,0.0,CIPHERTEXT
4.584962500721156,0.0,24.0,1.0,1.0,2.0,3.0,1.0,21.291906488858938,0.0,KEY
4.501629167387822,0.0,24.0,1.0,1.0,2.0,11.0,3.0,20.904918473044376,0.0,KEY
4.9375,0.0,32.0,1.0,0.0,2.0,0.0,0.0,24.906695964332364,0.0,KEY
3.875,0.0,16.0,1.0,1.0,2.0,11.0,3.0,15.838918509845064,0.0,IV
4.964614648336088,0.0,64.0,1.0,0.0,2.0,11.0,3.0,29.898735462228835,0.0,PLAINTEXT
5.675704882778696,0.0,64.0,1.0,0.0,2.0,11.0,3.0,34.18118240229486,0.0,CIPHERTEXT
4.9375,0.0,32.0,1.0,0.0,2.0,3.0,1.0,24.906695964332364,0.0,KEY
4.9375,0.0,32.0,1.0,0.0,2.0,11.0,3.0,24.906695964332364,0.0,KEY
3.875,0.0,16.0,1.0,1.0,2.0,0.0,0.0,15.838918509845064,0.0,KEY
3.875,0.0,16.0,1.0,1.0,2.0,11.0,3.0,15.838918509845064,0.0,IV
4.626964015923012,0.0,64.0,1.0,0.0,2.0,11.0,3.0,27.865279161535625,0.0,PLAINTEXT
5.769454882778696,0.0,64.0,1.0,0.0,2.0,11.0,3.0,34.74577938476627,0.0,CIPHERTEXT
4.0,0.0,16.0,1.0,1.0,2.0,3.0,1.0,16.349851365001356,0.0,KEY
4.0,0.0,16.0,1.0,1.0,2.0,11.0,3.0,16.349851365001356,0.0,KEY
4.584962500721156,0.0,24.0,1.0,1.0,2.0,0.0,0.0,21.291906488858938,0.0,KEY
3.875,0.0,16.0,1.0,1.0,2.0,11.0,3.0,15.838918509845064,0.0,IV
4.622828664259099,0.0,64.0,1.0,0.0,2.0,11.0,3.0,27.840374552779323,0.0,PLAINTEXT
5.6875,0.0,64.0,1.0,0.0,2.0,11.0,3.0,34.25221693659933,0.0,CIPHERTEXT
4.418295834054489,0.0,24.0,1.0,1.0,2.0,3.0,1.0,20.517930457229816,0.0,KEY
4.334962500721156,0.0,24.0,1.0,1.0,2.0,11.0,3.0,20.130942441415257,0.0,KEY
4.9375,0.0,32.0,1.0,0.0,2.0,0.0,0.0,24.906695964332364,0.0,KEY
4.0,0.0,16.0,1.0,1.0,2.0,11.0,3.0,16.349851365001356,0.0,IV
4.433768266288633,0.0,64.0,1.0,0.0,2.0,11.0,3.0,26.701783297323633,0.0,PLAINTEXT
5.78125,0.0,64.0,1.0,0.0,2.0,11.0,3.0,34.81681391907075,0.0,CIPHERTEXT
4.726409765557392,0.0,32.0,1.0,0.0,2.0,3.0,1.0,23.841873627056074,0.0,KEY
4.9375,0.0,32.0,1.0,0.0,2.0,11.0,3.0,24.906695964332364,0.0,KEY
4.75,0.0,32.0,1.0,0.0,2.0,0.0,0.0,23.960872066952653,0.0,KEY
4.0,0.0,16.0,1.0,1.0,2.0,11.0,3.0,16.349851365001356,0.0,IV
4.417837797403416,0.0,64.0,1.0,0.0,2.0,11.0,3.0,26.605844154262854,0.0,PLAINTEXT
5.78125,0.0,64.0,1.0,0.0,2.0,11.0,3.0,34.81681391907075,0.0,CIPHERTEXT
4.875,0.0,32.0,1.0,0.0,2.0,3.0,1.0,24.59142133187246,0.0,KEY
4.8125,0.0,32.0,1.0,0.0,2.0,11.0,3.0,24.276146699412557,0.0,KEY
4.8125,0.0,32.0,1.0,0.0,2.0,0.0,0.0,24.276146699412557,0.0,KEY
3.584962500721156,0.0,12.0,0.0,1.0,2.0,11.0,3.0,13.26593762571498,0.0,IV
4.884623781480403,0.0,64.0,1.0,0.0,2.0,11.0,3.0,29.417001040340917,0.0,PLAINTEXT
6.121928094887363,0.0,80.0,0.0,0.0,2.0,11.0,3.0,38.81210585003112,0.0,CIPHERTEXT
4.726409765557392,0.0,32.0,1.0,0.0,2.0,3.0,1.0,23.841873627056074,0.0,KEY
4.75,0.0,32.0,1.0,0.0,2.0,11.0,3.0,23.960872066952653,0.0,KEY
3.875,0.0,16.0,1.0,1.0,2.0,0.0,0.0,15.838918509845064,0.0,KEY
4.0,0.0,16.0,1.0,1.0,2.0,11.0,3.0,16.349851365001356,0.0,IV
4.178979102437745,0.0,64.0,1.0,0.0,2.0,11.0,3.0,25.167349237839616,0.0,PLAINTEXT
5.601409765557392,0.0,64.0,1.0,0.0,2.0,11.0,3.0,33.7337498796761,0.0,CIPHERTEXT
4.0,0.0,16.0,1.0,1.0,2.0,3.0,1.0,16.349851365001356,0.0,KEY
4.0,0.0,16.0,1.0,1.0,2.0,11.0,3.0,16.349851365001356,0.0,KEY
4.418295834054489,0.0,24.0,1.0,1.0,2.0,0.0,0.0,20.517930457229816,0.0,KEY
4.0,0.0,16.0,1.0,1.0,2.0,11.0,3.0,16.349851365001356,0.0,IV
4.539717001462483,0.0,64.0,1.0,0.0,2.0,11.0,3.0,27.339845549865707,0.0,PLAINTEXT
5.644454882778696,0.0,64.0,1.0,0.0,2.0,11.0,3.0,33.99298340813772,0.0,CIPHERTEXT
4.501629167387822,0.0,24.0,1.0,1.0,2.0,3.0,1.0,20.904918473044376,0.0,KEY
4.418295834054489,0.0,24.0,1.0,1.0,2.0,11.0,3.0,20.517930457229816,0.0,KEY
4.8125,0.0,32.0,1.0,0.0,2.0,0.0,0.0,24.276146699412557,0.0,KEY
4.0,0.0,16.0,1.0,1.0,2.0,11.0,3.0,16.349851365001356,0.0,IV
5.066024413893479,0.0,64.0,1.0,0.0,2.0,11.0,3.0,30.50946237024843,0.0,PLAINTEXT
5.75,0.0,64.0,1.0,0.0,2.0,11.0,3.0,34.62861492491361,0.0,CIPHERTEXT
4.9375,0.0,32.0,1.0,0.0,2.0,3.0,1.0,24.906695964332364,0.0,KEY
4.875,0.0,32.0,1.0,0.0,2.0,11.0,3.0,24.59142133187246,0.0,KEY
4.8125,0.0,32.0,1.0,0.0,2.0,0.0,0.0,24.276146699412557,0.0,KEY
4.0,0.0,16.0,1.0,1.0,2.0,11.0,3.0,16.349851365001356,0.0,IV
5.007659765557392,0.0,64.0,1.0,0.0,2.0,11.0,3.0,30.157968990690453,0.0,PLAINTEXT
5.875,0.0,64.0,1.0,0.0,2.0,11.0,3.0,35.38141090154217,0.0,CIPHERTEXT
4.875,0.0,32.0,1.0,0.0,2.0,3.0,1.0,24.59142133187246,0.0,KEY
4.9375,0.0,32.0,1.0,0.0,2.0,11.0,3.0,24.906695964332364,0.0,KEY
5.0,0.0,32.0,1.0,0.0,2.0,0.0,0.0,25.221970596792268,0.0,KEY
3.584962500721156,0.0,12.0,0.0,1.0,2.0,11.0,3.0,13.26593762571498,0.0,IV
5.040873781480403,0.0,64.0,1.0,0.0,2.0,11.0,3.0,30.357996011126613,0.0,PLAINTEXT
5.78125,0.0,64.0,1.0,0.0,2.0,11.0,3.0,34.81681391907075,0.0,CIPHERTEXT
4.9375,0.0,32.0,1.0,0.0,2.0,3.0,1.0,24.906695964332364,0.0,KEY
4.875,0.0,32.0,1.0,0.0,2.0,11.0,3.0,24.59142133187246,0.0,KEY
4.0,0.0,16.0,1.0,1.0,2.0,0.0,0.0,16.349851365001356,0.0,KEY
3.875,0.0,16.0,1.0,1.0,2.0,11.0,3.0,15.838918509845064,0.0,IV
4.829783547037795,0.0,64.0,1.0,0.0,2.0,11.0,3.0,29.08673297757482,0.0,PLAINTEXT
5.78125,0.0,64.0,1.0,0.0,2.0,11.0,3.0,34.81681391907075,0.0,CIPHERTEXT
4.0,0.0,16.0,1.0,1.0,2.0,3.0,1.0,16.349851365001356,0.0,KEY
3.875,0.0,16.0,1.0,1.0,2.0,11.0,3.0,15.838918509845064,0.0,KEY
4.501629167387822,0.0,24.0,1.0,1.0,2.0,0.0,0.0,20.904918473044376,0.0,KEY
3.875,0.0,16.0,1.0,1.0,2.0,11.0,3.0,15.838918509845064,0.0,IV
4.866729296672174,0.0,64.0,1.0,0.0,2.0,11.0,3.0,29.30923387100111,0.0,PLAINTEXT
5.84375,0.0,64.0,1.0,0.0,2.0,11.0,3.0,35.19321190738503,0.0,CIPHERTEXT
4.501629167387822,0.0,24.0,1.0,1.0,2.0,3.0,1.0,20.904918473044376,0.0,KEY
4.418295834054489,0.0,24.0,1.0,1.0,2.0,11.0,3.0,20.517930457229816,0.0,KEY
4.875,0.0,32.0,1.0,0.0,2.0,0.0,0.0,24.59142133187246,0.0,KEY
4.0,0.0,16.0,1.0,1.0,2.0,11.0,3.0,16.349851365001356,0.0,IV
4.573684179450871,0.0,64.0,1.0,0.0,2.0,11.0,3.0,27.544408389282385,0.0,PLAINTEXT
5.875,0.0,64.0,1.0,0.0,2.0,11.0,3.0,35.38141090154217,0.0,CIPHERTEXT
4.8125,0.0,32.0,1.0,0.0,2.0,3.0,1.0,24.276146699412557,0.0,KEY
4.9375,0.0,32.0,1.0,0.0,2.0,11.0,3.0,24.906695964332364,0.0,KEY
4.0,0.0,16.0,1.0,1.0,2.0,0.0,0.0,16.349851365001356,0.0,KEY
4.0,0.0,16.0,1.0,1.0,2.0,11.0,3.0,16.349851365001356,0.0,IV
4.188602883918149,0.0,64.0,1.0,0.0,2.0,11.0,3.0,25.225307189666818,0.0,PLAINTEXT
5.71875,0.0,64.0,1.0,0.0,2.0,11.0,3.0,34.44041593075647,0.0,CIPHERTEXT
4.0,0.0,16.0,1.0,1.0,2.0,3.0,1.0,16.349851365001356,0.0,KEY
3.875,0.0,16.0,1.0,1.0,2.0,11.0,3.0,15.838918509845064,0.0,KEY
4.584962500721156,0.0,24.0,1.0,1.0,2.0,0.0,0.0,21.291906488858938,0.0,KEY
4.0,0.0,16.0,1.0,1.0,2.0,11.0,3.0,16.349851365001356,0.0,IV
4.417837797403417,0.0,64.0,1.0,0.0,2.0,11.0,3.0,26.605844154262858,0.0,PLAINTEXT
5.84375,0.0,64.0,1.0,0.0,2.0,11.0,3.0,35.19321190738503,0.0,CIPHERTEXT
4.501629167387822,0.0,24.0,1.0,1.0,2.0,3.0,1.0,20.904918473044376,0.0,KEY
4.303508854797678,0.0,24.0,1.0,1.0,2.0,11.0,3.0,19.984876233102533,0.0,KEY
5.0,0.0,32.0,1.0,0.0,2.0,0.0,0.0,25.221970596792268,0.0,KEY
3.875,0.0,16.0,1.0,1.0,2.0,11.0,3.0,15.838918509845064,0.0,IV
4.6499433125951875,0.0,64.0,1.0,0.0,2.0,11.0,3.0,28.003668938180166,0.0,PLAINTEXT
5.875,0.0,64.0,1.0,0.0,2.0,11.0,3.0,35.38141090154217,0.0,CIPHERTEXT
5.0,0.0,32.0,1.0,0.0,2.0,3.0,1.0,25.221970596792268,0.0,KEY
4.788909765557392,0.0,32.0,1.0,0.0,2.0,11.0,3.0,24.157148259515978,0.0,KEY
3.875,0.0,16.0,1.0,1.0,2.0,0.0,0.0,15.838918509845064,0.0,KEY
4.0,0.0,16.0,1.0,1.0,2.0,11.0,3.0,16.349851365001356,0.0,IV
4.825605320957341,0.0,64.0,1.0,0.0,2.0,11.0,3.0,29.061570163312336,0.0,PLAINTEXT
5.78125,0.0,64.0,1.0,0.0,2.0,11.0,3.0,34.81681391907075,0.0,CIPHERTEXT
3.875,0.0,16.0,1.0,1.0,2.0,3.0,1.0,15.838918509845064,0.0,KEY
4.0,0.0,16.0,1.0,1.0,2.0,11.0,3.0,16.349851365001356,0.0,KEY
4.501629167387822,0.0,24.0,1.0,1.0,2.0,0.0,0.0,20.904918473044376,0.0,KEY
4.0,0.0,16.0,1.0,1.0,2.0,11.0,3.0,16.349851365001356,0.0,IV
4.765319531114783,0.0,64.0,1.0,0.0,2.0,11.0,3.0,28.698506962981515,0.0,PLAINTEXT
5.6875,0.0,64.0,1.0,0.0,2.0,11.0,3.0,34.25221693659933,0.0,CIPHERTEXT
4.41829583405449,0.0,24.0,1.0,1.0,2.0,3.0,1.0,20.51793045722982,0.0,KEY
4.584962500721156,0.0,24.0,1.0,1.0,2.0,11.0,3.0,21.291906488858938,0.0,KEY
4.875,0.0,32.0,1.0,0.0,2.0,0.0,0.0,24.59142133187246,0.0,KEY
4.0,0.0,16.0,1.0,1.0,2.0,11.0,3.0,16.349851365001356,0.0,IV
4.42963291462472,0.0,64.0,1.0,0.0,2.0,11.0,3.0,26.67687868856733,0.0,PLAINTEXT
5.769454882778696,0.0,64.0,1.0,0.0,2.0,11.0,3.0,34.74577938476627,0.0,CIPHERTEXT
4.75,0.0,32.0,1.0,0.0,2.0,3.0,1.0,23.960872066952653,0.0,KEY
4.788909765557392,0.0,32.0,1.0,0.0,2.0,11.0,3.0,24.157148259515978,0.0,KEY
4.9375,0.0,32.0,1.0,0.0,2.0,0.0,0.0,24.906695964332364,0.0,KEY
4.0,0.0,16.0,1.0,1.0,2.0,11.0,3.0,16.349851365001356,0.0,IV
4.369096930547732,0.0,64.0,1.0,0.0,2.0,11.0,3.0,26.312308726532077,0.0,PLAINTEXT
5.78125,0.0,64.0,1.0,0.0,2.0,11.0,3.0,34.81681391907075,0.0,CIPHERTEXT
4.9375,0.0,32.0,1.0,0.0,2.0,3.0,1.0,24.906695964332364,0.0,KEY
4.8125,0.0,32.0,1.0,0.0,2.0,11.0,3.0,24.276146699412557,0.0,KEY
4.8125,0.0,32.0,1.0,0.0,2.0,0.0,0.0,24.276146699412557,0.0,KEY
3.584962500721156,0.0,12.0,0.0,1.0,2.0,11.0,3.0,13.26593762571498,0.0,IV
4.345103078152579,0.0,64.0,1.0,0.0,2.0,11.0,3.0,26.16780892215695,0.0,PLAINTEXT
6.171928094887363,0.0,80.0,0.0,0.0,2.0,11.0,3.0,39.12909835017534,0.0,CIPHERTEXT
5.0,0.0,32.0,1.0,0.0,2.0,3.0,1.0,25.221970596792268,0.0,KEY
5.0,0.0,32.0,1.0,0.0,2.0,11.0,3.0,25.221970596792268,0.0,KEY
4.0,0.0,16.0,1.0,1.0,2.0,0.0,0.0,16.349851365001356,0.0,KEY
4.0,0.0,16.0,1.0,1.0,2.0,11.0,3.0,16.349851365001356,0.0,IV
4.5679884298164914,0.0,64.0,1.0,0.0,2.0,11.0,3.0,27.510106490013225,0.0,PLAINTEXT
5.706954882778696,0.0,64.0,1.0,0.0,2.0,11.0,3.0,34.36938139645199,0.0,CIPHERTEXT
4.0,0.0,16.0,1.0,1.0,2.0,3.0,1.0,16.349851365001356,0.0,KEY
3.75,0.0,16.0,1.0,1.0,2.0,11.0,3.0,15.32798565468877,0.0,KEY
4.501629167387822,0.0,24.0,1.0,1.0,2.0,0.0,0.0,20.904918473044376,0.0,KEY
4.0,0.0,16.0,1.0,1.0,2.0,11.0,3.0,16.349851365001356,0.0,IV
4.507048827786958,0.0,64.0,1.0,0.0,2.0,11.0,3.0,27.143105792211802,0.0,PLAINTEXT
5.75,0.0,64.0,1.0,0.0,2.0,11.0,3.0,34.62861492491361,0.0,CIPHERTEXT
4.584962500721156,0.0,24.0,1.0,1.0,2.0,3.0,1.0,21.291906488858938,0.0,KEY
4.418295834054489,0.0,24.0,1.0,1.0,2.0,11.0,3.0,20.517930457229816,0.0,KEY
4.9375,0.0,32.0,1.0,0.0,2.0,0.0,0.0,24.906695964332364,0.0,KEY
4.0,0.0,16.0,1.0,1.0,2.0,11.0,3.0,16.349851365001356,0.0,IV
4.470103078152579,0.0,64.0,1.0,0.0,2.0,11.0,3.0,26.920604898785506,0.0,PLAINTEXT
5.738204882778696,0.0,64.0,1.0,0.0,2.0,11.0,3.0,34.55758039060913,0.0,CIPHERTEXT
4.6875,0.0,32.0,1.0,0.0,2.0,3.0,1.0,23.64559743449275,0.0,KEY
4.9375,0.0,32.0,1.0,0.0,2.0,11.0,3.0,24.906695964332364,0.0,KEY
4.9375,0.0,32.0,1.0,0.0,2.0,0.0,0.0,24.906695964332364,0.0,KEY
4.0,0.0,16.0,1.0,1.0,2.0,11.0,3.0,16.349851365001356,0.0,IV
4.775554250365621,0.0,64.0,1.0,0.0,2.0,11.0,3.0,28.760144206773145,0.0,PLAINTEXT
5.71875,0.0,64.0,1.0,0.0,2.0,11.0,3.0,34.44041593075647,0.0,CIPHERTEXT
4.875,0.0,32.0,1.0,0.0,2.0,3.0,1.0,24.59142133187246,0.0,KEY
4.875,0.0,32.0,1.0,0.0,2.0,11.0,3.0,24.59142133187246,0.0,KEY
4.788909765557392,0.0,32.0,1.0,0.0,2.0,0.0,0.0,24.157148259515978,0.0,KEY
3.584962500721156,0.0,12.0,0.0,1.0,2.0,11.0,3.0,13.26593762571498,0.0,IV
4.890723149067329,0.0,64.0,1.0,0.0,2.0,11.0,3.0,29.45373367537624,0.0,PLAINTEXT
5.8125,0.0,64.0,1.0,0.0,2.0,11.0,3.0,35.005012913227894,0.0,CIPHERTEXT
5.0,0.0,32.0,1.0,0.0,2.0,3.0,1.0,25.221970596792268,0.0,KEY
4.851409765557392,0.0,32.0,1.0,0.0,2.0,11.0,3.0,24.47242289197588,0.0,KEY
4.0,0.0,16.0,1.0,1.0,2.0,0.0,0.0,16.349851365001356,0.0,KEY
3.875,0.0,16.0,1.0,1.0,2.0,11.0,3.0,15.838918509845064,0.0,IV
4.533617633875558,0.0,64.0,1.0,0.0,2.0,11.0,3.0,27.30311291483038,0.0,PLAINTEXT
5.769454882778696,0.0,64.0,1.0,0.0,2.0,11.0,3.0,34.74577938476627,0.0,CIPHERTEXT
4.0,0.0,16.0,1.0,1.0,2.0,3.0,1.0,16.349851365001356,0.0,KEY
4.0,0.0,16.0,1.0,1.0,2.0,11.0,3.0,16.349851365001356,0.0,KEY
4.501629167387822,0.0,24.0,1.0,1.0,2.0,0.0,0.0,20.904918473044376,0.0,KEY
4.0,0.0,16.0,1.0,1.0,2.0,11.0,3.0,16.349851365001356,0.0,IV
4.548533547037795,0.0,64.0,1.0,0.0,2.0,11.0,3.0,27.392942030160565,0.0,PLAINTEXT
5.8125,0.0,64.0,1.0,0.0,2.0,11.0,3.0,35.005012913227894,0.0,CIPHERTEXT
4.501629167387822,0.0,24.0,1.0,1.0,2.0,3.0,1.0,20.904918473044376,0.0,KEY
4.501629167387822,0.0,24.0,1.0,1.0,2.0,11.0,3.0,20.904918473044376,0.0,KEY
5.0,0.0,32.0,1.0,0.0,2.0,0.0,0.0,25.221970596792268,0.0,KEY
4.0,0.0,16.0,1.0,1.0,2.0,11.0,3.0,16.349851365001356,0.0,IV
4.927668898701708,0.0,64.0,1.0,0.0,2.0,11.0,3.0,29.67623456880254,0.0,PLAINTEXT
5.613204882778696,0.0,64.0,1.0,0.0,2.0,11.0,3.0,33.80478441398058,0.0,CIPHERTEXT
4.875,0.0,32.0,1.0,0.0,2.0,3.0,1.0,24.59142133187246,0.0,KEY
4.9375,0.0,32.0,1.0,0.0,2.0,11.0,3.0,24.906695964332364,0.0,KEY
3.875,0.0,16.0,1.0,1.0,2.0,0.0,0.0,15.838918509845064,0.0,KEY
4.0,0.0,16.0,1.0,1.0,2.0,11.0,3.0,16.349851365001356,0.0,IV
4.499792680182112,0.0,64.0,1.0,0.0,2.0,11.0,3.0,27.09940660242979,0.0,PLAINTEXT
5.613204882778696,0.0,64.0,1.0,0.0,2.0,11.0,3.0,33.80478441398058,0.0,CIPHERTEXT
4.0,0.0,16.0,1.0,1.0,2.0,3.0,1.0,16.349851365001356,0.0,KEY
4.0,0.0,16.0,1.0,1.0,2.0,11.0,3.0,16.349851365001356,0.0,KEY
4.584962500721156,0.0,24.0,1.0,1.0,2.0,0.0,0.0,21.291906488858938,0.0,KEY
3.875,0.0,16.0,1.0,1.0,2.0,11.0,3.0,15.838918509845064,0.0,IV
4.401274838882802,0.0,64.0,1.0,0.0,2.0,11.0,3.0,26.506095925979785,0.0,PLAINTEXT
5.84375,0.0,64.0,1.0,0.0,2.0,11.0,3.0,35.19321190738503,0.0,CIPHERTEXT
4.584962500721156,0.0,24.0,1.0,1.0,2.0,3.0,1.0,21.291906488858938,0.0,KEY
4.501629167387822,0.0,24.0,1.0,1.0,2.0,11.0,3.0,20.904918473044376,0.0,KEY
5.0,0.0,32.0,1.0,0.0,2.0,0.0,0.0,25.221970596792268,0.0,KEY
4.0,0.0,16.0,1.0,1.0,2.0,11.0,3.0,16.349851365001356,0.0,IV
4.914313383509937,0.0,64.0,1.0,0.0,2.0,11.0,3.0,29.5958027439852,0.0,PLAINTEXT
5.625,0.0,64.0,1.0,0.0,2.0,11.0,3.0,33.87581894828506,0.0,CIPHERTEXT
5.0,0.0,32.0,1.0,0.0,2.0,3.0,1.0,25.221970596792268,0.0,KEY
4.875,0.0,32.0,1.0,0.0,2.0,11.0,3.0,24.59142133187246,0.0,KEY
4.788909765557392,0.0,32.0,1.0,0.0,2.0,0.0,0.0,24.157148259515978,0.0,KEY
3.584962500721156,0.0,12.0,0.0,1.0,2.0,0.0,0.0,13.26593762571498,0.0,IV
5.334962500721156,0.0,48.0,1.0,0.0,2.0,0.0,0.0,29.954266470784564,0.0,PLAINTEXT
5.515319531114783,0.0,64.0,1.0,0.0,2.0,0.0,0.0,33.215282822752854,0.0,CIPHERTEXT
7.824823233831303,307.30452674897117,1215.0,0.0,0.0,2.0,0.0,0.0,80.18822130581242,0.0,KEY
7.163157695946046,348.61224489795916,294.0,0.0,0.0,2.0,0.0,0.0,58.77063693386554,0.0,KEY
6.415417641620599,0.0,138.0,0.0,0.0,2.0,0.0,0.0,45.670980147607864,0.0,KEY
5.722217428346501,0.0,65.0,1.0,0.0,2.0,0.0,0.0,34.58733737358804,0.0,KEY
6.758091460375979,0.0,185.0,0.0,0.0,2.0,0.0,0.0,50.950324779767506,0.0,KEY
6.246668898821247,0.0,97.0,1.0,0.0,2.0,0.0,0.0,41.31990225796121,0.0,KEY
4.8125,0.0,32.0,1.0,0.0,2.0,0.0,0.0,24.276146699412557,0.0,KEY
5.84375,0.0,64.0,1.0,0.0,2.0,0.0,0.0,35.19321190738503,0.0,PLAINTEXT
4.8125,0.0,32.0,1.0,0.0,2.0,0.0,0.0,24.276146699412557,0.0,CIPHERTEXT
4.334962500721156,0.0,24.0,1.0,1.0,2.0,0.0,0.0,20.130942441415257,0.0,KEY
3.0,0.0,8.0,1.0,1.0,2.0,0.0,0.0,9.509775004326936,0.0,IV
4.875,0.0,32.0,1.0,0.0,2.0,0.0,0.0,24.59142133187246,0.0,PLAINTEXT
4.875,0.0,32.0,1.0,0.0,2.0,0.0,0.0,24.59142133187246,0.0,CIPHERTEXT
4.8125,0.0,32.0,1.0,0.0,2.0,0.0,0.0,24.276146699412557,0.0,KEY
2.75,0.0,8.0,1.0,1.0,2.0,0.0,0.0,8.71729375396636,0.0,IV
5.2359023444260835,0.0,48.0,1.0,0.0,2.0,0.0,0.0,29.39807243607503,0.0,PLAINTEXT
5.41829583405449,0.0,48.0,1.0,0.0,2.0,0.0,0.0,30.422158957794167,0.0,CIPHERTEXT
4.875,0.0,32.0,1.0,0.0,2.0,0.0,0.0,24.59142133187246,0.0,KEY
3.0,0.0,8.0,1.0,1.0,2.0,0.0,0.0,9.509775004326936,0.0,IV
5.459962500721157,0.0,48.0,1.0,0.0,2.0,0.0,0.0,30.65610520129897,0.0,PLAINTEXT
5.501629167387824,0.0,48.0,1.0,0.0,2.0,0.0,0.0,30.890051444803774,0.0,CIPHERTEXT
7.821410728361635,292.57250628667225,1193.0,0.0,0.0,2.0,0.0,0.0,79.94723117114367,0.0,KEY
7.148834856825365,376.4761904761905,294.0,0.0,0.0,2.0,0.0,0.0,58.653124181312286,0.0,KEY
4.726409765557392,0.0,32.0,1.0,0.0,2.0,0.0,0.0,23.841873627056074,0.0,KEY
3.4182958340544896,0.0,12.0,0.0,1.0,2.0,0.0,0.0,12.649197672691464,0.0,IV
5.543295834054491,0.0,48.0,1.0,0.0,2.0,0.0,0.0,31.123997688308574,0.0,PLAINTEXT
5.84375,0.0,64.0,1.0,0.0,2.0,0.0,0.0,35.19321190738503,0.0,CIPHERTEXT
7.784904055380004,349.0526315789474,1216.0,0.0,0.0,2.0,0.0,0.0,79.78836488208086,0.0,KEY
7.056060119694269,407.82312925170066,294.0,0.0,0.0,2.0,0.0,0.0,57.89194725013119,0.0,KEY
6.358170289954729,0.0,138.0,0.0,0.0,2.0,0.0,0.0,45.263439624529056,0.0,KEY
5.764600312995171,0.0,65.0,1.0,0.0,2.0,0.0,0.0,34.843516232319914,0.0,KEY
6.731989182412138,0.0,185.0,0.0,0.0,2.0,0.0,0.0,50.753535560866425,0.0,KEY
6.2003779194844135,0.0,97.0,1.0,0.0,2.0,0.0,0.0,41.013700861248125,0.0,KEY
4.875,0.0,32.0,1.0,0.0,2.0,0.0,0.0,24.59142133187246,0.0,KEY
5.84375,0.0,64.0,1.0,0.0,2.0,0.0,0.0,35.19321190738503,0.0,PLAINTEXT
4.875,0.0,32.0,1.0,0.0,2.0,0.0,0.0,24.59142133187246,0.0,CIPHERTEXT
4.334962500721156,0.0,24.0,1.0,1.0,2.0,0.0,0.0,20.130942441415257,0.0,KEY
3.0,0.0,8.0,1.0,1.0,2.0,0.0,0.0,9.509775004326936,0.0,IV
4.9375,0.0,32.0,1.0,0.0,2.0,0.0,0.0,24.906695964332364,0.0,PLAINTEXT
5.0,0.0,32.0,1.0,0.0,2.0,0.0,0.0,25.221970596792268,0.0,CIPHERTEXT
4.8125,0.0,32.0,1.0,0.0,2.0,0.0,0.0,24.276146699412557,0.0,KEY
3.0,0.0,8.0,1.0,1.0,2.0,0.0,0.0,9.509775004326936,0.0,IV
5.27756901109275,0.0,48.0,1.0,0.0,2.0,0.0,0.0,29.632018679579826,0.0,PLAINTEXT
5.459962500721156,0.0,48.0,1.0,0.0,2.0,0.0,0.0,30.656105201298967,0.0,CIPHERTEXT
4.726409765557392,0.0,32.0,1.0,0.0,2.0,0.0,0.0,23.841873627056074,0.0,KEY
3.0,0.0,8.0,1.0,1.0,2.0,0.0,0.0,9.509775004326936,0.0,IV
5.334962500721156,0.0,48.0,1.0,0.0,2.0,0.0,0.0,29.954266470784564,0.0,PLAINTEXT
5.501629167387824,0.0,48.0,1.0,0.0,2.0,0.0,0.0,30.890051444803774,0.0,CIPHERTEXT
7.802885699320134,325.6186085498743,1193.0,0.0,0.0,2.0,0.0,0.0,79.75787597287201,0.0,KEY
7.114678924920717,400.85714285714283,294.0,0.0,0.0,2.0,0.0,0.0,58.37288940800247,0.0,KEY
4.788909765557392,0.0,32.0,1.0,0.0,2.0,0.0,0.0,24.157148259515978,0.0,KEY
3.584962500721156,0.0,12.0,0.0,1.0,2.0,0.0,0.0,13.26593762571498,0.0,IV
5.3609023444260835,0.0,48.0,1.0,0.0,2.0,0.0,0.0,30.09991116658943,0.0,PLAINTEXT
5.78125,0.0,64.0,1.0,0.0,2.0,0.0,0.0,34.81681391907075,0.0,CIPHERTEXT
7.823001878377766,309.1724137931035,1218.0,0.0,0.0,2.0,0.0,0.0,80.19736615443855,0.0,KEY
7.180478169709652,369.51020408163265,294.0,0.0,0.0,2.0,0.0,0.0,58.91274399311115,0.0,KEY
6.458895902490164,0.0,138.0,0.0,0.0,2.0,0.0,0.0,45.980499324682796,0.0,KEY
5.806983197643838,0.0,65.0,1.0,0.0,2.0,0.0,0.0,35.099695091051764,0.0,KEY
6.771137120440127,0.0,185.0,0.0,0.0,2.0,0.0,0.0,51.04867808278684,0.0,KEY
6.2287788215685715,0.0,97.0,1.0,0.0,2.0,0.0,0.0,41.20156458784596,0.0,KEY
4.8125,0.0,32.0,1.0,0.0,2.0,0.0,0.0,24.276146699412557,0.0,KEY
5.738204882778696,0.0,64.0,1.0,0.0,2.0,0.0,0.0,34.55758039060913,0.0,PLAINTEXT
4.8125,0.0,32.0,1.0,0.0,2.0,0.0,0.0,24.276146699412557,0.0,CIPHERTEXT
4.501629167387822,0.0,24.0,1.0,1.0,2.0,0.0,0.0,20.904918473044376,0.0,KEY
3.0,0.0,8.0,1.0,1.0,2.0,0.0,0.0,9.509775004326936,0.0,IV
4.9375,0.0,32.0,1.0,0.0,2.0,0.0,0.0,24.906695964332364,0.0,PLAINTEXT
4.875,0.0,32.0,1.0,0.0,2.0,0.0,0.0,24.59142133187246,0.0,CIPHERTEXT
4.9375,0.0,32.0,1.0,0.0,2.0,0.0,0.0,24.906695964332364,0.0,KEY
3.0,0.0,8.0,1.0,1.0,2.0,0.0,0.0,9.509775004326936,0.0,IV
5.418295834054489,0.0,48.0,1.0,0.0,2.0,0.0,0.0,30.422158957794164,0.0,PLAINTEXT
5.319235677759417,0.0,48.0,1.0,0.0,2.0,0.0,0.0,29.865964923084633,0.0,CIPHERTEXT
4.875,0.0,32.0,1.0,0.0,2.0,0.0,0.0,24.59142133187246,0.0,KEY
3.0,0.0,8.0,1.0,1.0,2.0,0.0,0.0,9.509775004326936,0.0,IV
5.376629167387823,0.0,48.0,1.0,0.0,2.0,0.0,0.0,30.188212714289367,0.0,PLAINTEXT
5.418295834054488,0.0,48.0,1.0,0.0,2.0,0.0,0.0,30.42215895779416,0.0,CIPHERTEXT
7.8380162058816865,265.9731092436975,1190.0,0.0,0.0,2.0,0.0,0.0,80.08851802687245,0.0,KEY
7.198033473991046,346.87074829931976,294.0,0.0,0.0,2.0,0.0,0.0,59.05677773604679,0.0,KEY
4.875,0.0,32.0,1.0,0.0,2.0,0.0,0.0,24.59142133187246,0.0,KEY
3.584962500721156,0.0,12.0,0.0,1.0,2.0,0.0,0.0,13.26593762571498,0.0,IV
5.41829583405449,0.0,48.0,1.0,0.0,2.0,0.0,0.0,30.422158957794167,0.0,PLAINTEXT
5.800704882778696,0.0,64.0,1.0,0.0,2.0,0.0,0.0,34.93397837892341,0.0,CIPHERTEXT
7.821452584347396,303.7077175697866,1218.0,0.0,0.0,2.0,0.0,0.0,80.18148359393733,0.0,KEY
7.163088695551023,341.6462585034014,294.0,0.0,0.0,2.0,0.0,0.0,58.7700708152156,0.0,KEY
6.338677855636665,0.0,138.0,0.0,0.0,2.0,0.0,0.0,45.12467413325482,0.0,KEY
5.714675505336148,0.0,65.0,1.0,0.0,2.0,0.0,0.0,34.54175101849561,0.0,KEY
6.657744114879654,0.0,185.0,0.0,0.0,2.0,0.0,0.0,50.19379020579758,0.0,KEY
6.115175213231934,0.0,97.0,1.0,0.0,2.0,0.0,0.0,40.45010968145459,0.0,KEY
4.9375,0.0,32.0,1.0,0.0,2.0,0.0,0.0,24.906695964332364,0.0,KEY
5.769454882778696,0.0,64.0,1.0,0.0,2.0,0.0,0.0,34.74577938476627,0.0,PLAINTEXT
4.875,0.0,32.0,1.0,0.0,2.0,0.0,0.0,24.59142133187246,0.0,CIPHERTEXT
4.584962500721156,0.0,24.0,1.0,1.0,2.0,0.0,0.0,21.291906488858938,0.0,KEY
3.0,0.0,8.0,1.0,1.0,2.0,0.0,0.0,9.509775004326936,0.0,IV
4.9375,0.0,32.0,1.0,0.0,2.0,0.0,0.0,24.906695964332364,0.0,PLAINTEXT
4.875,0.0,32.0,1.0,0.0,2.0,0.0,0.0,24.59142133187246,0.0,CIPHERTEXT
4.875,0.0,32.0,1.0,0.0,2.0,0.0,0.0,24.59142133187246,0.0,KEY
2.75,0.0,8.0,1.0,1.0,2.0,0.0,0.0,8.71729375396636,0.0,IV
5.418295834054488,0.0,48.0,1.0,0.0,2.0,0.0,0.0,30.42215895779416,0.0,PLAINTEXT
5.402569011092751,0.0,48.0,1.0,0.0,2.0,0.0,0.0,30.333857410094236,0.0,CIPHERTEXT
4.6875,0.0,32.0,1.0,0.0,2.0,0.0,0.0,23.64559743449275,0.0,KEY
3.0,0.0,8.0,1.0,1.0,2.0,0.0,0.0,9.509775004326936,0.0,IV
5.41829583405449,0.0,48.0,1.0,0.0,2.0,0.0,0.0,30.422158957794167,0.0,PLAINTEXT
5.152569011092751,0.0,48.0,1.0,0.0,2.0,0.0,0.0,28.930179949065437,0.0,CIPHERTEXT
7.820063902218721,308.67422334172966,1191.0,0.0,0.0,2.0,0.0,0.0,79.91455085755605,0.0,KEY
7.165297799630028,346.87074829931976,294.0,0.0,0.0,2.0,0.0,0.0,58.788195566796844,0.0,KEY
4.875,0.0,32.0,1.0,0.0,2.0,0.0,0.0,24.59142133187246,0.0,KEY
3.584962500721156,0.0,12.0,0.0,1.0,2.0,0.0,0.0,13.26593762571498,0.0,IV
5.501629167387824,0.0,48.0,1.0,0.0,2.0,0.0,0.0,30.890051444803774,0.0,PLAINTEXT
5.831954882778696,0.0,64.0,1.0,0.0,2.0,0.0,0.0,35.122177373080554,0.0,CIPHERTEXT
7.806442040822406,336.8800328677074,1217.0,0.0,0.0,2.0,0.0,0.0,80.01836050051939,0.0,KEY
7.2374910866426125,322.48979591836735,294.0,0.0,0.0,2.0,0.0,0.0,59.3805105262288,0.0,KEY
6.466283946031135,0.0,138.0,0.0,0.0,2.0,0.0,0.0,46.033094371293686,0.0,KEY
5.806983197643838,0.0,65.0,1.0,0.0,2.0,0.0,0.0,35.099695091051764,0.0,KEY
6.77863345529371,0.0,185.0,0.0,0.0,2.0,0.0,0.0,51.10519414174925,0.0,KEY
6.303470702989567,0.0,97.0,1.0,0.0,2.0,0.0,0.0,41.695629711156904,0.0,KEY
4.9375,0.0,32.0,1.0,0.0,2.0,0.0,0.0,24.906695964332364,0.0,KEY
5.769454882778696,0.0,64.0,1.0,0.0,2.0,0.0,0.0,34.74577938476627,0.0,PLAINTEXT
4.8125,0.0,32.0,1.0,0.0,2.0,0.0,0.0,24.276146699412557,0.0,CIPHERTEXT
4.334962500721156,0.0,24.0,1.0,1.0,2.0,0.0,0.0,20.130942441415257,0.0,KEY
3.0,0.0,8.0,1.0,1.0,2.0,0.0,0.0,9.509775004326936,0.0,IV
4.8125,0.0,32.0,1.0,0.0,2.0,0.0,0.0,24.276146699412557,0.0,PLAINTEXT
4.875,0.0,32.0,1.0,0.0,2.0,0.0,0.0,24.59142133187246,0.0,CIPHERTEXT
4.75,0.0,32.0,1.0,0.0,2.0,0.0,0.0,23.960872066952653,0.0,KEY
3.0,0.0,8.0,1.0,1.0,2.0,0.0,0.0,9.509775004326936,0.0,IV
5.293295834054489,0.0,48.0,1.0,0.0,2.0,0.0,0.0,29.720320227279764,0.0,PLAINTEXT
5.459962500721157,0.0,48.0,1.0,0.0,2.0,0.0,0.0,30.65610520129897,0.0,CIPHERTEXT
4.8125,0.0,32.0,1.0,0.0,2.0,0.0,0.0,24.276146699412557,0.0,KEY
2.75,0.0,8.0,1.0,1.0,2.0,0.0,0.0,8.71729375396636,0.0,IV
5.501629167387824,0.0,48.0,1.0,0.0,2.0,0.0,0.0,30.890051444803774,0.0,PLAINTEXT
5.3192356777594165,0.0,48.0,1.0,0.0,2.0,0.0,0.0,29.86596492308463,0.0,CIPHERTEXT
7.825969768547782,290.927731092437,1190.0,0.0,0.0,2.0,0.0,0.0,79.96542803978464,0.0,KEY
7.111826065936807,348.6122448979592,294.0,0.0,0.0,2.0,0.0,0.0,58.34948292350446,0.0,KEY
4.875,0.0,32.0,1.0,0.0,2.0,0.0,0.0,24.59142133187246,0.0,KEY
3.584962500721156,0.0,12.0,0.0,1.0,2.0,0.0,0.0,13.26593762571498,0.0,IV
5.194235677759417,0.0,48.0,1.0,0.0,2.0,0.0,0.0,29.164126192570233,0.0,PLAINTEXT
5.738204882778696,0.0,64.0,1.0,0.0,2.0,0.0,0.0,34.55758039060913,0.0,CIPHERTEXT
7.782110051899682,374.3157894736842,1216.0,0.0,0.0,2.0,0.0,0.0,79.75972882342377,0.0,KEY
7.208273091861038,336.42176870748295,294.0,0.0,0.0,2.0,0.0,0.0,59.140789409351065,0.0,KEY
6.422522351702818,0.0,138.0,0.0,0.0,2.0,0.0,0.0,45.721558160021964,0.0,KEY
5.8876772360720935,0.0,65.0,1.0,0.0,2.0,0.0,0.0,35.587441662394795,0.0,KEY
6.745310228070032,0.0,185.0,0.0,0.0,2.0,0.0,0.0,50.8539650396113,0.0,KEY
6.2182679967370875,0.0,97.0,1.0,0.0,2.0,0.0,0.0,41.13203853136337,0.0,KEY
4.875,0.0,32.0,1.0,0.0,2.0,0.0,0.0,24.59142133187246,0.0,KEY
5.75,0.0,64.0,1.0,0.0,2.0,0.0,0.0,34.62861492491361,0.0,PLAINTEXT
4.8125,0.0,32.0,1.0,0.0,2.0,0.0,0.0,24.276146699412557,0.0,CIPHERTEXT
4.418295834054489,0.0,24.0,1.0,1.0,2.0,0.0,0.0,20.517930457229816,0.0,KEY
3.0,0.0,8.0,1.0,1.0,2.0,0.0,0.0,9.509775004326936,0.0,IV
4.8125,0.0,32.0,1.0,0.0,2.0,0.0,0.0,24.276146699412557,0.0,PLAINTEXT
4.875,0.0,32.0,1.0,0.0,2.0,0.0,0.0,24.59142133187246,0.0,CIPHERTEXT
4.875,0.0,32.0,1.0,0.0,2.0,0.0,0.0,24.59142133187246,0.0,KEY
3.0,0.0,8.0,1.0,1.0,2.0,0.0,0.0,9.509775004326936,0.0,IV
5.334962500721156,0.0,48.0,1.0,0.0,2.0,0.0,0.0,29.954266470784564,0.0,PLAINTEXT
5.418295834054488,0.0,48.0,1.0,0.0,2.0,0.0,0.0,30.42215895779416,0.0,CIPHERTEXT
4.8125,0.0,32.0,1.0,0.0,2.0,0.0,0.0,24.276146699412557,0.0,KEY
3.0,0.0,8.0,1.0,1.0,2.0,0.0,0.0,9.509775004326936,0.0,IV
5.459962500721156,0.0,48.0,1.0,0.0,2.0,0.0,0.0,30.656105201298967,0.0,PLAINTEXT
5.501629167387824,0.0,48.0,1.0,0.0,2.0,0.0,0.0,30.890051444803774,0.0,CIPHERTEXT
7.830115194053619,287.6095717884131,1191.0,0.0,0.0,2.0,0.0,0.0,80.01726670266521,0.0,KEY
7.167796443800187,352.0952380952382,294.0,0.0,0.0,2.0,0.0,0.0,58.80869587065508,0.0,KEY
4.9375,0.0,32.0,1.0,0.0,2.0,0.0,0.0,24.906695964332364,0.0,KEY
3.584962500721156,0.0,12.0,0.0,1.0,2.0,0.0,0.0,13.26593762571498,0.0,IV
5.360902344426084,0.0,48.0,1.0,0.0,2.0,0.0,0.0,30.099911166589436,0.0,PLAINTEXT
5.75,0.0,64.0,1.0,0.0,2.0,0.0,0.0,34.62861492491361,0.0,CIPHERTEXT
7.811967593890716,329.3073130649137,1217.0,0.0,0.0,2.0,0.0,0.0,80.07499906839355,0.0,KEY
7.218322814454178,319.00680272108843,294.0,0.0,0.0,2.0,0.0,0.0,59.223243073346445,0.0,KEY
6.426358040202679,0.0,138.0,0.0,0.0,2.0,0.0,0.0,45.7488642004258,0.0,KEY
5.683906274566916,0.0,65.0,1.0,0.0,2.0,0.0,0.0,34.35576966097688,0.0,KEY
6.719819484908649,0.0,185.0,0.0,0.0,2.0,0.0,0.0,50.661786278704476,0.0,KEY
6.262233589587504,0.0,97.0,1.0,0.0,2.0,0.0,0.0,41.42285817119338,0.0,KEY
4.9375,0.0,32.0,1.0,0.0,2.0,0.0,0.0,24.906695964332364,0.0,KEY
5.84375,0.0,64.0,1.0,0.0,2.0,0.0,0.0,35.19321190738503,0.0,PLAINTEXT
4.875,0.0,32.0,1.0,0.0,2.0,0.0,0.0,24.59142133187246,0.0,CIPHERTEXT
4.501629167387822,0.0,24.0,1.0,1.0,2.0,0.0,0.0,20.904918473044376,0.0,KEY
2.75,0.0,8.0,1.0,1.0,2.0,0.0,0.0,8.71729375396636,0.0,IV
4.875,0.0,32.0,1.0,0.0,2.0,0.0,0.0,24.59142133187246,0.0,PLAINTEXT
5.0,0.0,32.0,1.0,0.0,2.0,0.0,0.0,25.221970596792268,0.0,CIPHERTEXT
5.0,0.0,32.0,1.0,0.0,2.0,0.0,0.0,25.221970596792268,0.0,KEY
3.0,0.0,8.0,1.0,1.0,2.0,0.0,0.0,9.509775004326936,0.0,IV
5.293295834054489,0.0,48.0,1.0,0.0,2.0,0.0,0.0,29.720320227279764,0.0,PLAINTEXT
5.418295834054489,0.0,48.0,1.0,0.0,2.0,0.0,0.0,30.422158957794164,0.0,CIPHERTEXT
4.875,0.0,32.0,1.0,0.0,2.0,0.0,0.0,24.59142133187246,0.0,KEY
3.0,0.0,8.0,1.0,1.0,2.0,0.0,0.0,9.509775004326936,0.0,IV
5.501629167387824,0.0,48.0,1.0,0.0,2.0,0.0,0.0,30.890051444803774,0.0,PLAINTEXT
5.459962500721157,0.0,48.0,1.0,0.0,2.0,0.0,0.0,30.65610520129897,0.0,CIPHERTEXT
7.8181541872415625,293.9394957983194,1190.0,0.0,0.0,2.0,0.0,0.0,79.88556876061348,0.0,KEY
7.090265874006067,409.5646258503401,294.0,0.0,0.0,2.0,0.0,0.0,58.17259079492504,0.0,KEY
4.9375,0.0,32.0,1.0,0.0,2.0,0.0,0.0,24.906695964332364,0.0,KEY
3.584962500721156,0.0,12.0,0.0,1.0,2.0,0.0,0.0,13.26593762571498,0.0,IV
5.501629167387824,0.0,48.0,1.0,0.0,2.0,0.0,0.0,30.890051444803774,0.0,PLAINTEXT
5.84375,0.0,64.0,1.0,0.0,2.0,0.0,0.0,35.19321190738503,0.0,CIPHERTEXT
7.791272055158741,370.96551724137936,1218.0,0.0,0.0,2.0,0.0,0.0,79.87208842981663,0.0,KEY
7.192637035596038,339.9047619047619,294.0,0.0,0.0,2.0,0.0,0.0,59.01250227330939,0.0,KEY
6.46364243895432,0.0,138.0,0.0,0.0,2.0,0.0,0.0,46.01428963807066,0.0,KEY
5.76460031299517,0.0,65.0,1.0,0.0,2.0,0.0,0.0,34.84351623231991,0.0,KEY
6.874711495892721,0.0,185.0,0.0,0.0,2.0,0.0,0.0,51.82954174808528,0.0,KEY
6.303470702989567,0.0,97.0,1.0,0.0,2.0,0.0,0.0,41.695629711156904,0.0,KEY
4.6875,0.0,32.0,1.0,0.0,2.0,0.0,0.0,23.64559743449275,0.0,KEY
5.706954882778696,0.0,64.0,1.0,0.0,2.0,0.0,0.0,34.36938139645199,0.0,PLAINTEXT
4.8125,0.0,32.0,1.0,0.0,2.0,0.0,0.0,24.276146699412557,0.0,CIPHERTEXT
4.418295834054489,0.0,24.0,1.0,1.0,2.0,0.0,0.0,20.517930457229816,0.0,KEY
3.0,0.0,8.0,1.0,1.0,2.0,0.0,0.0,9.509775004326936,0.0,IV
5.0,0.0,32.0,1.0,0.0,2.0,0.0,0.0,25.221970596792268,0.0,PLAINTEXT
4.9375,0.0,32.0,1.0,0.0,2.0,0.0,0.0,24.906695964332364,0.0,CIPHERTEXT
4.875,0.0,32.0,1.0,0.0,2.0,0.0,0.0,24.59142133187246,0.0,KEY
2.75,0.0,8.0,1.0,1.0,2.0,0.0,0.0,8.71729375396636,0.0,IV
5.501629167387824,0.0,48.0,1.0,0.0,2.0,0.0,0.0,30.890051444803774,0.0,PLAINTEXT
5.501629167387824,0.0,48.0,1.0,0.0,2.0,0.0,0.0,30.890051444803774,0.0,CIPHERTEXT
4.726409765557392,0.0,32.0,1.0,0.0,2.0,0.0,0.0,23.841873627056074,0.0,KEY
3.0,0.0,8.0,1.0,1.0,2.0,0.0,0.0,9.509775004326936,0.0,IV
5.459962500721157,0.0,48.0,1.0,0.0,2.0,0.0,0.0,30.65610520129897,0.0,PLAINTEXT
5.3192356777594165,0.0,48.0,1.0,0.0,2.0,0.0,0.0,29.86596492308463,0.0,CIPHERTEXT
7.842464640842671,255.79764903442486,1191.0,0.0,0.0,2.0,0.0,0.0,80.14346778053702,0.0,KEY
7.163252649197908,364.28571428571433,294.0,0.0,0.0,2.0,0.0,0.0,58.771415984575825,0.0,KEY
4.75,0.0,32.0,1.0,0.0,2.0,0.0,0.0,23.960872066952653,0.0,KEY
3.4182958340544896,0.0,12.0,0.0,1.0,2.0,0.0,0.0,12.649197672691464,0.0,IV
5.376629167387822,0.0,48.0,1.0,0.0,2.0,0.0,0.0,30.18821271428936,0.0,PLAINTEXT
5.8125,0.0,64.0,1.0,0.0,2.0,0.0,0.0,35.005012913227894,0.0,CIPHERTEXT
7.8148715328356575,313.32046014790467,1217.0,0.0,0.0,2.0,0.0,0.0,80.10476530916658,0.0,KEY
7.212759984442615,322.48979591836735,294.0,0.0,0.0,2.0,0.0,0.0,59.17760243875322,0.0,KEY
6.4009248879974106,0.0,138.0,0.0,0.0,2.0,0.0,0.0,45.56780708858288,0.0,KEY
5.806983197643838,0.0,65.0,1.0,0.0,2.0,0.0,0.0,35.099695091051764,0.0,KEY
6.612251190152485,0.0,185.0,0.0,0.0,2.0,0.0,0.0,49.85081182149767,0.0,KEY
6.164194672017125,0.0,97.0,1.0,0.0,2.0,0.0,0.0,40.774359178034196,0.0,KEY
4.9375,0.0,32.0,1.0,0.0,2.0,0.0,0.0,24.906695964332364,0.0,KEY
5.78125,0.0,64.0,1.0,0.0,2.0,0.0,0.0,34.81681391907075,0.0,PLAINTEXT
4.9375,0.0,32.0,1.0,0.0,2.0,0.0,0.0,24.906695964332364,0.0,CIPHERTEXT
4.418295834054489,0.0,24.0,1.0,1.0,2.0,0.0,0.0,20.517930457229816,0.0,KEY
2.75,0.0,8.0,1.0,1.0,2.0,0.0,0.0,8.71729375396636,0.0,IV
4.8125,0.0,32.0,1.0,0.0,2.0,0.0,0.0,24.276146699412557,0.0,PLAINTEXT
4.8125,0.0,32.0,1.0,0.0,2.0,0.0,0.0,24.276146699412557,0.0,CIPHERTEXT
4.8125,0.0,32.0,1.0,0.0,2.0,0.0,0.0,24.276146699412557,0.0,KEY
3.0,0.0,8.0,1.0,1.0,2.0,0.0,0.0,9.509775004326936,0.0,IV
5.501629167387824,0.0,48.0,1.0,0.0,2.0,0.0,0.0,30.890051444803774,0.0,PLAINTEXT
5.402569011092751,0.0,48.0,1.0,0.0,2.0,0.0,0.0,30.333857410094236,0.0,CIPHERTEXT
4.875,0.0,32.0,1.0,0.0,2.0,0.0,0.0,24.59142133187246,0.0,KEY
2.75,0.0,8.0,1.0,1.0,2.0,0.0,0.0,8.71729375396636,0.0,IV
5.459962500721157,0.0,48.0,1.0,0.0,2.0,0.0,0.0,30.65610520129897,0.0,PLAINTEXT
5.41829583405449,0.0,48.0,1.0,0.0,2.0,0.0,0.0,30.422158957794167,0.0,CIPHERTEXT
7.829091732638407,297.18120805369125,1192.0,0.0,0.0,2.0,0.0,0.0,80.01627946979545,0.0,KEY
7.187373394853406,350.3537414965987,294.0,0.0,0.0,2.0,0.0,0.0,58.9693163583587,0.0,KEY
4.75,0.0,32.0,1.0,0.0,2.0,0.0,0.0,23.960872066952653,0.0,KEY
3.584962500721156,0.0,12.0,0.0,1.0,2.0,0.0,0.0,13.26593762571498,0.0,IV
5.501629167387824,0.0,48.0,1.0,0.0,2.0,0.0,0.0,30.890051444803774,0.0,PLAINTEXT
5.75,0.0,64.0,1.0,0.0,2.0,0.0,0.0,34.62861492491361,0.0,CIPHERTEXT
7.804310812477836,332.25225965488903,1217.0,0.0,0.0,2.0,0.0,0.0,79.99651477399085,0.0,KEY
7.067919600707951,400.85714285714283,294.0,0.0,0.0,2.0,0.0,0.0,57.98924920584181,0.0,KEY
6.248892641683309,0.0,138.0,0.0,0.0,2.0,0.0,0.0,44.48549848591901,0.0,KEY
5.683906274566915,0.0,65.0,1.0,0.0,2.0,0.0,0.0,34.355769660976875,0.0,KEY
6.699541917749119,0.0,185.0,0.0,0.0,2.0,0.0,0.0,50.50891047958587,0.0,KEY
6.254451244204375,0.0,97.0,1.0,0.0,2.0,0.0,0.0,41.37138021457729,0.0,KEY
4.875,0.0,32.0,1.0,0.0,2.0,0.0,0.0,24.59142133187246,0.0,KEY
5.8125,0.0,64.0,1.0,0.0,2.0,0.0,0.0,35.005012913227894,0.0,PLAINTEXT
4.875,0.0,32.0,1.0,0.0,2.0,0.0,0.0,24.59142133187246,0.0,CIPHERTEXT
4.418295834054489,0.0,24.0,1.0,1.0,2.0,0.0,0.0,20.517930457229816,0.0,KEY
3.0,0.0,8.0,1.0,1.0,2.0,0.0,0.0,9.509775004326936,0.0,IV
4.875,0.0,32.0,1.0,0.0,2.0,0.0,0.0,24.59142133187246,0.0,PLAINTEXT
5.0,0.0,32.0,1.0,0.0,2.0,0.0,0.0,25.221970596792268,0.0,CIPHERTEXT
4.9375,0.0,32.0,1.0,0.0,2.0,0.0,0.0,24.906695964332364,0.0,KEY
3.0,0.0,8.0,1.0,1.0,2.0,0.0,0.0,9.509775004326936,0.0,IV
5.543295834054491,0.0,48.0,1.0,0.0,2.0,0.0,0.0,31.123997688308574,0.0,PLAINTEXT
5.501629167387824,0.0,48.0,1.0,0.0,2.0,0.0,0.0,30.890051444803774,0.0,CIPHERTEXT
4.875,0.0,32.0,1.0,0.0,2.0,0.0,0.0,24.59142133187246,0.0,KEY
3.0,0.0,8.0,1.0,1.0,2.0,0.0,0.0,9.509775004326936,0.0,IV
5.543295834054491,0.0,48.0,1.0,0.0,2.0,0.0,0.0,31.123997688308574,0.0,PLAINTEXT
5.334962500721156,0.0,48.0,1.0,0.0,2.0,0.0,0.0,29.954266470784564,0.0,CIPHERTEXT
7.827915410108982,278.02016806722696,1190.0,0.0,0.0,2.0,0.0,0.0,79.9853085229522,0.0,KEY
7.160093510104641,339.9047619047619,294.0,0.0,0.0,2.0,0.0,0.0,58.74549660313053,0.0,KEY
4.9375,0.0,32.0,1.0,0.0,2.0,0.0,0.0,24.906695964332364,0.0,KEY
3.584962500721156,0.0,12.0,0.0,1.0,2.0,0.0,0.0,13.26593762571498,0.0,IV
5.501629167387824,0.0,48.0,1.0,0.0,2.0,0.0,0.0,30.890051444803774,0.0,PLAINTEXT
5.769454882778696,0.0,64.0,1.0,0.0,2.0,0.0,0.0,34.74577938476627,0.0,CIPHERTEXT
7.79847359367666,347.3684210526316,1216.0,0.0,0.0,2.0,0.0,0.0,79.92744061958423,0.0,KEY
7.078057185712529,406.0816326530612,294.0,0.0,0.0,2.0,0.0,0.0,58.072423743242744,0.0,KEY
6.446320993116906,0.0,138.0,0.0,0.0,2.0,0.0,0.0,45.890979285859736,0.0,KEY
5.745444736105377,0.0,65.0,1.0,0.0,2.0,0.0,0.0,34.727732376014316,0.0,KEY
6.800255076915333,0.0,185.0,0.0,0.0,2.0,0.0,0.0,51.26820298090835,0.0,KEY
6.220996476185443,0.0,97.0,1.0,0.0,2.0,0.0,0.0,41.15008663122987,0.0,KEY
4.9375,0.0,32.0,1.0,0.0,2.0,0.0,0.0,24.906695964332364,0.0,KEY
5.738204882778696,0.0,64.0,1.0,0.0,2.0,0.0,0.0,34.55758039060913,0.0,PLAINTEXT
4.875,0.0,32.0,1.0,0.0,2.0,0.0,0.0,24.59142133187246,0.0,CIPHERTEXT
4.334962500721156,0.0,24.0,1.0,1.0,2.0,0.0,0.0,20.130942441415257,0.0,KEY
3.0,0.0,8.0,1.0,1.0,2.0,0.0,0.0,9.509775004326936,0.0,IV
4.875,0.0,32.0,1.0,0.0,2.0,0.0,0.0,24.59142133187246,0.0,PLAINTEXT
4.875,0.0,32.0,1.0,0.0,2.0,0.0,0.0,24.59142133187246,0.0,CIPHERTEXT
4.9375,0.0,32.0,1.0,0.0,2.0,0.0,0.0,24.906695964332364,0.0,KEY
3.0,0.0,8.0,1.0,1.0,2.0,0.0,0.0,9.509775004326936,0.0,IV
5.41829583405449,0.0,48.0,1.0,0.0,2.0,0.0,0.0,30.422158957794167,0.0,PLAINTEXT
5.41829583405449,0.0,48.0,1.0,0.0,2.0,0.0,0.0,30.422158957794167,0.0,CIPHERTEXT
4.8125,0.0,32.0,1.0,0.0,2.0,0.0,0.0,24.276146699412557,0.0,KEY
3.0,0.0,8.0,1.0,1.0,2.0,0.0,0.0,9.509775004326936,0.0,IV
5.501629167387824,0.0,48.0,1.0,0.0,2.0,0.0,0.0,30.890051444803774,0.0,PLAINTEXT
5.41829583405449,0.0,48.0,1.0,0.0,2.0,0.0,0.0,30.422158957794167,0.0,CIPHERTEXT
7.818776272646854,286.6252100840336,1190.0,0.0,0.0,2.0,0.0,0.0,79.8919252029692,0.0,KEY
7.05359676158727,418.27210884353735,294.0,0.0,0.0,2.0,0.0,0.0,57.87173645328855,0.0,KEY
4.9375,0.0,32.0,1.0,0.0,2.0,0.0,0.0,24.906695964332364,0.0,KEY
3.251629167387823,0.0,12.0,0.0,1.0,2.0,0.0,0.0,12.032457719667951,0.0,IV
5.334962500721156,0.0,48.0,1.0,0.0,2.0,0.0,0.0,29.954266470784564,0.0,PLAINTEXT
5.8125,0.0,64.0,1.0,0.0,2.0,0.0,0.0,35.005012913227894,0.0,CIPHERTEXT
7.854143859723057,252.73870172555462,1217.0,0.0,0.0,2.0,0.0,0.0,80.50731837932798,0.0,KEY
7.137117702274153,353.8367346938776,294.0,0.0,0.0,2.0,0.0,0.0,58.556989953188705,0.0,KEY
6.3229909205904296,0.0,138.0,0.0,0.0,2.0,0.0,0.0,45.01299976704903,0.0,KEY
5.868521659182301,0.0,65.0,1.0,0.0,2.0,0.0,0.0,35.47165780608921,0.0,KEY
6.699417119985312,0.0,185.0,0.0,0.0,2.0,0.0,0.0,50.50796960942525,0.0,KEY
6.2054317854191865,0.0,97.0,1.0,0.0,2.0,0.0,0.0,41.0471307179977,0.0,KEY
4.8125,0.0,32.0,1.0,0.0,2.0,0.0,0.0,24.276146699412557,0.0,KEY
5.769454882778696,0.0,64.0,1.0,0.0,2.0,0.0,0.0,34.74577938476627,0.0,PLAINTEXT
4.9375,0.0,32.0,1.0,0.0,2.0,0.0,0.0,24.906695964332364,0.0,CIPHERTEXT
4.136842188131012,0.0,24.0,1.0,1.0,2.0,0.0,0.0,19.210900201473414,0.0,KEY
2.75,0.0,8.0,1.0,1.0,2.0,0.0,0.0,8.71729375396636,0.0,IV
4.8125,0.0,32.0,1.0,0.0,2.0,0.0,0.0,24.276146699412557,0.0,PLAINTEXT
4.601409765557392,0.0,32.0,1.0,0.0,2.0,0.0,0.0,23.211324362136267,0.0,CIPHERTEXT
4.9375,0.0,32.0,1.0,0.0,2.0,0.0,0.0,24.906695964332364,0.0,KEY
2.75,0.0,8.0,1.0,1.0,2.0,0.0,0.0,8.71729375396636,0.0,IV
5.334962500721156,0.0,48.0,1.0,0.0,2.0,0.0,0.0,29.954266470784564,0.0,PLAINTEXT
5.293295834054489,0.0,48.0,1.0,0.0,2.0,0.0,0.0,29.720320227279764,0.0,CIPHERTEXT
4.9375,0.0,32.0,1.0,0.0,2.0,0.0,0.0,24.906695964332364,0.0,KEY
3.0,0.0,8.0,1.0,1.0,2.0,0.0,0.0,9.509775004326936,0.0,IV
5.584962500721155,0.0,48.0,1.0,0.0,2.0,0.0,0.0,31.357943931813363,0.0,PLAINTEXT
5.360902344426084,0.0,48.0,1.0,0.0,2.0,0.0,0.0,30.099911166589436,0.0,CIPHERTEXT
7.834707387574567,264.39546599496225,1191.0,0.0,0.0,2.0,0.0,0.0,80.06419510213436,0.0,KEY
7.201318515500038,341.6462585034013,294.0,0.0,0.0,2.0,0.0,0.0,59.083730092819124,0.0,KEY
5.0,0.0,32.0,1.0,0.0,2.0,0.0,0.0,25.221970596792268,0.0,KEY
3.584962500721156,0.0,12.0,0.0,1.0,2.0,0.0,0.0,13.26593762571498,0.0,IV
5.41829583405449,0.0,48.0,1.0,0.0,2.0,0.0,0.0,30.422158957794167,0.0,PLAINTEXT
5.78125,0.0,64.0,1.0,0.0,2.0,0.0,0.0,34.81681391907075,0.0,CIPHERTEXT
7.828186073276061,300.2785538208709,1217.0,0.0,0.0,2.0,0.0,0.0,80.241243321978,0.0,KEY
7.18312434347995,383.4421768707483,294.0,0.0,0.0,2.0,0.0,0.0,58.9344547140696,0.0,KEY
6.4698363010722435,0.0,138.0,0.0,0.0,2.0,0.0,0.0,46.058383377500725,0.0,KEY
5.899290889951531,0.0,65.0,1.0,0.0,2.0,0.0,0.0,35.65763916360793,0.0,KEY
6.730769925713854,0.0,185.0,0.0,0.0,2.0,0.0,0.0,50.74434339098654,0.0,KEY
6.184813228718154,0.0,97.0,1.0,0.0,2.0,0.0,0.0,40.91074494801594,0.0,KEY
4.875,0.0,32.0,1.0,0.0,2.0,0.0,0.0,24.59142133187246,0.0,KEY
5.8125,0.0,64.0,1.0,0.0,2.0,0.0,0.0,35.005012913227894,0.0,PLAINTEXT
4.875,0.0,32.0,1.0,0.0,2.0,0.0,0.0,24.59142133187246,0.0,CIPHERTEXT
4.303508854797678,0.0,24.0,1.0,1.0,2.0,0.0,0.0,19.984876233102533,0.0,KEY
3.0,0.0,8.0,1.0,1.0,2.0,0.0,0.0,9.509775004326936,0.0,IV
5.0,0.0,32.0,1.0,0.0,2.0,0.0,0.0,25.221970596792268,0.0,PLAINTEXT
4.9375,0.0,32.0,1.0,0.0,2.0,0.0,0.0,24.906695964332364,0.0,CIPHERTEXT
4.9375,0.0,32.0,1.0,0.0,2.0,0.0,0.0,24.906695964332364,0.0,KEY
3.0,0.0,8.0,1.0,1.0,2.0,0.0,0.0,9.509775004326936,0.0,IV
5.376629167387823,0.0,48.0,1.0,0.0,2.0,0.0,0.0,30.188212714289367,0.0,PLAINTEXT
5.376629167387823,0.0,48.0,1.0,0.0,2.0,0.0,0.0,30.188212714289367,0.0,CIPHERTEXT
4.851409765557392,0.0,32.0,1.0,0.0,2.0,0.0,0.0,24.47242289197588,0.0,KEY
3.0,0.0,8.0,1.0,1.0,2.0,0.0,0.0,9.509775004326936,0.0,IV
5.501629167387823,0.0,48.0,1.0,0.0,2.0,0.0,0.0,30.890051444803767,0.0,PLAINTEXT
5.501629167387823,0.0,48.0,1.0,0.0,2.0,0.0,0.0,30.890051444803767,0.0,CIPHERTEXT
7.813074487933902,293.6280436607893,1191.0,0.0,0.0,2.0,0.0,0.0,79.84312485512015,0.0,KEY
7.214156738325947,325.97278911564626,294.0,0.0,0.0,2.0,0.0,0.0,59.189062205360024,0.0,KEY
4.8125,0.0,32.0,1.0,0.0,2.0,0.0,0.0,24.276146699412557,0.0,KEY
4.418295834054489,0.0,24.0,1.0,1.0,2.0,0.0,0.0,20.517930457229816,0.0,IV
5.376629167387822,0.0,48.0,1.0,0.0,2.0,0.0,0.0,30.18821271428936,0.0,PLAINTEXT
5.78125,0.0,64.0,1.0,0.0,2.0,0.0,0.0,34.81681391907075,0.0,CIPHERTEXT
4.875,0.0,32.0,1.0,0.0,2.0,0.0,0.0,24.59142133187246,0.0,KEY
5.0,0.0,32.0,1.0,0.0,2.0,0.0,0.0,25.221970596792268,0.0,KEY
5.41829583405449,0.0,48.0,1.0,0.0,2.0,0.0,0.0,30.422158957794167,0.0,PLAINTEXT
6.011842188131014,0.0,96.0,0.0,0.0,2.0,0.0,0.0,39.67763446264824,0.0,CIPHERTEXT
4.9375,0.0,32.0,1.0,0.0,2.0,0.0,0.0,24.906695964332364,0.0,KEY
5.0,0.0,32.0,1.0,0.0,2.0,0.0,0.0,25.221970596792268,0.0,KEY
5.84375,0.0,64.0,1.0,0.0,2.0,0.0,0.0,35.19321190738503,0.0,PLAINTEXT
5.9375,0.0,64.0,1.0,0.0,2.0,0.0,0.0,35.75780888985645,0.0,CIPHERTEXT
4.9375,0.0,32.0,1.0,0.0,2.0,0.0,0.0,24.906695964332364,0.0,KEY
4.601409765557392,0.0,32.0,1.0,0.0,2.0,0.0,0.0,23.211324362136267,0.0,KEY
4.501629167387822,0.0,24.0,1.0,1.0,2.0,0.0,0.0,20.904918473044376,0.0,IV
5.2775690110927505,0.0,48.0,1.0,0.0,2.0,0.0,0.0,29.632018679579833,0.0,PLAINTEXT
5.769454882778696,0.0,64.0,1.0,0.0,2.0,0.0,0.0,34.74577938476627,0.0,CIPHERTEXT
4.9375,0.0,32.0,1.0,0.0,2.0,0.0,0.0,24.906695964332364,0.0,KEY
5.9375,0.0,64.0,1.0,0.0,2.0,0.0,0.0,35.75780888985645,0.0,PLAINTEXT
4.8125,0.0,32.0,1.0,0.0,2.0,0.0,0.0,24.276146699412557,0.0,CIPHERTEXT
4.0,0.0,16.0,1.0,1.0,2.0,0.0,0.0,16.349851365001356,0.0,KEY
4.0,0.0,16.0,1.0,1.0,2.0,0.0,0.0,16.349851365001356,0.0,KEY
4.0,0.0,16.0,1.0,1.0,2.0,0.0,0.0,16.349851365001356,0.0,KEY
4.0,0.0,16.0,1.0,1.0,2.0,0.0,0.0,16.349851365001356,0.0,KEY
4.0,0.0,16.0,1.0,1.0,2.0,0.0,0.0,16.349851365001356,0.0,KEY
4.0,0.0,16.0,1.0,1.0,2.0,0.0,0.0,16.349851365001356,0.0,IV
5.769454882778696,0.0,64.0,1.0,0.0,2.0,0.0,0.0,34.74577938476627,0.0,PLAINTEXT
5.8125,0.0,64.0,1.0,0.0,2.0,0.0,0.0,35.005012913227894,0.0,CIPHERTEXT
4.41829583405449,0.0,24.0,1.0,1.0,2.0,0.0,0.0,20.51793045722982,0.0,KEY
4.41829583405449,0.0,24.0,1.0,1.0,2.0,0.0,0.0,20.51793045722982,0.0,KEY
4.41829583405449,0.0,24.0,1.0,1.0,2.0,0.0,0.0,20.51793045722982,0.0,KEY
4.41829583405449,0.0,24.0,1.0,1.0,2.0,0.0,0.0,20.51793045722982,0.0,KEY
3.875,0.0,16.0,1.0,1.0,2.0,0.0,0.0,15.838918509845064,0.0,IV
5.84375,0.0,64.0,1.0,0.0,2.0,0.0,0.0,35.19321190738503,0.0,PLAINTEXT
5.757659765557392,0.0,64.0,1.0,0.0,2.0,0.0,0.0,34.67474485046179,0.0,CIPHERTEXT
5.0,0.0,32.0,1.0,0.0,2.0,0.0,0.0,25.221970596792268,0.0,KEY
5.0,0.0,32.0,1.0,0.0,2.0,0.0,0.0,25.221970596792268,0.0,KEY
5.0,0.0,32.0,1.0,0.0,2.0,0.0,0.0,25.221970596792268,0.0,KEY
5.0,0.0,32.0,1.0,0.0,2.0,0.0,0.0,25.221970596792268,0.0,KEY
4.0,0.0,16.0,1.0,1.0,2.0,0.0,0.0,16.349851365001356,0.0,IV
5.875,0.0,64.0,1.0,0.0,2.0,0.0,0.0,35.38141090154217,0.0,PLAINTEXT
5.8125,0.0,64.0,1.0,0.0,2.0,0.0,0.0,35.005012913227894,0.0,CIPHERTEXT
5.0,0.0,32.0,1.0,0.0,2.0,0.0,0.0,25.221970596792268,0.0,KEY
4.584962500721156,0.0,24.0,1.0,1.0,2.0,0.0,0.0,21.291906488858938,0.0,IV
5.459962500721157,0.0,48.0,1.0,0.0,2.0,0.0,0.0,30.65610520129897,0.0,PLAINTEXT
5.78125,0.0,64.0,1.0,0.0,2.0,0.0,0.0,34.81681391907075,0.0,CIPHERTEXT
4.9375,0.0,32.0,1.0,0.0,2.0,0.0,0.0,24.906695964332364,0.0,KEY
4.875,0.0,32.0,1.0,0.0,2.0,0.0,0.0,24.59142133187246,0.0,KEY
5.543295834054491,0.0,48.0,1.0,0.0,2.0,0.0,0.0,31.123997688308574,0.0,PLAINTEXT
6.298402344426084,0.0,96.0,0.0,0.0,2.0,0.0,0.0,41.568906518239224,0.0,CIPHERTEXT
4.75,0.0,32.0,1.0,0.0,2.0,0.0,0.0,23.960872066952653,0.0,KEY
4.8125,0.0,32.0,1.0,0.0,2.0,0.0,0.0,24.276146699412557,0.0,KEY
5.84375,0.0,64.0,1.0,0.0,2.0,0.0,0.0,35.19321190738503,0.0,PLAINTEXT
5.8125,0.0,64.0,1.0,0.0,2.0,0.0,0.0,35.005012913227894,0.0,CIPHERTEXT
4.875,0.0,32.0,1.0,0.0,2.0,0.0,0.0,24.59142133187246,0.0,KEY
4.75,0.0,32.0,1.0,0.0,2.0,0.0,0.0,23.960872066952653,0.0,KEY
4.584962500721156,0.0,24.0,1.0,1.0,2.0,0.0,0.0,21.291906488858938,0.0,IV
5.501629167387823,0.0,48.0,1.0,0.0,2.0,0.0,0.0,30.890051444803767,0.0,PLAINTEXT
5.84375,0.0,64.0,1.0,0.0,2.0,0.0,0.0,35.19321190738503,0.0,CIPHERTEXT
4.875,0.0,32.0,1.0,0.0,2.0,0.0,0.0,24.59142133187246,0.0,KEY
5.6875,0.0,64.0,1.0,0.0,2.0,0.0,0.0,34.25221693659933,0.0,PLAINTEXT
4.875,0.0,32.0,1.0,0.0,2.0,0.0,0.0,24.59142133187246,0.0,CIPHERTEXT
4.0,0.0,16.0,1.0,1.0,2.0,0.0,0.0,16.349851365001356,0.0,KEY
4.0,0.0,16.0,1.0,1.0,2.0,0.0,0.0,16.349851365001356,0.0,KEY
4.0,0.0,16.0,1.0,1.0,2.0,0.0,0.0,16.349851365001356,0.0,KEY
4.0,0.0,16.0,1.0,1.0,2.0,0.0,0.0,16.349851365001356,0.0,KEY
4.0,0.0,16.0,1.0,1.0,2.0,0.0,0.0,16.349851365001356,0.0,KEY
4.0,0.0,16.0,1.0,1.0,2.0,0.0,0.0,16.349851365001356,0.0,IV
5.663909765557392,0.0,64.0,1.0,0.0,2.0,0.0,0.0,34.11014786799038,0.0,PLAINTEXT
5.706954882778696,0.0,64.0,1.0,0.0,2.0,0.0,0.0,34.36938139645199,0.0,CIPHERTEXT
4.584962500721156,0.0,24.0,1.0,1.0,2.0,0.0,0.0,21.291906488858938,0.0,KEY
4.584962500721156,0.0,24.0,1.0,1.0,2.0,0.0,0.0,21.291906488858938,0.0,KEY
4.584962500721156,0.0,24.0,1.0,1.0,2.0,0.0,0.0,21.291906488858938,0.0,KEY
4.584962500721156,0.0,24.0,1.0,1.0,2.0,0.0,0.0,21.291906488858938,0.0,KEY
4.0,0.0,16.0,1.0,1.0,2.0,0.0,0.0,16.349851365001356,0.0,IV
5.8125,0.0,64.0,1.0,0.0,2.0,0.0,0.0,35.005012913227894,0.0,PLAINTEXT
5.8125,0.0,64.0,1.0,0.0,2.0,0.0,0.0,35.005012913227894,0.0,CIPHERTEXT
4.9375,0.0,32.0,1.0,0.0,2.0,0.0,0.0,24.906695964332364,0.0,KEY
4.9375,0.0,32.0,1.0,0.0,2.0,0.0,0.0,24.906695964332364,0.0,KEY
4.9375,0.0,32.0,1.0,0.0,2.0,0.0,0.0,24.906695964332364,0.0,KEY
4.9375,0.0,32.0,1.0,0.0,2.0,0.0,0.0,24.906695964332364,0.0,KEY
4.0,0.0,16.0,1.0,1.0,2.0,0.0,0.0,16.349851365001356,0.0,IV
5.788909765557392,0.0,64.0,1.0,0.0,2.0,0.0,0.0,34.86294384461893,0.0,PLAINTEXT
5.78125,0.0,64.0,1.0,0.0,2.0,0.0,0.0,34.81681391907075,0.0,CIPHERTEXT
5.0,0.0,32.0,1.0,0.0,2.0,0.0,0.0,25.221970596792268,0.0,KEY
4.584962500721156,0.0,24.0,1.0,1.0,2.0,0.0,0.0,21.291906488858938,0.0,IV
5.376629167387822,0.0,48.0,1.0,0.0,2.0,0.0,0.0,30.18821271428936,0.0,PLAINTEXT
5.706954882778696,0.0,64.0,1.0,0.0,2.0,0.0,0.0,34.36938139645199,0.0,CIPHERTEXT
4.875,0.0,32.0,1.0,0.0,2.0,0.0,0.0,24.59142133187246,0.0,KEY
4.8125,0.0,32.0,1.0,0.0,2.0,0.0,0.0,24.276146699412557,0.0,KEY
5.444235677759418,0.0,48.0,1.0,0.0,2.0,0.0,0.0,30.56780365359904,0.0,PLAINTEXT
6.194235677759418,0.0,96.0,0.0,0.0,2.0,0.0,0.0,40.88141559717807,0.0,CIPHERTEXT
5.0,0.0,32.0,1.0,0.0,2.0,0.0,0.0,25.221970596792268,0.0,KEY
5.0,0.0,32.0,1.0,0.0,2.0,0.0,0.0,25.221970596792268,0.0,KEY
5.84375,0.0,64.0,1.0,0.0,2.0,0.0,0.0,35.19321190738503,0.0,PLAINTEXT
5.663909765557392,0.0,64.0,1.0,0.0,2.0,0.0,0.0,34.11014786799038,0.0,CIPHERTEXT
4.8125,0.0,32.0,1.0,0.0,2.0,0.0,0.0,24.276146699412557,0.0,KEY
4.9375,0.0,32.0,1.0,0.0,2.0,0.0,0.0,24.906695964332364,0.0,KEY
4.584962500721156,0.0,24.0,1.0,1.0,2.0,0.0,0.0,21.291906488858938,0.0,IV
5.501629167387823,0.0,48.0,1.0,0.0,2.0,0.0,0.0,30.890051444803767,0.0,PLAINTEXT
5.84375,0.0,64.0,1.0,0.0,2.0,0.0,0.0,35.19321190738503,0.0,CIPHERTEXT
4.726409765557392,0.0,32.0,1.0,0.0,2.0,0.0,0.0,23.841873627056074,0.0,KEY
5.613204882778696,0.0,64.0,1.0,0.0,2.0,0.0,0.0,33.80478441398058,0.0,PLAINTEXT
4.9375,0.0,32.0,1.0,0.0,2.0,0.0,0.0,24.906695964332364,0.0,CIPHERTEXT
3.875,0.0,16.0,1.0,1.0,2.0,0.0,0.0,15.838918509845064,0.0,KEY
3.875,0.0,16.0,1.0,1.0,2.0,0.0,0.0,15.838918509845064,0.0,KEY
3.875,0.0,16.0,1.0,1.0,2.0,0.0,0.0,15.838918509845064,0.0,KEY
3.875,0.0,16.0,1.0,1.0,2.0,0.0,0.0,15.838918509845064,0.0,KEY
3.875,0.0,16.0,1.0,1.0,2.0,0.0,0.0,15.838918509845064,0.0,KEY
3.875,0.0,16.0,1.0,1.0,2.0,0.0,0.0,15.838918509845064,0.0,IV
5.644454882778696,0.0,64.0,1.0,0.0,2.0,0.0,0.0,33.99298340813772,0.0,PLAINTEXT
5.644454882778696,0.0,64.0,1.0,0.0,2.0,0.0,0.0,33.99298340813772,0.0,CIPHERTEXT
4.584962500721156,0.0,24.0,1.0,1.0,2.0,0.0,0.0,21.291906488858938,0.0,KEY
4.584962500721156,0.0,24.0,1.0,1.0,2.0,0.0,0.0,21.291906488858938,0.0,KEY
4.0,0.0,16.0,1.0,1.0,2.0,0.0,0.0,16.349851365001356,0.0,IV
5.84375,0.0,64.0,1.0,0.0,2.0,0.0,0.0,35.19321190738503,0.0,PLAINTEXT
5.675704882778696,0.0,64.0,1.0,0.0,2.0,0.0,0.0,34.18118240229486,0.0,CIPHERTEXT
4.75,0.0,32.0,1.0,0.0,2.0,0.0,0.0,23.960872066952653,0.0,KEY
4.75,0.0,32.0,1.0,0.0,2.0,0.0,0.0,23.960872066952653,0.0,KEY
4.0,0.0,16.0,1.0,1.0,2.0,0.0,0.0,16.349851365001356,0.0,IV
5.75,0.0,64.0,1.0,0.0,2.0,0.0,0.0,34.62861492491361,0.0,PLAINTEXT
5.706954882778696,0.0,64.0,1.0,0.0,2.0,0.0,0.0,34.36938139645199,0.0,CIPHERTEXT
5.0,0.0,32.0,1.0,0.0,2.0,0.0,0.0,25.221970596792268,0.0,KEY
4.41829583405449,0.0,24.0,1.0,1.0,2.0,0.0,0.0,20.51793045722982,0.0,IV
5.418295834054489,0.0,48.0,1.0,0.0,2.0,0.0,0.0,30.422158957794164,0.0,PLAINTEXT
5.71875,0.0,64.0,1.0,0.0,2.0,0.0,0.0,34.44041593075647,0.0,CIPHERTEXT
4.875,0.0,32.0,1.0,0.0,2.0,0.0,0.0,24.59142133187246,0.0,KEY
4.9375,0.0,32.0,1.0,0.0,2.0,0.0,0.0,24.906695964332364,0.0,KEY
5.501629167387824,0.0,48.0,1.0,0.0,2.0,0.0,0.0,30.890051444803774,0.0,PLAINTEXT
6.0692356777594165,0.0,96.0,0.0,0.0,2.0,0.0,0.0,40.056426491904666,0.0,CIPHERTEXT
4.8125,0.0,32.0,1.0,0.0,2.0,0.0,0.0,24.276146699412557,0.0,KEY
4.9375,0.0,32.0,1.0,0.0,2.0,0.0,0.0,24.906695964332364,0.0,KEY
5.769454882778696,0.0,64.0,1.0,0.0,2.0,0.0,0.0,34.74577938476627,0.0,PLAINTEXT
5.78125,0.0,64.0,1.0,0.0,2.0,0.0,0.0,34.81681391907075,0.0,CIPHERTEXT
5.0,0.0,32.0,1.0,0.0,2.0,0.0,0.0,25.221970596792268,0.0,KEY
4.9375,0.0,32.0,1.0,0.0,2.0,0.0,0.0,24.906695964332364,0.0,KEY
4.418295834054489,0.0,24.0,1.0,1.0,2.0,0.0,0.0,20.517930457229816,0.0,IV
5.41829583405449,0.0,48.0,1.0,0.0,2.0,0.0,0.0,30.422158957794167,0.0,PLAINTEXT
5.875,0.0,64.0,1.0,0.0,2.0,0.0,0.0,35.38141090154217,0.0,CIPHERTEXT
5.0,0.0,32.0,1.0,0.0,2.0,0.0,0.0,25.221970596792268,0.0,KEY
5.831954882778696,0.0,64.0,1.0,0.0,2.0,0.0,0.0,35.122177373080554,0.0,PLAINTEXT
4.8125,0.0,32.0,1.0,0.0,2.0,0.0,0.0,24.276146699412557,0.0,CIPHERTEXT
4.0,0.0,16.0,1.0,1.0,2.0,0.0,0.0,16.349851365001356,0.0,KEY
4.0,0.0,16.0,1.0,1.0,2.0,0.0,0.0,16.349851365001356,0.0,KEY
4.0,0.0,16.0,1.0,1.0,2.0,0.0,0.0,16.349851365001356,0.0,KEY
3.625,0.0,16.0,1.0,1.0,2.0,0.0,0.0,14.81705279953248,0.0,IV
5.875,0.0,64.0,1.0,0.0,2.0,0.0,0.0,35.38141090154217,0.0,PLAINTEXT
5.675704882778696,0.0,64.0,1.0,0.0,2.0,0.0,0.0,34.18118240229486,0.0,CIPHERTEXT
4.501629167387822,0.0,24.0,1.0,1.0,2.0,0.0,0.0,20.904918473044376,0.0,KEY
4.501629167387822,0.0,24.0,1.0,1.0,2.0,0.0,0.0,20.904918473044376,0.0,KEY
4.0,0.0,16.0,1.0,1.0,2.0,0.0,0.0,16.349851365001356,0.0,IV
5.695159765557392,0.0,64.0,1.0,0.0,2.0,0.0,0.0,34.29834686214752,0.0,PLAINTEXT
5.90625,0.0,64.0,1.0,0.0,2.0,0.0,0.0,35.56960989569931,0.0,CIPHERTEXT
4.875,0.0,32.0,1.0,0.0,2.0,0.0,0.0,24.59142133187246,0.0,KEY
4.875,0.0,32.0,1.0,0.0,2.0,0.0,0.0,24.59142133187246,0.0,KEY
3.875,0.0,16.0,1.0,1.0,2.0,0.0,0.0,15.838918509845064,0.0,IV
5.800704882778696,0.0,64.0,1.0,0.0,2.0,0.0,0.0,34.93397837892341,0.0,PLAINTEXT
5.769454882778696,0.0,64.0,1.0,0.0,2.0,0.0,0.0,34.74577938476627,0.0,CIPHERTEXT
4.9375,0.0,32.0,1.0,0.0,2.0,0.0,0.0,24.906695964332364,0.0,KEY
4.584962500721156,0.0,24.0,1.0,1.0,2.0,0.0,0.0,21.291906488858938,0.0,IV
5.376629167387822,0.0,48.0,1.0,0.0,2.0,0.0,0.0,30.18821271428936,0.0,PLAINTEXT
5.800704882778696,0.0,64.0,1.0,0.0,2.0,0.0,0.0,34.93397837892341,0.0,CIPHERTEXT
4.875,0.0,32.0,1.0,0.0,2.0,0.0,0.0,24.59142133187246,0.0,KEY
4.875,0.0,32.0,1.0,0.0,2.0,0.0,0.0,24.59142133187246,0.0,KEY
5.459962500721156,0.0,48.0,1.0,0.0,2.0,0.0,0.0,30.656105201298967,0.0,PLAINTEXT
6.157675521464345,0.0,96.0,0.0,0.0,2.0,0.0,0.0,40.64012175213385,0.0,CIPHERTEXT
4.9375,0.0,32.0,1.0,0.0,2.0,0.0,0.0,24.906695964332364,0.0,KEY
4.875,0.0,32.0,1.0,0.0,2.0,0.0,0.0,24.59142133187246,0.0,KEY
5.769454882778696,0.0,64.0,1.0,0.0,2.0,0.0,0.0,34.74577938476627,0.0,PLAINTEXT
5.78125,0.0,64.0,1.0,0.0,2.0,0.0,0.0,34.81681391907075,0.0,CIPHERTEXT
4.875,0.0,32.0,1.0,0.0,2.0,0.0,0.0,24.59142133187246,0.0,KEY
4.9375,0.0,32.0,1.0,0.0,2.0,0.0,0.0,24.906695964332364,0.0,KEY
4.501629167387822,0.0,24.0,1.0,1.0,2.0,0.0,0.0,20.904918473044376,0.0,IV
5.459962500721157,0.0,48.0,1.0,0.0,2.0,0.0,0.0,30.65610520129897,0.0,PLAINTEXT
5.769454882778696,0.0,64.0,1.0,0.0,2.0,0.0,0.0,34.74577938476627,0.0,CIPHERTEXT
5.0,0.0,32.0,1.0,0.0,2.0,0.0,0.0,25.221970596792268,0.0,KEY
5.71875,0.0,64.0,1.0,0.0,2.0,0.0,0.0,34.44041593075647,0.0,PLAINTEXT
5.0,0.0,32.0,1.0,0.0,2.0,0.0,0.0,25.221970596792268,0.0,CIPHERTEXT
4.0,0.0,16.0,1.0,1.0,2.0,0.0,0.0,16.349851365001356,0.0,KEY
4.0,0.0,16.0,1.0,1.0,2.0,0.0,0.0,16.349851365001356,0.0,KEY
4.0,0.0,16.0,1.0,1.0,2.0,0.0,0.0,16.349851365001356,0.0,KEY
3.75,0.0,16.0,1.0,1.0,2.0,0.0,0.0,15.32798565468877,0.0,IV
5.84375,0.0,64.0,1.0,0.0,2.0,0.0,0.0,35.19321190738503,0.0,PLAINTEXT
5.78125,0.0,64.0,1.0,0.0,2.0,0.0,0.0,34.81681391907075,0.0,CIPHERTEXT
4.501629167387822,0.0,24.0,1.0,1.0,2.0,0.0,0.0,20.904918473044376,0.0,KEY
4.501629167387822,0.0,24.0,1.0,1.0,2.0,0.0,0.0,20.904918473044376,0.0,KEY
4.0,0.0,16.0,1.0,1.0,2.0,0.0,0.0,16.349851365001356,0.0,IV
5.706954882778696,0.0,64.0,1.0,0.0,2.0,0.0,0.0,34.36938139645199,0.0,PLAINTEXT
5.800704882778696,0.0,64.0,1.0,0.0,2.0,0.0,0.0,34.93397837892341,0.0,CIPHERTEXT
4.9375,0.0,32.0,1.0,0.0,2.0,0.0,0.0,24.906695964332364,0.0,KEY
4.9375,0.0,32.0,1.0,0.0,2.0,0.0,0.0,24.906695964332364,0.0,KEY
4.0,0.0,16.0,1.0,1.0,2.0,0.0,0.0,16.349851365001356,0.0,IV
5.570159765557392,0.0,64.0,1.0,0.0,2.0,0.0,0.0,33.545550885518956,0.0,PLAINTEXT
5.800704882778696,0.0,64.0,1.0,0.0,2.0,0.0,0.0,34.93397837892341,0.0,CIPHERTEXT
5.0,0.0,32.0,1.0,0.0,2.0,0.0,0.0,25.221970596792268,0.0,KEY
4.386842188131011,0.0,24.0,1.0,1.0,2.0,0.0,0.0,20.371864248917092,0.0,IV
5.459962500721157,0.0,48.0,1.0,0.0,2.0,0.0,0.0,30.65610520129897,0.0,PLAINTEXT
5.6875,0.0,64.0,1.0,0.0,2.0,0.0,0.0,34.25221693659933,0.0,CIPHERTEXT
4.75,0.0,32.0,1.0,0.0,2.0,0.0,0.0,23.960872066952653,0.0,KEY
5.0,0.0,32.0,1.0,0.0,2.0,0.0,0.0,25.221970596792268,0.0,KEY
5.376629167387823,0.0,48.0,1.0,0.0,2.0,0.0,0.0,30.188212714289367,0.0,PLAINTEXT
6.027569011092751,0.0,96.0,0.0,0.0,2.0,0.0,0.0,39.78143012348021,0.0,CIPHERTEXT
4.875,0.0,32.0,1.0,0.0,2.0,0.0,0.0,24.59142133187246,0.0,KEY
4.875,0.0,32.0,1.0,0.0,2.0,0.0,0.0,24.59142133187246,0.0,KEY
5.757659765557392,0.0,64.0,1.0,0.0,2.0,0.0,0.0,34.67474485046179,0.0,PLAINTEXT
5.6875,0.0,64.0,1.0,0.0,2.0,0.0,0.0,34.25221693659933,0.0,CIPHERTEXT
4.875,0.0,32.0,1.0,0.0,2.0,0.0,0.0,24.59142133187246,0.0,KEY
4.875,0.0,32.0,1.0,0.0,2.0,0.0,0.0,24.59142133187246,0.0,KEY
4.501629167387822,0.0,24.0,1.0,1.0,2.0,0.0,0.0,20.904918473044376,0.0,IV
5.41829583405449,0.0,48.0,1.0,0.0,2.0,0.0,0.0,30.422158957794167,0.0,PLAINTEXT
5.738204882778696,0.0,64.0,1.0,0.0,2.0,0.0,0.0,34.55758039060913,0.0,CIPHERTEXT
4.8125,0.0,32.0,1.0,0.0,2.0,0.0,0.0,24.276146699412557,0.0,KEY
5.800704882778696,0.0,64.0,1.0,0.0,2.0,0.0,0.0,34.93397837892341,0.0,PLAINTEXT
4.9375,0.0,32.0,1.0,0.0,2.0,0.0,0.0,24.906695964332364,0.0,CIPHERTEXT
4.0,0.0,16.0,1.0,1.0,2.0,0.0,0.0,16.349851365001356,0.0,KEY
4.0,0.0,16.0,1.0,1.0,2.0,0.0,0.0,16.349851365001356,0.0,KEY
3.875,0.0,16.0,1.0,1.0,2.0,0.0,0.0,15.838918509845064,0.0,IV
5.8125,0.0,64.0,1.0,0.0,2.0,0.0,0.0,35.005012913227894,0.0,PLAINTEXT
5.84375,0.0,64.0,1.0,0.0,2.0,0.0,0.0,35.19321190738503,0.0,CIPHERTEXT
4.501629167387822,0.0,24.0,1.0,1.0,2.0,0.0,0.0,20.904918473044376,0.0,KEY
4.501629167387822,0.0,24.0,1.0,1.0,2.0,0.0,0.0,20.904918473044376,0.0,KEY
4.0,0.0,16.0,1.0,1.0,2.0,0.0,0.0,16.349851365001356,0.0,IV
5.726409765557392,0.0,64.0,1.0,0.0,2.0,0.0,0.0,34.48654585630465,0.0,PLAINTEXT
5.75,0.0,64.0,1.0,0.0,2.0,0.0,0.0,34.62861492491361,0.0,CIPHERTEXT
4.788909765557392,0.0,32.0,1.0,0.0,2.0,0.0,0.0,24.157148259515978,0.0,KEY
4.788909765557392,0.0,32.0,1.0,0.0,2.0,0.0,0.0,24.157148259515978,0.0,KEY
4.0,0.0,16.0,1.0,1.0,2.0,0.0,0.0,16.349851365001356,0.0,IV
5.695159765557392,0.0,64.0,1.0,0.0,2.0,0.0,0.0,34.29834686214752,0.0,PLAINTEXT
5.706954882778696,0.0,64.0,1.0,0.0,2.0,0.0,0.0,34.36938139645199,0.0,CIPHERTEXT
5.0,0.0,32.0,1.0,0.0,2.0,0.0,0.0,25.221970596792268,0.0,KEY
4.584962500721156,0.0,24.0,1.0,1.0,2.0,0.0,0.0,21.291906488858938,0.0,IV
5.459962500721157,0.0,48.0,1.0,0.0,2.0,0.0,0.0,30.65610520129897,0.0,PLAINTEXT
5.78125,0.0,64.0,1.0,0.0,2.0,0.0,0.0,34.81681391907075,0.0,CIPHERTEXT
4.9375,0.0,32.0,1.0,0.0,2.0,0.0,0.0,24.906695964332364,0.0,KEY
4.9375,0.0,32.0,1.0,0.0,2.0,0.0,0.0,24.906695964332364,0.0,KEY
5.376629167387823,0.0,48.0,1.0,0.0,2.0,0.0,0.0,30.188212714289367,0.0,PLAINTEXT
6.256735677759417,0.0,96.0,0.0,0.0,2.0,0.0,0.0,41.293910149814764,0.0,CIPHERTEXT
4.8125,0.0,32.0,1.0,0.0,2.0,0.0,0.0,24.276146699412557,0.0,KEY
5.0,0.0,32.0,1.0,0.0,2.0,0.0,0.0,25.221970596792268,0.0,KEY
5.663909765557392,0.0,64.0,1.0,0.0,2.0,0.0,0.0,34.11014786799038,0.0,PLAINTEXT
5.78125,0.0,64.0,1.0,0.0,2.0,0.0,0.0,34.81681391907075,0.0,CIPHERTEXT
4.9375,0.0,32.0,1.0,0.0,2.0,0.0,0.0,24.906695964332364,0.0,KEY
4.9375,0.0,32.0,1.0,0.0,2.0,0.0,0.0,24.906695964332364,0.0,KEY
4.501629167387822,0.0,24.0,1.0,1.0,2.0,0.0,0.0,20.904918473044376,0.0,IV
5.501629167387823,0.0,48.0,1.0,0.0,2.0,0.0,0.0,30.890051444803767,0.0,PLAINTEXT
5.875,0.0,64.0,1.0,0.0,2.0,0.0,0.0,35.38141090154217,0.0,CIPHERTEXT
4.851409765557392,0.0,32.0,1.0,0.0,2.0,0.0,0.0,24.47242289197588,0.0,KEY
5.8125,0.0,64.0,1.0,0.0,2.0,0.0,0.0,35.005012913227894,0.0,PLAINTEXT
4.75,0.0,32.0,1.0,0.0,2.0,0.0,0.0,23.960872066952653,0.0,CIPHERTEXT
4.0,0.0,16.0,1.0,1.0,2.0,0.0,0.0,16.349851365001356,0.0,KEY
4.0,0.0,16.0,1.0,1.0,2.0,0.0,0.0,16.349851365001356,0.0,KEY
4.0,0.0,16.0,1.0,1.0,2.0,0.0,0.0,16.349851365001356,0.0,IV
5.75,0.0,64.0,1.0,0.0,2.0,0.0,0.0,34.62861492491361,0.0,PLAINTEXT
5.78125,0.0,64.0,1.0,0.0,2.0,0.0,0.0,34.81681391907075,0.0,CIPHERTEXT
4.584962500721156,0.0,24.0,1.0,1.0,2.0,0.0,0.0,21.291906488858938,0.0,KEY
4.584962500721156,0.0,24.0,1.0,1.0,2.0,0.0,0.0,21.291906488858938,0.0,KEY
3.875,0.0,16.0,1.0,1.0,2.0,0.0,0.0,15.838918509845064,0.0,IV
5.84375,0.0,64.0,1.0,0.0,2.0,0.0,0.0,35.19321190738503,0.0,PLAINTEXT
5.863204882778696,0.0,64.0,1.0,0.0,2.0,0.0,0.0,35.31037636723769,0.0,CIPHERTEXT
4.9375,0.0,32.0,1.0,0.0,2.0,0.0,0.0,24.906695964332364,0.0,KEY
4.9375,0.0,32.0,1.0,0.0,2.0,0.0,0.0,24.906695964332364,0.0,KEY
4.0,0.0,16.0,1.0,1.0,2.0,0.0,0.0,16.349851365001356,0.0,IV
5.581954882778696,0.0,64.0,1.0,0.0,2.0,0.0,0.0,33.61658541982344,0.0,PLAINTEXT
5.78125,0.0,64.0,1.0,0.0,2.0,0.0,0.0,34.81681391907075,0.0,CIPHERTEXT
4.8125,0.0,32.0,1.0,0.0,2.0,0.0,0.0,24.276146699412557,0.0,KEY
4.584962500721156,0.0,24.0,1.0,1.0,2.0,0.0,0.0,21.291906488858938,0.0,IV
5.501629167387823,0.0,48.0,1.0,0.0,2.0,0.0,0.0,30.890051444803767,0.0,PLAINTEXT
5.831954882778696,0.0,64.0,1.0,0.0,2.0,0.0,0.0,35.122177373080554,0.0,CIPHERTEXT
4.9375,0.0,32.0,1.0,0.0,2.0,0.0,0.0,24.906695964332364,0.0,KEY
4.9375,0.0,32.0,1.0,0.0,2.0,0.0,0.0,24.906695964332364,0.0,KEY
5.376629167387822,0.0,48.0,1.0,0.0,2.0,0.0,0.0,30.18821271428936,0.0,PLAINTEXT
6.215069011092751,0.0,96.0,0.0,0.0,2.0,0.0,0.0,41.0189137813903,0.0,CIPHERTEXT
5.0,0.0,32.0,1.0,0.0,2.0,0.0,0.0,25.221970596792268,0.0,KEY
4.75,0.0,32.0,1.0,0.0,2.0,0.0,0.0,23.960872066952653,0.0,KEY
5.8125,0.0,64.0,1.0,0.0,2.0,0.0,0.0,35.005012913227894,0.0,PLAINTEXT
5.663909765557392,0.0,64.0,1.0,0.0,2.0,0.0,0.0,34.11014786799038,0.0,CIPHERTEXT
4.9375,0.0,32.0,1.0,0.0,2.0,0.0,0.0,24.906695964332364,0.0,KEY
4.8125,0.0,32.0,1.0,0.0,2.0,0.0,0.0,24.276146699412557,0.0,KEY
4.501629167387822,0.0,24.0,1.0,1.0,2.0,0.0,0.0,20.904918473044376,0.0,IV
5.501629167387824,0.0,48.0,1.0,0.0,2.0,0.0,0.0,30.890051444803774,0.0,PLAINTEXT
5.84375,0.0,64.0,1.0,0.0,2.0,0.0,0.0,35.19321190738503,0.0,CIPHERTEXT
4.875,0.0,32.0,1.0,0.0,2.0,0.0,0.0,24.59142133187246,0.0,KEY
5.769454882778696,0.0,64.0,1.0,0.0,2.0,0.0,0.0,34.74577938476627,0.0,PLAINTEXT
4.726409765557392,0.0,32.0,1.0,0.0,2.0,0.0,0.0,23.841873627056074,0.0,CIPHERTEXT
3.875,0.0,16.0,1.0,1.0,2.0,0.0,0.0,15.838918509845064,0.0,KEY
3.875,0.0,16.0,1.0,1.0,2.0,0.0,0.0,15.838918509845064,0.0,KEY
3.875,0.0,16.0,1.0,1.0,2.0,0.0,0.0,15.838918509845064,0.0,IV
5.8125,0.0,64.0,1.0,0.0,2.0,0.0,0.0,35.005012913227894,0.0,PLAINTEXT
5.78125,0.0,64.0,1.0,0.0,2.0,0.0,0.0,34.81681391907075,0.0,CIPHERTEXT
4.418295834054489,0.0,24.0,1.0,1.0,2.0,0.0,0.0,20.517930457229816,0.0,KEY
4.418295834054489,0.0,24.0,1.0,1.0,2.0,0.0,0.0,20.517930457229816,0.0,KEY
4.418295834054489,0.0,24.0,1.0,1.0,2.0,0.0,0.0,20.517930457229816,0.0,KEY
4.418295834054489,0.0,24.0,1.0,1.0,2.0,0.0,0.0,20.517930457229816,0.0,KEY
3.875,0.0,16.0,1.0,1.0,2.0,0.0,0.0,15.838918509845064,0.0,IV
5.738204882778696,0.0,64.0,1.0,0.0,2.0,0.0,0.0,34.55758039060913,0.0,PLAINTEXT
5.6875,0.0,64.0,1.0,0.0,2.0,0.0,0.0,34.25221693659933,0.0,CIPHERTEXT
5.0,0.0,32.0,1.0,0.0,2.0,0.0,0.0,25.221970596792268,0.0,KEY
5.0,0.0,32.0,1.0,0.0,2.0,0.0,0.0,25.221970596792268,0.0,KEY
5.0,0.0,32.0,1.0,0.0,2.0,0.0,0.0,25.221970596792268,0.0,KEY
5.0,0.0,32.0,1.0,0.0,2.0,0.0,0.0,25.221970596792268,0.0,KEY
4.0,0.0,16.0,1.0,1.0,2.0,0.0,0.0,16.349851365001356,0.0,IV
5.632659765557392,0.0,64.0,1.0,0.0,2.0,0.0,0.0,33.92194887383324,0.0,PLAINTEXT
5.800704882778696,0.0,64.0,1.0,0.0,2.0,0.0,0.0,34.93397837892341,0.0,CIPHERTEXT
4.875,0.0,32.0,1.0,0.0,2.0,0.0,0.0,24.59142133187246,0.0,KEY
4.501629167387822,0.0,24.0,1.0,1.0,2.0,0.0,0.0,20.904918473044376,0.0,IV
5.376629167387823,0.0,48.0,1.0,0.0,2.0,0.0,0.0,30.188212714289367,0.0,PLAINTEXT
5.875,0.0,64.0,1.0,0.0,2.0,0.0,0.0,35.38141090154217,0.0,CIPHERTEXT
4.9375,0.0,32.0,1.0,0.0,2.0,0.0,0.0,24.906695964332364,0.0,KEY
4.9375,0.0,32.0,1.0,0.0,2.0,0.0,0.0,24.906695964332364,0.0,KEY
5.501629167387824,0.0,48.0,1.0,0.0,2.0,0.0,0.0,30.890051444803774,0.0,PLAINTEXT
6.202099089240287,0.0,96.0,0.0,0.0,2.0,0.0,0.0,40.93331342759406,0.0,CIPHERTEXT
5.0,0.0,32.0,1.0,0.0,2.0,0.0,0.0,25.221970596792268,0.0,KEY
4.8125,0.0,32.0,1.0,0.0,2.0,0.0,0.0,24.276146699412557,0.0,KEY
5.8125,0.0,64.0,1.0,0.0,2.0,0.0,0.0,35.005012913227894,0.0,PLAINTEXT
5.71875,0.0,64.0,1.0,0.0,2.0,0.0,0.0,34.44041593075647,0.0,CIPHERTEXT
4.875,0.0,32.0,1.0,0.0,2.0,0.0,0.0,24.59142133187246,0.0,KEY
5.0,0.0,32.0,1.0,0.0,2.0,0.0,0.0,25.221970596792268,0.0,KEY
4.584962500721156,0.0,24.0,1.0,1.0,2.0,0.0,0.0,21.291906488858938,0.0,IV
5.501629167387824,0.0,48.0,1.0,0.0,2.0,0.0,0.0,30.890051444803774,0.0,PLAINTEXT
5.695159765557392,0.0,64.0,1.0,0.0,2.0,0.0,0.0,34.29834686214752,0.0,CIPHERTEXT
4.875,0.0,32.0,1.0,0.0,2.0,0.0,0.0,24.59142133187246,0.0,KEY
5.738204882778696,0.0,64.0,1.0,0.0,2.0,0.0,0.0,34.55758039060913,0.0,PLAINTEXT
4.875,0.0,32.0,1.0,0.0,2.0,0.0,0.0,24.59142133187246,0.0,CIPHERTEXT
3.875,0.0,16.0,1.0,1.0,2.0,0.0,0.0,15.838918509845064,0.0,KEY
3.875,0.0,16.0,1.0,1.0,2.0,0.0,0.0,15.838918509845064,0.0,KEY
3.875,0.0,16.0,1.0,1.0,2.0,0.0,0.0,15.838918509845064,0.0,KEY
3.875,0.0,16.0,1.0,1.0,2.0,0.0,0.0,15.838918509845064,0.0,KEY
3.875,0.0,16.0,1.0,1.0,2.0,0.0,0.0,15.838918509845064,0.0,KEY
3.75,0.0,16.0,1.0,1.0,2.0,0.0,0.0,15.32798565468877,0.0,IV
5.769454882778696,0.0,64.0,1.0,0.0,2.0,0.0,0.0,34.74577938476627,0.0,PLAINTEXT
5.78125,0.0,64.0,1.0,0.0,2.0,0.0,0.0,34.81681391907075,0.0,CIPHERTEXT
4.501629167387822,0.0,24.0,1.0,1.0,2.0,0.0,0.0,20.904918473044376,0.0,KEY
4.501629167387822,0.0,24.0,1.0,1.0,2.0,0.0,0.0,20.904918473044376,0.0,KEY
4.501629167387822,0.0,24.0,1.0,1.0,2.0,0.0,0.0,20.904918473044376,0.0,KEY
4.501629167387822,0.0,24.0,1.0,1.0,2.0,0.0,0.0,20.904918473044376,0.0,KEY
4.0,0.0,16.0,1.0,1.0,2.0,0.0,0.0,16.349851365001356,0.0,IV
5.875,0.0,64.0,1.0,0.0,2.0,0.0,0.0,35.38141090154217,0.0,PLAINTEXT
5.8125,0.0,64.0,1.0,0.0,2.0,0.0,0.0,35.005012913227894,0.0,CIPHERTEXT
5.0,0.0,32.0,1.0,0.0,2.0,0.0,0.0,25.221970596792268,0.0,KEY
5.0,0.0,32.0,1.0,0.0,2.0,0.0,0.0,25.221970596792268,0.0,KEY
5.0,0.0,32.0,1.0,0.0,2.0,0.0,0.0,25.221970596792268,0.0,KEY
5.0,0.0,32.0,1.0,0.0,2.0,0.0,0.0,25.221970596792268,0.0,KEY
3.875,0.0,16.0,1.0,1.0,2.0,0.0,0.0,15.838918509845064,0.0,IV
5.644454882778696,0.0,64.0,1.0,0.0,2.0,0.0,0.0,33.99298340813772,0.0,PLAINTEXT
5.6875,0.0,64.0,1.0,0.0,2.0,0.0,0.0,34.25221693659933,0.0,CIPHERTEXT
4.8125,0.0,32.0,1.0,0.0,2.0,0.0,0.0,24.276146699412557,0.0,KEY
4.584962500721156,0.0,24.0,1.0,1.0,2.0,0.0,0.0,21.291906488858938,0.0,IV
5.459962500721157,0.0,48.0,1.0,0.0,2.0,0.0,0.0,30.65610520129897,0.0,PLAINTEXT
5.769454882778696,0.0,64.0,1.0,0.0,2.0,0.0,0.0,34.74577938476627,0.0,CIPHERTEXT
5.0,0.0,32.0,1.0,0.0,2.0,0.0,0.0,25.221970596792268,0.0,KEY
5.0,0.0,32.0,1.0,0.0,2.0,0.0,0.0,25.221970596792268,0.0,KEY
5.501629167387824,0.0,48.0,1.0,0.0,2.0,0.0,0.0,30.890051444803774,0.0,PLAINTEXT
6.222932422573621,0.0,96.0,0.0,0.0,2.0,0.0,0.0,41.07081161180629,0.0,CIPHERTEXT
4.875,0.0,32.0,1.0,0.0,2.0,0.0,0.0,24.59142133187246,0.0,KEY
4.8125,0.0,32.0,1.0,0.0,2.0,0.0,0.0,24.276146699412557,0.0,KEY
5.78125,0.0,64.0,1.0,0.0,2.0,0.0,0.0,34.81681391907075,0.0,PLAINTEXT
5.84375,0.0,64.0,1.0,0.0,2.0,0.0,0.0,35.19321190738503,0.0,CIPHERTEXT
4.8125,0.0,32.0,1.0,0.0,2.0,0.0,0.0,24.276146699412557,0.0,KEY
5.0,0.0,32.0,1.0,0.0,2.0,0.0,0.0,25.221970596792268,0.0,KEY
4.584962500721156,0.0,24.0,1.0,1.0,2.0,0.0,0.0,21.291906488858938,0.0,IV
5.418295834054489,0.0,48.0,1.0,0.0,2.0,0.0,0.0,30.422158957794164,0.0,PLAINTEXT
5.831954882778696,0.0,64.0,1.0,0.0,2.0,0.0,0.0,35.122177373080554,0.0,CIPHERTEXT
4.875,0.0,32.0,1.0,0.0,2.0,0.0,0.0,24.59142133187246,0.0,KEY
5.84375,0.0,64.0,1.0,0.0,2.0,0.0,0.0,35.19321190738503,0.0,PLAINTEXT
4.9375,0.0,32.0,1.0,0.0,2.0,0.0,0.0,24.906695964332364,0.0,CIPHERTEXT
3.5,0.0,16.0,1.0,1.0,2.0,0.0,0.0,14.306119944376187,0.0,KEY
3.5,0.0,16.0,1.0,1.0,2.0,0.0,0.0,14.306119944376187,0.0,KEY
3.5,0.0,16.0,1.0,1.0,2.0,0.0,0.0,14.306119944376187,0.0,KEY
3.5,0.0,16.0,1.0,1.0,2.0,0.0,0.0,14.306119944376187,0.0,KEY
3.5,0.0,16.0,1.0,1.0,2.0,0.0,0.0,14.306119944376187,0.0,KEY
4.0,0.0,16.0,1.0,1.0,2.0,0.0,0.0,16.349851365001356,0.0,IV
5.6875,0.0,64.0,1.0,0.0,2.0,0.0,0.0,34.25221693659933,0.0,PLAINTEXT
5.71875,0.0,64.0,1.0,0.0,2.0,0.0,0.0,34.44041593075647,0.0,CIPHERTEXT
4.584962500721156,0.0,24.0,1.0,1.0,2.0,0.0,0.0,21.291906488858938,0.0,KEY
4.584962500721156,0.0,24.0,1.0,1.0,2.0,0.0,0.0,21.291906488858938,0.0,KEY
4.584962500721156,0.0,24.0,1.0,1.0,2.0,0.0,0.0,21.291906488858938,0.0,KEY
4.584962500721156,0.0,24.0,1.0,1.0,2.0,0.0,0.0,21.291906488858938,0.0,KEY
4.0,0.0,16.0,1.0,1.0,2.0,0.0,0.0,16.349851365001356,0.0,IV
5.84375,0.0,64.0,1.0,0.0,2.0,0.0,0.0,35.19321190738503,0.0,PLAINTEXT
5.675704882778696,0.0,64.0,1.0,0.0,2.0,0.0,0.0,34.18118240229486,0.0,CIPHERTEXT
4.9375,0.0,32.0,1.0,0.0,2.0,0.0,0.0,24.906695964332364,0.0,KEY
4.9375,0.0,32.0,1.0,0.0,2.0,0.0,0.0,24.906695964332364,0.0,KEY
4.9375,0.0,32.0,1.0,0.0,2.0,0.0,0.0,24.906695964332364,0.0,KEY
4.9375,0.0,32.0,1.0,0.0,2.0,0.0,0.0,24.906695964332364,0.0,KEY
4.0,0.0,16.0,1.0,1.0,2.0,0.0,0.0,16.349851365001356,0.0,IV
5.632659765557392,0.0,64.0,1.0,0.0,2.0,0.0,0.0,33.92194887383324,0.0,PLAINTEXT
5.644454882778696,0.0,64.0,1.0,0.0,2.0,0.0,0.0,33.99298340813772,0.0,CIPHERTEXT
4.875,0.0,32.0,1.0,0.0,2.0,0.0,0.0,24.59142133187246,0.0,KEY
4.501629167387822,0.0,24.0,1.0,1.0,2.0,0.0,0.0,20.904918473044376,0.0,IV
5.41829583405449,0.0,48.0,1.0,0.0,2.0,0.0,0.0,30.422158957794167,0.0,PLAINTEXT
5.75,0.0,64.0,1.0,0.0,2.0,0.0,0.0,34.62861492491361,0.0,CIPHERTEXT
4.726409765557392,0.0,32.0,1.0,0.0,2.0,0.0,0.0,23.841873627056074,0.0,KEY
4.788909765557392,0.0,32.0,1.0,0.0,2.0,0.0,0.0,24.157148259515978,0.0,KEY
5.334962500721155,0.0,48.0,1.0,0.0,2.0,0.0,0.0,29.95426647078456,0.0,PLAINTEXT
6.277569011092751,0.0,96.0,0.0,0.0,2.0,0.0,0.0,41.431408334027,0.0,CIPHERTEXT
4.875,0.0,32.0,1.0,0.0,2.0,0.0,0.0,24.59142133187246,0.0,KEY
5.0,0.0,32.0,1.0,0.0,2.0,0.0,0.0,25.221970596792268,0.0,KEY
5.78125,0.0,64.0,1.0,0.0,2.0,0.0,0.0,34.81681391907075,0.0,PLAINTEXT
5.706954882778696,0.0,64.0,1.0,0.0,2.0,0.0,0.0,34.36938139645199,0.0,CIPHERTEXT
5.0,0.0,32.0,1.0,0.0,2.0,0.0,0.0,25.221970596792268,0.0,KEY
4.875,0.0,32.0,1.0,0.0,2.0,0.0,0.0,24.59142133187246,0.0,KEY
4.41829583405449,0.0,24.0,1.0,1.0,2.0,0.0,0.0,20.51793045722982,0.0,IV
5.459962500721157,0.0,48.0,1.0,0.0,2.0,0.0,0.0,30.65610520129897,0.0,PLAINTEXT
5.75,0.0,64.0,1.0,0.0,2.0,0.0,0.0,34.62861492491361,0.0,CIPHERTEXT
4.8125,0.0,32.0,1.0,0.0,2.0,0.0,0.0,24.276146699412557,0.0,KEY
5.706954882778696,0.0,64.0,1.0,0.0,2.0,0.0,0.0,34.36938139645199,0.0,PLAINTEXT
5.0,0.0,32.0,1.0,0.0,2.0,0.0,0.0,25.221970596792268,0.0,CIPHERTEXT
3.875,0.0,16.0,1.0,1.0,2.0,0.0,0.0,15.838918509845064,0.0,KEY
3.875,0.0,16.0,1.0,1.0,2.0,0.0,0.0,15.838918509845064,0.0,KEY
3.875,0.0,16.0,1.0,1.0,2.0,0.0,0.0,15.838918509845064,0.0,IV
5.65625,0.0,64.0,1.0,0.0,2.0,0.0,0.0,34.06401794244219,0.0,PLAINTEXT
5.875,0.0,64.0,1.0,0.0,2.0,0.0,0.0,35.38141090154217,0.0,CIPHERTEXT
4.334962500721156,0.0,24.0,1.0,1.0,2.0,0.0,0.0,20.130942441415257,0.0,KEY
4.334962500721156,0.0,24.0,1.0,1.0,2.0,0.0,0.0,20.130942441415257,0.0,KEY
4.334962500721156,0.0,24.0,1.0,1.0,2.0,0.0,0.0,20.130942441415257,0.0,KEY
4.334962500721156,0.0,24.0,1.0,1.0,2.0,0.0,0.0,20.130942441415257,0.0,KEY
4.0,0.0,16.0,1.0,1.0,2.0,0.0,0.0,16.349851365001356,0.0,IV
5.75,0.0,64.0,1.0,0.0,2.0,0.0,0.0,34.62861492491361,0.0,PLAINTEXT
5.757659765557392,0.0,64.0,1.0,0.0,2.0,0.0,0.0,34.67474485046179,0.0,CIPHERTEXT
4.9375,0.0,32.0,1.0,0.0,2.0,0.0,0.0,24.906695964332364,0.0,KEY
4.9375,0.0,32.0,1.0,0.0,2.0,0.0,0.0,24.906695964332364,0.0,KEY
4.9375,0.0,32.0,1.0,0.0,2.0,0.0,0.0,24.906695964332364,0.0,KEY
4.9375,0.0,32.0,1.0,0.0,2.0,0.0,0.0,24.906695964332364,0.0,KEY
4.0,0.0,16.0,1.0,1.0,2.0,0.0,0.0,16.349851365001356,0.0,IV
5.75,0.0,64.0,1.0,0.0,2.0,0.0,0.0,34.62861492491361,0.0,PLAINTEXT
5.738204882778696,0.0,64.0,1.0,0.0,2.0,0.0,0.0,34.55758039060913,0.0,CIPHERTEXT
4.9375,0.0,32.0,1.0,0.0,2.0,0.0,0.0,24.906695964332364,0.0,KEY
4.584962500721156,0.0,24.0,1.0,1.0,2.0,0.0,0.0,21.291906488858938,0.0,IV
5.376629167387823,0.0,48.0,1.0,0.0,2.0,0.0,0.0,30.188212714289367,0.0,PLAINTEXT
5.78125,0.0,64.0,1.0,0.0,2.0,0.0,0.0,34.81681391907075,0.0,CIPHERTEXT
4.875,0.0,32.0,1.0,0.0,2.0,0.0,0.0,24.59142133187246,0.0,KEY
4.875,0.0,32.0,1.0,0.0,2.0,0.0,0.0,24.59142133187246,0.0,KEY
5.41829583405449,0.0,48.0,1.0,0.0,2.0,0.0,0.0,30.422158957794167,0.0,PLAINTEXT
6.340069011092751,0.0,96.0,0.0,0.0,2.0,0.0,0.0,41.84390288666369,0.0,CIPHERTEXT
4.875,0.0,32.0,1.0,0.0,2.0,0.0,0.0,24.59142133187246,0.0,KEY
4.8125,0.0,32.0,1.0,0.0,2.0,0.0,0.0,24.276146699412557,0.0,KEY
5.84375,0.0,64.0,1.0,0.0,2.0,0.0,0.0,35.19321190738503,0.0,PLAINTEXT
5.875,0.0,64.0,1.0,0.0,2.0,0.0,0.0,35.38141090154217,0.0,CIPHERTEXT
5.0,0.0,32.0,1.0,0.0,2.0,0.0,0.0,25.221970596792268,0.0,KEY
4.9375,0.0,32.0,1.0,0.0,2.0,0.0,0.0,24.906695964332364,0.0,KEY
4.334962500721156,0.0,24.0,1.0,1.0,2.0,0.0,0.0,20.130942441415257,0.0,IV
5.41829583405449,0.0,48.0,1.0,0.0,2.0,0.0,0.0,30.422158957794167,0.0,PLAINTEXT
5.738204882778696,0.0,64.0,1.0,0.0,2.0,0.0,0.0,34.55758039060913,0.0,CIPHERTEXT
4.875,0.0,32.0,1.0,0.0,2.0,0.0,0.0,24.59142133187246,0.0,KEY
5.863204882778696,0.0,64.0,1.0,0.0,2.0,0.0,0.0,35.31037636723769,0.0,PLAINTEXT
5.0,0.0,32.0,1.0,0.0,2.0,0.0,0.0,25.221970596792268,0.0,CIPHERTEXT
4.0,0.0,16.0,1.0,1.0,2.0,0.0,0.0,16.349851365001356,0.0,KEY
4.0,0.0,16.0,1.0,1.0,2.0,0.0,0.0,16.349851365001356,0.0,KEY
4.0,0.0,16.0,1.0,1.0,2.0,0.0,0.0,16.349851365001356,0.0,KEY
4.0,0.0,16.0,1.0,1.0,2.0,0.0,0.0,16.349851365001356,0.0,KEY
4.0,0.0,16.0,1.0,1.0,2.0,0.0,0.0,16.349851365001356,0.0,KEY
4.0,0.0,16.0,1.0,1.0,2.0,0.0,0.0,16.349851365001356,0.0,IV
5.800704882778696,0.0,64.0,1.0,0.0,2.0,0.0,0.0,34.93397837892341,0.0,PLAINTEXT
5.800704882778696,0.0,64.0,1.0,0.0,2.0,0.0,0.0,34.93397837892341,0.0,CIPHERTEXT
4.334962500721156,0.0,24.0,1.0,1.0,2.0,0.0,0.0,20.130942441415257,0.0,KEY
4.334962500721156,0.0,24.0,1.0,1.0,2.0,0.0,0.0,20.130942441415257,0.0,KEY
4.334962500721156,0.0,24.0,1.0,1.0,2.0,0.0,0.0,20.130942441415257,0.0,KEY
4.334962500721156,0.0,24.0,1.0,1.0,2.0,0.0,0.0,20.130942441415257,0.0,KEY
3.702819531114783,0.0,16.0,1.0,1.0,2.0,0.0,0.0,15.13513724128768,0.0,IV
5.90625,0.0,64.0,1.0,0.0,2.0,0.0,0.0,35.56960989569931,0.0,PLAINTEXT
5.644454882778696,0.0,64.0,1.0,0.0,2.0,0.0,0.0,33.99298340813772,0.0,CIPHERTEXT
4.875,0.0,32.0,1.0,0.0,2.0,0.0,0.0,24.59142133187246,0.0,KEY
4.875,0.0,32.0,1.0,0.0,2.0,0.0,0.0,24.59142133187246,0.0,KEY
4.875,0.0,32.0,1.0,0.0,2.0,0.0,0.0,24.59142133187246,0.0,KEY
4.875,0.0,32.0,1.0,0.0,2.0,0.0,0.0,24.59142133187246,0.0,KEY
3.75,0.0,16.0,1.0,1.0,2.0,0.0,0.0,15.32798565468877,0.0,IV
5.78125,0.0,64.0,1.0,0.0,2.0,0.0,0.0,34.81681391907075,0.0,PLAINTEXT
5.675704882778696,0.0,64.0,1.0,0.0,2.0,0.0,0.0,34.18118240229486,0.0,CIPHERTEXT
4.9375,0.0,32.0,1.0,0.0,2.0,0.0,0.0,24.906695964332364,0.0,KEY
4.418295834054489,0.0,24.0,1.0,1.0,2.0,0.0,0.0,20.517930457229816,0.0,IV
5.319235677759417,0.0,48.0,1.0,0.0,2.0,0.0,0.0,29.865964923084633,0.0,PLAINTEXT
5.663909765557392,0.0,64.0,1.0,0.0,2.0,0.0,0.0,34.11014786799038,0.0,CIPHERTEXT
4.9375,0.0,32.0,1.0,0.0,2.0,0.0,0.0,24.906695964332364,0.0,KEY
4.9375,0.0,32.0,1.0,0.0,2.0,0.0,0.0,24.906695964332364,0.0,KEY
5.41829583405449,0.0,48.0,1.0,0.0,2.0,0.0,0.0,30.422158957794167,0.0,PLAINTEXT
6.327099089240287,0.0,96.0,0.0,0.0,2.0,0.0,0.0,41.75830253286745,0.0,CIPHERTEXT
4.726409765557392,0.0,32.0,1.0,0.0,2.0,0.0,0.0,23.841873627056074,0.0,KEY
4.8125,0.0,32.0,1.0,0.0,2.0,0.0,0.0,24.276146699412557,0.0,KEY
5.78125,0.0,64.0,1.0,0.0,2.0,0.0,0.0,34.81681391907075,0.0,PLAINTEXT
5.8125,0.0,64.0,1.0,0.0,2.0,0.0,0.0,35.005012913227894,0.0,CIPHERTEXT
5.0,0.0,32.0,1.0,0.0,2.0,0.0,0.0,25.221970596792268,0.0,KEY
4.8125,0.0,32.0,1.0,0.0,2.0,0.0,0.0,24.276146699412557,0.0,KEY
4.418295834054489,0.0,24.0,1.0,1.0,2.0,0.0,0.0,20.517930457229816,0.0,IV
5.376629167387822,0.0,48.0,1.0,0.0,2.0,0.0,0.0,30.18821271428936,0.0,PLAINTEXT
5.695159765557392,0.0,64.0,1.0,0.0,2.0,0.0,0.0,34.29834686214752,0.0,CIPHERTEXT
4.9375,0.0,32.0,1.0,0.0,2.0,0.0,0.0,24.906695964332364,0.0,KEY
5.769454882778696,0.0,64.0,1.0,0.0,2.0,0.0,0.0,34.74577938476627,0.0,PLAINTEXT
4.9375,0.0,32.0,1.0,0.0,2.0,0.0,0.0,24.906695964332364,0.0,CIPHERTEXT
4.0,0.0,16.0,1.0,1.0,2.0,0.0,0.0,16.349851365001356,0.0,KEY
4.0,0.0,16.0,1.0,1.0,2.0,0.0,0.0,16.349851365001356,0.0,KEY
4.0,0.0,16.0,1.0,1.0,2.0,0.0,0.0,16.349851365001356,0.0,KEY
4.0,0.0,16.0,1.0,1.0,2.0,0.0,0.0,16.349851365001356,0.0,KEY
4.0,0.0,16.0,1.0,1.0,2.0,0.0,0.0,16.349851365001356,0.0,KEY
3.75,0.0,16.0,1.0,1.0,2.0,0.0,0.0,15.32798565468877,0.0,IV
5.738204882778696,0.0,64.0,1.0,0.0,2.0,0.0,0.0,34.55758039060913,0.0,PLAINTEXT
5.71875,0.0,64.0,1.0,0.0,2.0,0.0,0.0,34.44041593075647,0.0,CIPHERTEXT
4.418295834054489,0.0,24.0,1.0,1.0,2.0,0.0,0.0,20.517930457229816,0.0,KEY
4.418295834054489,0.0,24.0,1.0,1.0,2.0,0.0,0.0,20.517930457229816,0.0,KEY
4.418295834054489,0.0,24.0,1.0,1.0,2.0,0.0,0.0,20.517930457229816,0.0,KEY
4.418295834054489,0.0,24.0,1.0,1.0,2.0,0.0,0.0,20.517930457229816,0.0,KEY
4.0,0.0,16.0,1.0,1.0,2.0,0.0,0.0,16.349851365001356,0.0,IV
5.75,0.0,64.0,1.0,0.0,2.0,0.0,0.0,34.62861492491361,0.0,PLAINTEXT
5.78125,0.0,64.0,1.0,0.0,2.0,0.0,0.0,34.81681391907075,0.0,CIPHERTEXT
4.875,0.0,32.0,1.0,0.0,2.0,0.0,0.0,24.59142133187246,0.0,KEY
4.875,0.0,32.0,1.0,0.0,2.0,0.0,0.0,24.59142133187246,0.0,KEY
4.875,0.0,32.0,1.0,0.0,2.0,0.0,0.0,24.59142133187246,0.0,KEY
4.875,0.0,32.0,1.0,0.0,2.0,0.0,0.0,24.59142133187246,0.0,KEY
4.0,0.0,16.0,1.0,1.0,2.0,0.0,0.0,16.349851365001356,0.0,IV
5.8125,0.0,64.0,1.0,0.0,2.0,0.0,0.0,35.005012913227894,0.0,PLAINTEXT
5.8125,0.0,64.0,1.0,0.0,2.0,0.0,0.0,35.005012913227894,0.0,CIPHERTEXT
4.8125,0.0,32.0,1.0,0.0,2.0,0.0,0.0,24.276146699412557,0.0,KEY
4.584962500721156,0.0,24.0,1.0,1.0,2.0,0.0,0.0,21.291906488858938,0.0,IV
5.293295834054489,0.0,48.0,1.0,0.0,2.0,0.0,0.0,29.720320227279764,0.0,PLAINTEXT
5.84375,0.0,64.0,1.0,0.0,2.0,0.0,0.0,35.19321190738503,0.0,CIPHERTEXT
4.9375,0.0,32.0,1.0,0.0,2.0,0.0,0.0,24.906695964332364,0.0,KEY
4.9375,0.0,32.0,1.0,0.0,2.0,0.0,0.0,24.906695964332364,0.0,KEY
5.501629167387824,0.0,48.0,1.0,0.0,2.0,0.0,0.0,30.890051444803774,0.0,PLAINTEXT
6.235902344426084,0.0,96.0,0.0,0.0,2.0,0.0,0.0,41.15641196560253,0.0,CIPHERTEXT
4.9375,0.0,32.0,1.0,0.0,2.0,0.0,0.0,24.906695964332364,0.0,KEY
4.9375,0.0,32.0,1.0,0.0,2.0,0.0,0.0,24.906695964332364,0.0,KEY
5.75,0.0,64.0,1.0,0.0,2.0,0.0,0.0,34.62861492491361,0.0,PLAINTEXT
5.706954882778696,0.0,64.0,1.0,0.0,2.0,0.0,0.0,34.36938139645199,0.0,CIPHERTEXT
5.0,0.0,32.0,1.0,0.0,2.0,0.0,0.0,25.221970596792268,0.0,KEY
5.0,0.0,32.0,1.0,0.0,2.0,0.0,0.0,25.221970596792268,0.0,KEY
4.584962500721156,0.0,24.0,1.0,1.0,2.0,0.0,0.0,21.291906488858938,0.0,IV
5.501629167387824,0.0,48.0,1.0,0.0,2.0,0.0,0.0,30.890051444803774,0.0,PLAINTEXT
5.675704882778696,0.0,64.0,1.0,0.0,2.0,0.0,0.0,34.18118240229486,0.0,CIPHERTEXT
5.0,0.0,32.0,1.0,0.0,2.0,0.0,0.0,25.221970596792268,0.0,KEY
5.620864648336088,0.0,64.0,1.0,0.0,2.0,0.0,0.0,33.85091433952876,0.0,PLAINTEXT
4.851409765557392,0.0,32.0,1.0,0.0,2.0,0.0,0.0,24.47242289197588,0.0,CIPHERTEXT
3.875,0.0,16.0,1.0,1.0,2.0,0.0,0.0,15.838918509845064,0.0,KEY
3.875,0.0,16.0,1.0,1.0,2.0,0.0,0.0,15.838918509845064,0.0,KEY
3.875,0.0,16.0,1.0,1.0,2.0,0.0,0.0,15.838918509845064,0.0,KEY
3.875,0.0,16.0,1.0,1.0,2.0,0.0,0.0,15.838918509845064,0.0,KEY
3.875,0.0,16.0,1.0,1.0,2.0,0.0,0.0,15.838918509845064,0.0,KEY
4.0,0.0,16.0,1.0,1.0,2.0,0.0,0.0,16.349851365001356,0.0,IV
5.84375,0.0,64.0,1.0,0.0,2.0,0.0,0.0,35.19321190738503,0.0,PLAINTEXT
5.84375,0.0,64.0,1.0,0.0,2.0,0.0,0.0,35.19321190738503,0.0,CIPHERTEXT
4.584962500721156,0.0,24.0,1.0,1.0,2.0,0.0,0.0,21.291906488858938,0.0,KEY
4.584962500721156,0.0,24.0,1.0,1.0,2.0,0.0,0.0,21.291906488858938,0.0,KEY
4.584962500721156,0.0,24.0,1.0,1.0,2.0,0.0,0.0,21.291906488858938,0.0,KEY
4.584962500721156,0.0,24.0,1.0,1.0,2.0,0.0,0.0,21.291906488858938,0.0,KEY
3.875,0.0,16.0,1.0,1.0,2.0,0.0,0.0,15.838918509845064,0.0,IV
5.706954882778696,0.0,64.0,1.0,0.0,2.0,0.0,0.0,34.36938139645199,0.0,PLAINTEXT
5.78125,0.0,64.0,1.0,0.0,2.0,0.0,0.0,34.81681391907075,0.0,CIPHERTEXT
4.9375,0.0,32.0,1.0,0.0,2.0,0.0,0.0,24.906695964332364,0.0,KEY
4.9375,0.0,32.0,1.0,0.0,2.0,0.0,0.0,24.906695964332364,0.0,KEY
4.9375,0.0,32.0,1.0,0.0,2.0,0.0,0.0,24.906695964332364,0.0,KEY
4.9375,0.0,32.0,1.0,0.0,2.0,0.0,0.0,24.906695964332364,0.0,KEY
4.0,0.0,16.0,1.0,1.0,2.0,0.0,0.0,16.349851365001356,0.0,IV
5.706954882778696,0.0,64.0,1.0,0.0,2.0,0.0,0.0,34.36938139645199,0.0,PLAINTEXT
5.75,0.0,64.0,1.0,0.0,2.0,0.0,0.0,34.62861492491361,0.0,CIPHERTEXT
4.9375,0.0,32.0,1.0,0.0,2.0,0.0,0.0,24.906695964332364,0.0,KEY
4.584962500721156,0.0,24.0,1.0,1.0,2.0,0.0,0.0,21.291906488858938,0.0,IV
5.334962500721156,0.0,48.0,1.0,0.0,2.0,0.0,0.0,29.954266470784564,0.0,PLAINTEXT
5.706954882778696,0.0,64.0,1.0,0.0,2.0,0.0,0.0,34.36938139645199,0.0,CIPHERTEXT
4.9375,0.0,32.0,1.0,0.0,2.0,0.0,0.0,24.906695964332364,0.0,KEY
4.875,0.0,32.0,1.0,0.0,2.0,0.0,0.0,24.59142133187246,0.0,KEY
5.459962500721157,0.0,48.0,1.0,0.0,2.0,0.0,0.0,30.65610520129897,0.0,PLAINTEXT
6.235902344426084,0.0,96.0,0.0,0.0,2.0,0.0,0.0,41.15641196560253,0.0,CIPHERTEXT
4.663909765557392,0.0,32.0,1.0,0.0,2.0,0.0,0.0,23.52659899459617,0.0,KEY
4.8125,0.0,32.0,1.0,0.0,2.0,0.0,0.0,24.276146699412557,0.0,KEY
5.65625,0.0,64.0,1.0,0.0,2.0,0.0,0.0,34.06401794244219,0.0,PLAINTEXT
5.706954882778696,0.0,64.0,1.0,0.0,2.0,0.0,0.0,34.36938139645199,0.0,CIPHERTEXT
5.0,0.0,32.0,1.0,0.0,2.0,0.0,0.0,25.221970596792268,0.0,KEY
4.8125,0.0,32.0,1.0,0.0,2.0,0.0,0.0,24.276146699412557,0.0,KEY
4.418295834054489,0.0,24.0,1.0,1.0,2.0,0.0,0.0,20.517930457229816,0.0,IV
5.459962500721156,0.0,48.0,1.0,0.0,2.0,0.0,0.0,30.656105201298967,0.0,PLAINTEXT
5.644454882778696,0.0,64.0,1.0,0.0,2.0,0.0,0.0,33.99298340813772,0.0,CIPHERTEXT
5.0,0.0,32.0,1.0,0.0,2.0,0.0,0.0,25.221970596792268,0.0,KEY
5.706954882778696,0.0,64.0,1.0,0.0,2.0,0.0,0.0,34.36938139645199,0.0,PLAINTEXT
4.9375,0.0,32.0,1.0,0.0,2.0,0.0,0.0,24.906695964332364,0.0,CIPHERTEXT
4.0,0.0,16.0,1.0,1.0,2.0,0.0,0.0,16.349851365001356,0.0,KEY
4.0,0.0,16.0,1.0,1.0,2.0,0.0,0.0,16.349851365001356,0.0,KEY
4.0,0.0,16.0,1.0,1.0,2.0,0.0,0.0,16.349851365001356,0.0,KEY
4.0,0.0,16.0,1.0,1.0,2.0,0.0,0.0,16.349851365001356,0.0,KEY
4.0,0.0,16.0,1.0,1.0,2.0,0.0,0.0,16.349851365001356,0.0,KEY
4.0,0.0,16.0,1.0,1.0,2.0,0.0,0.0,16.349851365001356,0.0,IV
5.8125,0.0,64.0,1.0,0.0,2.0,0.0,0.0,35.005012913227894,0.0,PLAINTEXT
5.8125,0.0,64.0,1.0,0.0,2.0,0.0,0.0,35.005012913227894,0.0,CIPHERTEXT
4.501629167387822,0.0,24.0,1.0,1.0,2.0,0.0,0.0,20.904918473044376,0.0,KEY
4.501629167387822,0.0,24.0,1.0,1.0,2.0,0.0,0.0,20.904918473044376,0.0,KEY
4.501629167387822,0.0,24.0,1.0,1.0,2.0,0.0,0.0,20.904918473044376,0.0,KEY
4.501629167387822,0.0,24.0,1.0,1.0,2.0,0.0,0.0,20.904918473044376,0.0,KEY
3.75,0.0,16.0,1.0,1.0,2.0,0.0,0.0,15.32798565468877,0.0,IV
5.683364648336088,0.0,64.0,1.0,0.0,2.0,0.0,0.0,34.22731232784304,0.0,PLAINTEXT
5.769454882778696,0.0,64.0,1.0,0.0,2.0,0.0,0.0,34.74577938476627,0.0,CIPHERTEXT
4.625,0.0,32.0,1.0,0.0,2.0,0.0,0.0,23.330322802032846,0.0,KEY
4.625,0.0,32.0,1.0,0.0,2.0,0.0,0.0,23.330322802032846,0.0,KEY
4.625,0.0,32.0,1.0,0.0,2.0,0.0,0.0,23.330322802032846,0.0,KEY
4.625,0.0,32.0,1.0,0.0,2.0,0.0,0.0,23.330322802032846,0.0,KEY
4.0,0.0,16.0,1.0,1.0,2.0,0.0,0.0,16.349851365001356,0.0,IV
5.875,0.0,64.0,1.0,0.0,2.0,0.0,0.0,35.38141090154217,0.0,PLAINTEXT
5.6875,0.0,64.0,1.0,0.0,2.0,0.0,0.0,34.25221693659933,0.0,CIPHERTEXT
4.9375,0.0,32.0,1.0,0.0,2.0,0.0,0.0,24.906695964332364,0.0,KEY
4.584962500721156,0.0,24.0,1.0,1.0,2.0,0.0,0.0,21.291906488858938,0.0,IV
5.376629167387822,0.0,48.0,1.0,0.0,2.0,0.0,0.0,30.18821271428936,0.0,PLAINTEXT
5.695159765557392,0.0,64.0,1.0,0.0,2.0,0.0,0.0,34.29834686214752,0.0,CIPHERTEXT
4.75,0.0,32.0,1.0,0.0,2.0,0.0,0.0,23.960872066952653,0.0,KEY
4.875,0.0,32.0,1.0,0.0,2.0,0.0,0.0,24.59142133187246,0.0,KEY
5.501629167387824,0.0,48.0,1.0,0.0,2.0,0.0,0.0,30.890051444803774,0.0,PLAINTEXT
6.314129167387823,0.0,96.0,0.0,0.0,2.0,0.0,0.0,41.67270217907121,0.0,CIPHERTEXT
4.6875,0.0,32.0,1.0,0.0,2.0,0.0,0.0,23.64559743449275,0.0,KEY
4.8125,0.0,32.0,1.0,0.0,2.0,0.0,0.0,24.276146699412557,0.0,KEY
5.620864648336088,0.0,64.0,1.0,0.0,2.0,0.0,0.0,33.85091433952876,0.0,PLAINTEXT
5.706954882778696,0.0,64.0,1.0,0.0,2.0,0.0,0.0,34.36938139645199,0.0,CIPHERTEXT
4.875,0.0,32.0,1.0,0.0,2.0,0.0,0.0,24.59142133187246,0.0,KEY
4.875,0.0,32.0,1.0,0.0,2.0,0.0,0.0,24.59142133187246,0.0,KEY
4.501629167387822,0.0,24.0,1.0,1.0,2.0,0.0,0.0,20.904918473044376,0.0,IV
5.418295834054488,0.0,48.0,1.0,0.0,2.0,0.0,0.0,30.42215895779416,0.0,PLAINTEXT
5.78125,0.0,64.0,1.0,0.0,2.0,0.0,0.0,34.81681391907075,0.0,CIPHERTEXT
4.9375,0.0,32.0,1.0,0.0,2.0,0.0,0.0,24.906695964332364,0.0,KEY
5.769454882778696,0.0,64.0,1.0,0.0,2.0,0.0,0.0,34.74577938476627,0.0,PLAINTEXT
4.75,0.0,32.0,1.0,0.0,2.0,0.0,0.0,23.960872066952653,0.0,CIPHERTEXT
4.0,0.0,16.0,1.0,1.0,2.0,0.0,0.0,16.349851365001356,0.0,KEY
4.0,0.0,16.0,1.0,1.0,2.0,0.0,0.0,16.349851365001356,0.0,KEY
4.0,0.0,16.0,1.0,1.0,2.0,0.0,0.0,16.349851365001356,0.0,KEY
4.0,0.0,16.0,1.0,1.0,2.0,0.0,0.0,16.349851365001356,0.0,KEY
4.0,0.0,16.0,1.0,1.0,2.0,0.0,0.0,16.349851365001356,0.0,KEY
4.0,0.0,16.0,1.0,1.0,2.0,0.0,0.0,16.349851365001356,0.0,KEY
4.0,0.0,16.0,1.0,1.0,2.0,0.0,0.0,16.349851365001356,0.0,IV
5.84375,0.0,64.0,1.0,0.0,2.0,0.0,0.0,35.19321190738503,0.0,PLAINTEXT
5.8125,0.0,64.0,1.0,0.0,2.0,0.0,0.0,35.005012913227894,0.0,CIPHERTEXT
4.418295834054489,0.0,24.0,1.0,1.0,2.0,0.0,0.0,20.517930457229816,0.0,KEY
4.418295834054489,0.0,24.0,1.0,1.0,2.0,0.0,0.0,20.517930457229816,0.0,KEY
4.418295834054489,0.0,24.0,1.0,1.0,2.0,0.0,0.0,20.517930457229816,0.0,KEY
4.418295834054489,0.0,24.0,1.0,1.0,2.0,0.0,0.0,20.517930457229816,0.0,KEY
3.875,0.0,16.0,1.0,1.0,2.0,0.0,0.0,15.838918509845064,0.0,IV
5.738204882778696,0.0,64.0,1.0,0.0,2.0,0.0,0.0,34.55758039060913,0.0,PLAINTEXT
5.875,0.0,64.0,1.0,0.0,2.0,0.0,0.0,35.38141090154217,0.0,CIPHERTEXT
4.75,0.0,32.0,1.0,0.0,2.0,0.0,0.0,23.960872066952653,0.0,KEY
4.75,0.0,32.0,1.0,0.0,2.0,0.0,0.0,23.960872066952653,0.0,KEY
4.75,0.0,32.0,1.0,0.0,2.0,0.0,0.0,23.960872066952653,0.0,KEY
4.75,0.0,32.0,1.0,0.0,2.0,0.0,0.0,23.960872066952653,0.0,KEY
4.0,0.0,16.0,1.0,1.0,2.0,0.0,0.0,16.349851365001356,0.0,IV
5.8125,0.0,64.0,1.0,0.0,2.0,0.0,0.0,35.005012913227894,0.0,PLAINTEXT
5.769454882778696,0.0,64.0,1.0,0.0,2.0,0.0,0.0,34.74577938476627,0.0,CIPHERTEXT
5.0,0.0,32.0,1.0,0.0,2.0,0.0,0.0,25.221970596792268,0.0,KEY
4.584962500721156,0.0,24.0,1.0,1.0,2.0,0.0,0.0,21.291906488858938,0.0,IV
5.376629167387822,0.0,48.0,1.0,0.0,2.0,0.0,0.0,30.18821271428936,0.0,PLAINTEXT
5.84375,0.0,64.0,1.0,0.0,2.0,0.0,0.0,35.19321190738503,0.0,CIPHERTEXT
4.9375,0.0,32.0,1.0,0.0,2.0,0.0,0.0,24.906695964332364,0.0,KEY
4.9375,0.0,32.0,1.0,0.0,2.0,0.0,0.0,24.906695964332364,0.0,KEY
5.501629167387824,0.0,48.0,1.0,0.0,2.0,0.0,0.0,30.890051444803774,0.0,PLAINTEXT
6.22293242257362,0.0,96.0,0.0,0.0,2.0,0.0,0.0,41.070811611806285,0.0,CIPHERTEXT
5.0,0.0,32.0,1.0,0.0,2.0,0.0,0.0,25.221970596792268,0.0,KEY
4.9375,0.0,32.0,1.0,0.0,2.0,0.0,0.0,24.906695964332364,0.0,KEY
5.71875,0.0,64.0,1.0,0.0,2.0,0.0,0.0,34.44041593075647,0.0,PLAINTEXT
5.570159765557392,0.0,64.0,1.0,0.0,2.0,0.0,0.0,33.545550885518956,0.0,CIPHERTEXT
4.9375,0.0,32.0,1.0,0.0,2.0,0.0,0.0,24.906695964332364,0.0,KEY
4.875,0.0,32.0,1.0,0.0,2.0,0.0,0.0,24.59142133187246,0.0,KEY
4.584962500721156,0.0,24.0,1.0,1.0,2.0,0.0,0.0,21.291906488858938,0.0,IV
5.376629167387823,0.0,48.0,1.0,0.0,2.0,0.0,0.0,30.188212714289367,0.0,PLAINTEXT
5.800704882778696,0.0,64.0,1.0,0.0,2.0,0.0,0.0,34.93397837892341,0.0,CIPHERTEXT
5.0,0.0,32.0,1.0,0.0,2.0,0.0,0.0,25.221970596792268,0.0,KEY
5.8125,0.0,64.0,1.0,0.0,2.0,0.0,0.0,35.005012913227894,0.0,PLAINTEXT
4.8125,0.0,32.0,1.0,0.0,2.0,0.0,0.0,24.276146699412557,0.0,CIPHERTEXT
4.0,0.0,16.0,1.0,1.0,2.0,0.0,0.0,16.349851365001356,0.0,KEY
4.0,0.0,16.0,1.0,1.0,2.0,0.0,0.0,16.349851365001356,0.0,KEY
4.0,0.0,16.0,1.0,1.0,2.0,0.0,0.0,16.349851365001356,0.0,KEY
4.0,0.0,16.0,1.0,1.0,2.0,0.0,0.0,16.349851365001356,0.0,KEY
4.0,0.0,16.0,1.0,1.0,2.0,0.0,0.0,16.349851365001356,0.0,KEY
4.0,0.0,16.0,1.0,1.0,2.0,0.0,0.0,16.349851365001356,0.0,IV
5.90625,0.0,64.0,1.0,0.0,2.0,0.0,0.0,35.56960989569931,0.0,PLAINTEXT
5.875,0.0,64.0,1.0,0.0,2.0,0.0,0.0,35.38141090154217,0.0,CIPHERTEXT
4.584962500721156,0.0,24.0,1.0,1.0,2.0,0.0,0.0,21.291906488858938,0.0,KEY
4.584962500721156,0.0,24.0,1.0,1.0,2.0,0.0,0.0,21.291906488858938,0.0,KEY
4.584962500721156,0.0,24.0,1.0,1.0,2.0,0.0,0.0,21.291906488858938,0.0,KEY
4.584962500721156,0.0,24.0,1.0,1.0,2.0,0.0,0.0,21.291906488858938,0.0,KEY
4.0,0.0,16.0,1.0,1.0,2.0,0.0,0.0,16.349851365001356,0.0,IV
5.8125,0.0,64.0,1.0,0.0,2.0,0.0,0.0,35.005012913227894,0.0,PLAINTEXT
5.84375,0.0,64.0,1.0,0.0,2.0,0.0,0.0,35.19321190738503,0.0,CIPHERTEXT
4.9375,0.0,32.0,1.0,0.0,2.0,0.0,0.0,24.906695964332364,0.0,KEY
4.9375,0.0,32.0,1.0,0.0,2.0,0.0,0.0,24.906695964332364,0.0,KEY
4.9375,0.0,32.0,1.0,0.0,2.0,0.0,0.0,24.906695964332364,0.0,KEY
4.9375,0.0,32.0,1.0,0.0,2.0,0.0,0.0,24.906695964332364,0.0,KEY
4.0,0.0,16.0,1.0,1.0,2.0,0.0,0.0,16.349851365001356,0.0,IV
5.738204882778696,0.0,64.0,1.0,0.0,2.0,0.0,0.0,34.55758039060913,0.0,PLAINTEXT
5.769454882778696,0.0,64.0,1.0,0.0,2.0,0.0,0.0,34.74577938476627,0.0,CIPHERTEXT
4.875,0.0,32.0,1.0,0.0,2.0,0.0,0.0,24.59142133187246,0.0,KEY
4.501629167387822,0.0,24.0,1.0,1.0,2.0,0.0,0.0,20.904918473044376,0.0,IV
5.41829583405449,0.0,48.0,1.0,0.0,2.0,0.0,0.0,30.422158957794167,0.0,PLAINTEXT
5.78125,0.0,64.0,1.0,0.0,2.0,0.0,0.0,34.81681391907075,0.0,CIPHERTEXT
4.851409765557392,0.0,32.0,1.0,0.0,2.0,0.0,0.0,24.47242289197588,0.0,KEY
4.663909765557392,0.0,32.0,1.0,0.0,2.0,0.0,0.0,23.52659899459617,0.0,KEY
5.293295834054489,0.0,48.0,1.0,0.0,2.0,0.0,0.0,29.720320227279764,0.0,PLAINTEXT
6.222932422573622,0.0,96.0,0.0,0.0,2.0,0.0,0.0,41.0708116118063,0.0,CIPHERTEXT
4.875,0.0,32.0,1.0,0.0,2.0,0.0,0.0,24.59142133187246,0.0,KEY
4.875,0.0,32.0,1.0,0.0,2.0,0.0,0.0,24.59142133187246,0.0,KEY
5.75,0.0,64.0,1.0,0.0,2.0,0.0,0.0,34.62861492491361,0.0,PLAINTEXT
5.800704882778696,0.0,64.0,1.0,0.0,2.0,0.0,0.0,34.93397837892341,0.0,CIPHERTEXT
4.75,0.0,32.0,1.0,0.0,2.0,0.0,0.0,23.960872066952653,0.0,KEY
4.9375,0.0,32.0,1.0,0.0,2.0,0.0,0.0,24.906695964332364,0.0,KEY
4.584962500721156,0.0,24.0,1.0,1.0,2.0,0.0,0.0,21.291906488858938,0.0,IV
5.376629167387823,0.0,48.0,1.0,0.0,2.0,0.0,0.0,30.188212714289367,0.0,PLAINTEXT
5.78125,0.0,64.0,1.0,0.0,2.0,0.0,0.0,34.81681391907075,0.0,CIPHERTEXT
4.726409765557392,0.0,32.0,1.0,0.0,2.0,0.0,0.0,23.841873627056074,0.0,KEY
5.8125,0.0,64.0,1.0,0.0,2.0,0.0,0.0,35.005012913227894,0.0,PLAINTEXT
4.8125,0.0,32.0,1.0,0.0,2.0,0.0,0.0,24.276146699412557,0.0,CIPHERTEXT
3.75,0.0,16.0,1.0,1.0,2.0,0.0,0.0,15.32798565468877,0.0,KEY
3.75,0.0,16.0,1.0,1.0,2.0,0.0,0.0,15.32798565468877,0.0,KEY
3.75,0.0,16.0,1.0,1.0,2.0,0.0,0.0,15.32798565468877,0.0,KEY
3.75,0.0,16.0,1.0,1.0,2.0,0.0,0.0,15.32798565468877,0.0,KEY
3.75,0.0,16.0,1.0,1.0,2.0,0.0,0.0,15.32798565468877,0.0,KEY
3.75,0.0,16.0,1.0,1.0,2.0,0.0,0.0,15.32798565468877,0.0,KEY
4.0,0.0,16.0,1.0,1.0,2.0,0.0,0.0,16.349851365001356,0.0,IV
5.6875,0.0,64.0,1.0,0.0,2.0,0.0,0.0,34.25221693659933,0.0,PLAINTEXT
5.675704882778696,0.0,64.0,1.0,0.0,2.0,0.0,0.0,34.18118240229486,0.0,CIPHERTEXT
4.584962500721156,0.0,24.0,1.0,1.0,2.0,0.0,0.0,21.291906488858938,0.0,KEY
4.584962500721156,0.0,24.0,1.0,1.0,2.0,0.0,0.0,21.291906488858938,0.0,KEY
4.584962500721156,0.0,24.0,1.0,1.0,2.0,0.0,0.0,21.291906488858938,0.0,KEY
4.584962500721156,0.0,24.0,1.0,1.0,2.0,0.0,0.0,21.291906488858938,0.0,KEY
4.0,0.0,16.0,1.0,1.0,2.0,0.0,0.0,16.349851365001356,0.0,IV
5.738204882778696,0.0,64.0,1.0,0.0,2.0,0.0,0.0,34.55758039060913,0.0,PLAINTEXT
5.71875,0.0,64.0,1.0,0.0,2.0,0.0,0.0,34.44041593075647,0.0,CIPHERTEXT
5.0,0.0,32.0,1.0,0.0,2.0,0.0,0.0,25.221970596792268,0.0,KEY
5.0,0.0,32.0,1.0,0.0,2.0,0.0,0.0,25.221970596792268,0.0,KEY
5.0,0.0,32.0,1.0,0.0,2.0,0.0,0.0,25.221970596792268,0.0,KEY
5.0,0.0,32.0,1.0,0.0,2.0,0.0,0.0,25.221970596792268,0.0,KEY
3.875,0.0,16.0,1.0,1.0,2.0,0.0,0.0,15.838918509845064,0.0,IV
5.71875,0.0,64.0,1.0,0.0,2.0,0.0,0.0,34.44041593075647,0.0,PLAINTEXT
5.8125,0.0,64.0,1.0,0.0,2.0,0.0,0.0,35.005012913227894,0.0,CIPHERTEXT
4.9375,0.0,32.0,1.0,0.0,2.0,0.0,0.0,24.906695964332364,0.0,KEY
4.584962500721156,0.0,24.0,1.0,1.0,2.0,0.0,0.0,21.291906488858938,0.0,IV
5.319235677759417,0.0,48.0,1.0,0.0,2.0,0.0,0.0,29.865964923084633,0.0,PLAINTEXT
5.738204882778696,0.0,64.0,1.0,0.0,2.0,0.0,0.0,34.55758039060913,0.0,CIPHERTEXT
5.0,0.0,32.0,1.0,0.0,2.0,0.0,0.0,25.221970596792268,0.0,KEY
4.9375,0.0,32.0,1.0,0.0,2.0,0.0,0.0,24.906695964332364,0.0,KEY
5.376629167387822,0.0,48.0,1.0,0.0,2.0,0.0,0.0,30.18821271428936,0.0,PLAINTEXT
6.35579583405449,0.0,96.0,0.0,0.0,2.0,0.0,0.0,41.947698547495676,0.0,CIPHERTEXT
4.875,0.0,32.0,1.0,0.0,2.0,0.0,0.0,24.59142133187246,0.0,KEY
4.9375,0.0,32.0,1.0,0.0,2.0,0.0,0.0,24.906695964332364,0.0,KEY
5.663909765557392,0.0,64.0,1.0,0.0,2.0,0.0,0.0,34.11014786799038,0.0,PLAINTEXT
5.78125,0.0,64.0,1.0,0.0,2.0,0.0,0.0,34.81681391907075,0.0,CIPHERTEXT
4.8125,0.0,32.0,1.0,0.0,2.0,0.0,0.0,24.276146699412557,0.0,KEY
4.9375,0.0,32.0,1.0,0.0,2.0,0.0,0.0,24.906695964332364,0.0,KEY
4.584962500721156,0.0,24.0,1.0,1.0,2.0,0.0,0.0,21.291906488858938,0.0,IV
5.584962500721155,0.0,48.0,1.0,0.0,2.0,0.0,0.0,31.357943931813363,0.0,PLAINTEXT
5.71875,0.0,64.0,1.0,0.0,2.0,0.0,0.0,34.44041593075647,0.0,CIPHERTEXT
5.0,0.0,32.0,1.0,0.0,2.0,0.0,0.0,25.221970596792268,0.0,KEY
5.8125,0.0,64.0,1.0,0.0,2.0,0.0,0.0,35.005012913227894,0.0,PLAINTEXT
4.9375,0.0,32.0,1.0,0.0,2.0,0.0,0.0,24.906695964332364,0.0,CIPHERTEXT
4.0,0.0,16.0,1.0,1.0,2.0,0.0,0.0,16.349851365001356,0.0,KEY
4.0,0.0,16.0,1.0,1.0,2.0,0.0,0.0,16.349851365001356,0.0,KEY
4.0,0.0,16.0,1.0,1.0,2.0,0.0,0.0,16.349851365001356,0.0,KEY
4.0,0.0,16.0,1.0,1.0,2.0,0.0,0.0,16.349851365001356,0.0,KEY
4.0,0.0,16.0,1.0,1.0,2.0,0.0,0.0,16.349851365001356,0.0,KEY
3.75,0.0,16.0,1.0,1.0,2.0,0.0,0.0,15.32798565468877,0.0,IV
5.75,0.0,64.0,1.0,0.0,2.0,0.0,0.0,34.62861492491361,0.0,PLAINTEXT
5.706954882778696,0.0,64.0,1.0,0.0,2.0,0.0,0.0,34.36938139645199,0.0,CIPHERTEXT
4.251629167387822,0.0,24.0,1.0,1.0,2.0,0.0,0.0,19.743954425600695,0.0,KEY
4.251629167387822,0.0,24.0,1.0,1.0,2.0,0.0,0.0,19.743954425600695,0.0,KEY
4.251629167387822,0.0,24.0,1.0,1.0,2.0,0.0,0.0,19.743954425600695,0.0,KEY
4.251629167387822,0.0,24.0,1.0,1.0,2.0,0.0,0.0,19.743954425600695,0.0,KEY
4.0,0.0,16.0,1.0,1.0,2.0,0.0,0.0,16.349851365001356,0.0,IV
5.769454882778696,0.0,64.0,1.0,0.0,2.0,0.0,0.0,34.74577938476627,0.0,PLAINTEXT
5.75,0.0,64.0,1.0,0.0,2.0,0.0,0.0,34.62861492491361,0.0,CIPHERTEXT
4.9375,0.0,32.0,1.0,0.0,2.0,0.0,0.0,24.906695964332364,0.0,KEY
4.9375,0.0,32.0,1.0,0.0,2.0,0.0,0.0,24.906695964332364,0.0,KEY
4.9375,0.0,32.0,1.0,0.0,2.0,0.0,0.0,24.906695964332364,0.0,KEY
4.9375,0.0,32.0,1.0,0.0,2.0,0.0,0.0,24.906695964332364,0.0,KEY
3.702819531114783,0.0,16.0,1.0,1.0,2.0,0.0,0.0,15.13513724128768,0.0,IV
5.78125,0.0,64.0,1.0,0.0,2.0,0.0,0.0,34.81681391907075,0.0,PLAINTEXT
5.65625,0.0,64.0,1.0,0.0,2.0,0.0,0.0,34.06401794244219,0.0,CIPHERTEXT
4.8125,0.0,32.0,1.0,0.0,2.0,0.0,0.0,24.276146699412557,0.0,KEY
4.418295834054489,0.0,24.0,1.0,1.0,2.0,0.0,0.0,20.517930457229816,0.0,IV
5.334962500721156,0.0,48.0,1.0,0.0,2.0,0.0,0.0,29.954266470784564,0.0,PLAINTEXT
5.738204882778696,0.0,64.0,1.0,0.0,2.0,0.0,0.0,34.55758039060913,0.0,CIPHERTEXT
4.75,0.0,32.0,1.0,0.0,2.0,0.0,0.0,23.960872066952653,0.0,KEY
4.875,0.0,32.0,1.0,0.0,2.0,0.0,0.0,24.59142133187246,0.0,KEY
5.418295834054489,0.0,48.0,1.0,0.0,2.0,0.0,0.0,30.422158957794164,0.0,PLAINTEXT
6.269705599611882,0.0,96.0,0.0,0.0,2.0,0.0,0.0,41.37951050361101,0.0,CIPHERTEXT
4.9375,0.0,32.0,1.0,0.0,2.0,0.0,0.0,24.906695964332364,0.0,KEY
4.8125,0.0,32.0,1.0,0.0,2.0,0.0,0.0,24.276146699412557,0.0,KEY
5.714614648336088,0.0,64.0,1.0,0.0,2.0,0.0,0.0,34.41551132200018,0.0,PLAINTEXT
5.8125,0.0,64.0,1.0,0.0,2.0,0.0,0.0,35.005012913227894,0.0,CIPHERTEXT
4.75,0.0,32.0,1.0,0.0,2.0,0.0,0.0,23.960872066952653,0.0,KEY
4.9375,0.0,32.0,1.0,0.0,2.0,0.0,0.0,24.906695964332364,0.0,KEY
4.418295834054489,0.0,24.0,1.0,1.0,2.0,0.0,0.0,20.517930457229816,0.0,IV
5.459962500721157,0.0,48.0,1.0,0.0,2.0,0.0,0.0,30.65610520129897,0.0,PLAINTEXT
5.738204882778696,0.0,64.0,1.0,0.0,2.0,0.0,0.0,34.55758039060913,0.0,CIPHERTEXT
4.9375,0.0,32.0,1.0,0.0,2.0,0.0,0.0,24.906695964332364,0.0,KEY
5.8125,0.0,64.0,1.0,0.0,2.0,0.0,0.0,35.005012913227894,0.0,PLAINTEXT
4.875,0.0,32.0,1.0,0.0,2.0,0.0,0.0,24.59142133187246,0.0,CIPHERTEXT
3.875,0.0,16.0,1.0,1.0,2.0,0.0,0.0,15.838918509845064,0.0,KEY
3.875,0.0,16.0,1.0,1.0,2.0,0.0,0.0,15.838918509845064,0.0,KEY
3.875,0.0,16.0,1.0,1.0,2.0,0.0,0.0,15.838918509845064,0.0,KEY
3.875,0.0,16.0,1.0,1.0,2.0,0.0,0.0,15.838918509845064,0.0,KEY
3.875,0.0,16.0,1.0,1.0,2.0,0.0,0.0,15.838918509845064,0.0,KEY
4.0,0.0,16.0,1.0,1.0,2.0,0.0,0.0,16.349851365001356,0.0,IV
5.675704882778696,0.0,64.0,1.0,0.0,2.0,0.0,0.0,34.18118240229486,0.0,PLAINTEXT
5.8125,0.0,64.0,1.0,0.0,2.0,0.0,0.0,35.005012913227894,0.0,CIPHERTEXT
4.501629167387822,0.0,24.0,1.0,1.0,2.0,0.0,0.0,20.904918473044376,0.0,KEY
4.501629167387822,0.0,24.0,1.0,1.0,2.0,0.0,0.0,20.904918473044376,0.0,KEY
4.501629167387822,0.0,24.0,1.0,1.0,2.0,0.0,0.0,20.904918473044376,0.0,KEY
4.501629167387822,0.0,24.0,1.0,1.0,2.0,0.0,0.0,20.904918473044376,0.0,KEY
3.875,0.0,16.0,1.0,1.0,2.0,0.0,0.0,15.838918509845064,0.0,IV
5.75,0.0,64.0,1.0,0.0,2.0,0.0,0.0,34.62861492491361,0.0,PLAINTEXT
5.726409765557392,0.0,64.0,1.0,0.0,2.0,0.0,0.0,34.48654585630465,0.0,CIPHERTEXT
4.9375,0.0,32.0,1.0,0.0,2.0,0.0,0.0,24.906695964332364,0.0,KEY
4.9375,0.0,32.0,1.0,0.0,2.0,0.0,0.0,24.906695964332364,0.0,KEY
4.9375,0.0,32.0,1.0,0.0,2.0,0.0,0.0,24.906695964332364,0.0,KEY
4.9375,0.0,32.0,1.0,0.0,2.0,0.0,0.0,24.906695964332364,0.0,KEY
4.0,0.0,16.0,1.0,1.0,2.0,0.0,0.0,16.349851365001356,0.0,IV
5.84375,0.0,64.0,1.0,0.0,2.0,0.0,0.0,35.19321190738503,0.0,PLAINTEXT
5.90625,0.0,64.0,1.0,0.0,2.0,0.0,0.0,35.56960989569931,0.0,CIPHERTEXT
4.9375,0.0,32.0,1.0,0.0,2.0,0.0,0.0,24.906695964332364,0.0,KEY
4.418295834054489,0.0,24.0,1.0,1.0,2.0,0.0,0.0,20.517930457229816,0.0,IV
5.444235677759418,0.0,48.0,1.0,0.0,2.0,0.0,0.0,30.56780365359904,0.0,PLAINTEXT
5.75,0.0,64.0,1.0,0.0,2.0,0.0,0.0,34.62861492491361,0.0,CIPHERTEXT
4.9375,0.0,32.0,1.0,0.0,2.0,0.0,0.0,24.906695964332364,0.0,KEY
4.9375,0.0,32.0,1.0,0.0,2.0,0.0,0.0,24.906695964332364,0.0,KEY
5.584962500721155,0.0,48.0,1.0,0.0,2.0,0.0,0.0,31.357943931813363,0.0,PLAINTEXT
6.22293242257362,0.0,96.0,0.0,0.0,2.0,0.0,0.0,41.070811611806285,0.0,CIPHERTEXT
5.0,0.0,32.0,1.0,0.0,2.0,0.0,0.0,25.221970596792268,0.0,KEY
5.0,0.0,32.0,1.0,0.0,2.0,0.0,0.0,25.221970596792268,0.0,KEY
5.84375,0.0,64.0,1.0,0.0,2.0,0.0,0.0,35.19321190738503,0.0,PLAINTEXT
5.695159765557392,0.0,64.0,1.0,0.0,2.0,0.0,0.0,34.29834686214752,0.0,CIPHERTEXT
4.875,0.0,32.0,1.0,0.0,2.0,0.0,0.0,24.59142133187246,0.0,KEY
4.9375,0.0,32.0,1.0,0.0,2.0,0.0,0.0,24.906695964332364,0.0,KEY
4.584962500721156,0.0,24.0,1.0,1.0,2.0,0.0,0.0,21.291906488858938,0.0,IV
5.41829583405449,0.0,48.0,1.0,0.0,2.0,0.0,0.0,30.422158957794167,0.0,PLAINTEXT
5.84375,0.0,64.0,1.0,0.0,2.0,0.0,0.0,35.19321190738503,0.0,CIPHERTEXT
4.9375,0.0,32.0,1.0,0.0,2.0,0.0,0.0,24.906695964332364,0.0,KEY
5.769454882778696,0.0,64.0,1.0,0.0,2.0,0.0,0.0,34.74577938476627,0.0,PLAINTEXT
4.9375,0.0,32.0,1.0,0.0,2.0,0.0,0.0,24.906695964332364,0.0,CIPHERTEXT
4.0,0.0,16.0,1.0,1.0,2.0,0.0,0.0,16.349851365001356,0.0,KEY
4.0,0.0,16.0,1.0,1.0,2.0,0.0,0.0,16.349851365001356,0.0,KEY
3.875,0.0,16.0,1.0,1.0,2.0,0.0,0.0,15.838918509845064,0.0,IV
5.6875,0.0,64.0,1.0,0.0,2.0,0.0,0.0,34.25221693659933,0.0,PLAINTEXT
5.875,0.0,64.0,1.0,0.0,2.0,0.0,0.0,35.38141090154217,0.0,CIPHERTEXT
4.501629167387822,0.0,24.0,1.0,1.0,2.0,0.0,0.0,20.904918473044376,0.0,KEY
4.501629167387822,0.0,24.0,1.0,1.0,2.0,0.0,0.0,20.904918473044376,0.0,KEY
4.501629167387822,0.0,24.0,1.0,1.0,2.0,0.0,0.0,20.904918473044376,0.0,KEY
4.501629167387822,0.0,24.0,1.0,1.0,2.0,0.0,0.0,20.904918473044376,0.0,KEY
3.75,0.0,16.0,1.0,1.0,2.0,0.0,0.0,15.32798565468877,0.0,IV
5.65625,0.0,64.0,1.0,0.0,2.0,0.0,0.0,34.06401794244219,0.0,PLAINTEXT
5.675704882778696,0.0,64.0,1.0,0.0,2.0,0.0,0.0,34.18118240229486,0.0,CIPHERTEXT
4.8125,0.0,32.0,1.0,0.0,2.0,0.0,0.0,24.276146699412557,0.0,KEY
4.8125,0.0,32.0,1.0,0.0,2.0,0.0,0.0,24.276146699412557,0.0,KEY
4.8125,0.0,32.0,1.0,0.0,2.0,0.0,0.0,24.276146699412557,0.0,KEY
4.8125,0.0,32.0,1.0,0.0,2.0,0.0,0.0,24.276146699412557,0.0,KEY
4.0,0.0,16.0,1.0,1.0,2.0,0.0,0.0,16.349851365001356,0.0,IV
5.8125,0.0,64.0,1.0,0.0,2.0,0.0,0.0,35.005012913227894,0.0,PLAINTEXT
5.738204882778696,0.0,64.0,1.0,0.0,2.0,0.0,0.0,34.55758039060913,0.0,CIPHERTEXT
4.9375,0.0,32.0,1.0,0.0,2.0,0.0,0.0,24.906695964332364,0.0,KEY
4.501629167387822,0.0,24.0,1.0,1.0,2.0,0.0,0.0,20.904918473044376,0.0,IV
5.319235677759417,0.0,48.0,1.0,0.0,2.0,0.0,0.0,29.865964923084633,0.0,PLAINTEXT
5.78125,0.0,64.0,1.0,0.0,2.0,0.0,0.0,34.81681391907075,0.0,CIPHERTEXT
5.0,0.0,32.0,1.0,0.0,2.0,0.0,0.0,25.221970596792268,0.0,KEY
5.0,0.0,32.0,1.0,0.0,2.0,0.0,0.0,25.221970596792268,0.0,KEY
5.41829583405449,0.0,48.0,1.0,0.0,2.0,0.0,0.0,30.422158957794167,0.0,PLAINTEXT
6.327099089240287,0.0,96.0,0.0,0.0,2.0,0.0,0.0,41.75830253286745,0.0,CIPHERTEXT
4.8125,0.0,32.0,1.0,0.0,2.0,0.0,0.0,24.276146699412557,0.0,KEY
4.9375,0.0,32.0,1.0,0.0,2.0,0.0,0.0,24.906695964332364,0.0,KEY
5.75,0.0,64.0,1.0,0.0,2.0,0.0,0.0,34.62861492491361,0.0,PLAINTEXT
5.8125,0.0,64.0,1.0,0.0,2.0,0.0,0.0,35.005012913227894,0.0,CIPHERTEXT
4.8125,0.0,32.0,1.0,0.0,2.0,0.0,0.0,24.276146699412557,0.0,KEY
4.875,0.0,32.0,1.0,0.0,2.0,0.0,0.0,24.59142133187246,0.0,KEY
4.220175521464345,0.0,24.0,1.0,1.0,2.0,0.0,0.0,19.597888217287974,0.0,IV
5.543295834054491,0.0,48.0,1.0,0.0,2.0,0.0,0.0,31.123997688308574,0.0,PLAINTEXT
5.84375,0.0,64.0,1.0,0.0,2.0,0.0,0.0,35.19321190738503,0.0,CIPHERTEXT
4.875,0.0,32.0,1.0,0.0,2.0,0.0,0.0,24.59142133187246,0.0,KEY
5.706954882778696,0.0,64.0,1.0,0.0,2.0,0.0,0.0,34.36938139645199,0.0,PLAINTEXT
4.875,0.0,32.0,1.0,0.0,2.0,0.0,0.0,24.59142133187246,0.0,CIPHERTEXT
4.0,0.0,16.0,1.0,1.0,2.0,0.0,0.0,16.349851365001356,0.0,KEY
4.0,0.0,16.0,1.0,1.0,2.0,0.0,0.0,16.349851365001356,0.0,KEY
4.0,0.0,16.0,1.0,1.0,2.0,0.0,0.0,16.349851365001356,0.0,KEY
4.0,0.0,16.0,1.0,1.0,2.0,0.0,0.0,16.349851365001356,0.0,KEY
4.0,0.0,16.0,1.0,1.0,2.0,0.0,0.0,16.349851365001356,0.0,KEY
3.875,0.0,16.0,1.0,1.0,2.0,0.0,0.0,15.838918509845064,0.0,IV
5.8125,0.0,64.0,1.0,0.0,2.0,0.0,0.0,35.005012913227894,0.0,PLAINTEXT
5.800704882778696,0.0,64.0,1.0,0.0,2.0,0.0,0.0,34.93397837892341,0.0,CIPHERTEXT
4.501629167387822,0.0,24.0,1.0,1.0,2.0,0.0,0.0,20.904918473044376,0.0,KEY
4.501629167387822,0.0,24.0,1.0,1.0,2.0,0.0,0.0,20.904918473044376,0.0,KEY
4.501629167387822,0.0,24.0,1.0,1.0,2.0,0.0,0.0,20.904918473044376,0.0,KEY
4.501629167387822,0.0,24.0,1.0,1.0,2.0,0.0,0.0,20.904918473044376,0.0,KEY
3.875,0.0,16.0,1.0,1.0,2.0,0.0,0.0,15.838918509845064,0.0,IV
5.632659765557392,0.0,64.0,1.0,0.0,2.0,0.0,0.0,33.92194887383324,0.0,PLAINTEXT
5.84375,0.0,64.0,1.0,0.0,2.0,0.0,0.0,35.19321190738503,0.0,CIPHERTEXT
4.6875,0.0,32.0,1.0,0.0,2.0,0.0,0.0,23.64559743449275,0.0,KEY
4.6875,0.0,32.0,1.0,0.0,2.0,0.0,0.0,23.64559743449275,0.0,KEY
4.6875,0.0,32.0,1.0,0.0,2.0,0.0,0.0,23.64559743449275,0.0,KEY
4.6875,0.0,32.0,1.0,0.0,2.0,0.0,0.0,23.64559743449275,0.0,KEY
4.0,0.0,16.0,1.0,1.0,2.0,0.0,0.0,16.349851365001356,0.0,IV
5.738204882778696,0.0,64.0,1.0,0.0,2.0,0.0,0.0,34.55758039060913,0.0,PLAINTEXT
5.8125,0.0,64.0,1.0,0.0,2.0,0.0,0.0,35.005012913227894,0.0,CIPHERTEXT
4.8125,0.0,32.0,1.0,0.0,2.0,0.0,0.0,24.276146699412557,0.0,KEY
4.501629167387822,0.0,24.0,1.0,1.0,2.0,0.0,0.0,20.904918473044376,0.0,IV
5.293295834054488,0.0,48.0,1.0,0.0,2.0,0.0,0.0,29.720320227279757,0.0,PLAINTEXT
5.706954882778696,0.0,64.0,1.0,0.0,2.0,0.0,0.0,34.36938139645199,0.0,CIPHERTEXT
5.0,0.0,32.0,1.0,0.0,2.0,0.0,0.0,25.221970596792268,0.0,KEY
4.9375,0.0,32.0,1.0,0.0,2.0,0.0,0.0,24.906695964332364,0.0,KEY
5.459962500721156,0.0,48.0,1.0,0.0,2.0,0.0,0.0,30.656105201298967,0.0,PLAINTEXT
6.243765755906954,0.0,96.0,0.0,0.0,2.0,0.0,0.0,41.208309796018526,0.0,CIPHERTEXT
4.875,0.0,32.0,1.0,0.0,2.0,0.0,0.0,24.59142133187246,0.0,KEY
4.875,0.0,32.0,1.0,0.0,2.0,0.0,0.0,24.59142133187246,0.0,KEY
5.738204882778696,0.0,64.0,1.0,0.0,2.0,0.0,0.0,34.55758039060913,0.0,PLAINTEXT
5.78125,0.0,64.0,1.0,0.0,2.0,0.0,0.0,34.81681391907075,0.0,CIPHERTEXT
4.8125,0.0,32.0,1.0,0.0,2.0,0.0,0.0,24.276146699412557,0.0,KEY
4.9375,0.0,32.0,1.0,0.0,2.0,0.0,0.0,24.906695964332364,0.0,KEY
4.584962500721156,0.0,24.0,1.0,1.0,2.0,0.0,0.0,21.291906488858938,0.0,IV
5.360902344426084,0.0,48.0,1.0,0.0,2.0,0.0,0.0,30.099911166589436,0.0,PLAINTEXT
5.75,0.0,64.0,1.0,0.0,2.0,0.0,0.0,34.62861492491361,0.0,CIPHERTEXT
4.8125,0.0,32.0,1.0,0.0,2.0,0.0,0.0,24.276146699412557,0.0,KEY
5.738204882778696,0.0,64.0,1.0,0.0,2.0,0.0,0.0,34.55758039060913,0.0,PLAINTEXT
4.8125,0.0,32.0,1.0,0.0,2.0,0.0,0.0,24.276146699412557,0.0,CIPHERTEXT
4.0,0.0,16.0,1.0,1.0,2.0,0.0,0.0,16.349851365001356,0.0,KEY
4.0,0.0,16.0,1.0,1.0,2.0,0.0,0.0,16.349851365001356,0.0,KEY
4.0,0.0,16.0,1.0,1.0,2.0,0.0,0.0,16.349851365001356,0.0,KEY
4.0,0.0,16.0,1.0,1.0,2.0,0.0,0.0,16.349851365001356,0.0,KEY
4.0,0.0,16.0,1.0,1.0,2.0,0.0,0.0,16.349851365001356,0.0,KEY
3.875,0.0,16.0,1.0,1.0,2.0,0.0,0.0,15.838918509845064,0.0,IV
5.8125,0.0,64.0,1.0,0.0,2.0,0.0,0.0,35.005012913227894,0.0,PLAINTEXT
5.706954882778696,0.0,64.0,1.0,0.0,2.0,0.0,0.0,34.36938139645199,0.0,CIPHERTEXT
4.41829583405449,0.0,24.0,1.0,1.0,2.0,0.0,0.0,20.51793045722982,0.0,KEY
4.41829583405449,0.0,24.0,1.0,1.0,2.0,0.0,0.0,20.51793045722982,0.0,KEY
4.41829583405449,0.0,24.0,1.0,1.0,2.0,0.0,0.0,20.51793045722982,0.0,KEY
4.41829583405449,0.0,24.0,1.0,1.0,2.0,0.0,0.0,20.51793045722982,0.0,KEY
4.0,0.0,16.0,1.0,1.0,2.0,0.0,0.0,16.349851365001356,0.0,IV
5.84375,0.0,64.0,1.0,0.0,2.0,0.0,0.0,35.19321190738503,0.0,PLAINTEXT
5.71875,0.0,64.0,1.0,0.0,2.0,0.0,0.0,34.44041593075647,0.0,CIPHERTEXT
4.875,0.0,32.0,1.0,0.0,2.0,0.0,0.0,24.59142133187246,0.0,KEY
4.875,0.0,32.0,1.0,0.0,2.0,0.0,0.0,24.59142133187246,0.0,KEY
4.875,0.0,32.0,1.0,0.0,2.0,0.0,0.0,24.59142133187246,0.0,KEY
4.875,0.0,32.0,1.0,0.0,2.0,0.0,0.0,24.59142133187246,0.0,KEY
4.0,0.0,16.0,1.0,1.0,2.0,0.0,0.0,16.349851365001356,0.0,IV
5.8125,0.0,64.0,1.0,0.0,2.0,0.0,0.0,35.005012913227894,0.0,PLAINTEXT
5.84375,0.0,64.0,1.0,0.0,2.0,0.0,0.0,35.19321190738503,0.0,CIPHERTEXT
4.9375,0.0,32.0,1.0,0.0,2.0,0.0,0.0,24.906695964332364,0.0,KEY
4.501629167387822,0.0,24.0,1.0,1.0,2.0,0.0,0.0,20.904918473044376,0.0,IV
5.360902344426084,0.0,48.0,1.0,0.0,2.0,0.0,0.0,30.099911166589436,0.0,PLAINTEXT
5.75,0.0,64.0,1.0,0.0,2.0,0.0,0.0,34.62861492491361,0.0,CIPHERTEXT
5.0,0.0,32.0,1.0,0.0,2.0,0.0,0.0,25.221970596792268,0.0,KEY
4.75,0.0,32.0,1.0,0.0,2.0,0.0,0.0,23.960872066952653,0.0,KEY
5.459962500721157,0.0,48.0,1.0,0.0,2.0,0.0,0.0,30.65610520129897,0.0,PLAINTEXT
6.290538932945215,0.0,96.0,0.0,0.0,2.0,0.0,0.0,41.517008687823235,0.0,CIPHERTEXT
4.75,0.0,32.0,1.0,0.0,2.0,0.0,0.0,23.960872066952653,0.0,KEY
4.8125,0.0,32.0,1.0,0.0,2.0,0.0,0.0,24.276146699412557,0.0,KEY
5.632659765557392,0.0,64.0,1.0,0.0,2.0,0.0,0.0,33.92194887383324,0.0,PLAINTEXT
5.769454882778696,0.0,64.0,1.0,0.0,2.0,0.0,0.0,34.74577938476627,0.0,CIPHERTEXT
4.788909765557392,0.0,32.0,1.0,0.0,2.0,0.0,0.0,24.157148259515978,0.0,KEY
4.875,0.0,32.0,1.0,0.0,2.0,0.0,0.0,24.59142133187246,0.0,KEY
4.584962500721156,0.0,24.0,1.0,1.0,2.0,0.0,0.0,21.291906488858938,0.0,IV
5.345175521464346,0.0,48.0,1.0,0.0,2.0,0.0,0.0,30.011609618889505,0.0,PLAINTEXT
5.84375,0.0,64.0,1.0,0.0,2.0,0.0,0.0,35.19321190738503,0.0,CIPHERTEXT
4.8125,0.0,32.0,1.0,0.0,2.0,0.0,0.0,24.276146699412557,0.0,KEY
5.75,0.0,64.0,1.0,0.0,2.0,0.0,0.0,34.62861492491361,0.0,PLAINTEXT
5.0,0.0,32.0,1.0,0.0,2.0,0.0,0.0,25.221970596792268,0.0,CIPHERTEXT
3.875,0.0,16.0,1.0,1.0,2.0,0.0,0.0,15.838918509845064,0.0,KEY
3.875,0.0,16.0,1.0,1.0,2.0,0.0,0.0,15.838918509845064,0.0,KEY
3.875,0.0,16.0,1.0,1.0,2.0,0.0,0.0,15.838918509845064,0.0,KEY
3.875,0.0,16.0,1.0,1.0,2.0,0.0,0.0,15.838918509845064,0.0,KEY
3.875,0.0,16.0,1.0,1.0,2.0,0.0,0.0,15.838918509845064,0.0,KEY
4.0,0.0,16.0,1.0,1.0,2.0,0.0,0.0,16.349851365001356,0.0,IV
5.71875,0.0,64.0,1.0,0.0,2.0,0.0,0.0,34.44041593075647,0.0,PLAINTEXT
5.75,0.0,64.0,1.0,0.0,2.0,0.0,0.0,34.62861492491361,0.0,CIPHERTEXT
4.584962500721156,0.0,24.0,1.0,1.0,2.0,0.0,0.0,21.291906488858938,0.0,KEY
4.584962500721156,0.0,24.0,1.0,1.0,2.0,0.0,0.0,21.291906488858938,0.0,KEY
4.584962500721156,0.0,24.0,1.0,1.0,2.0,0.0,0.0,21.291906488858938,0.0,KEY
4.584962500721156,0.0,24.0,1.0,1.0,2.0,0.0,0.0,21.291906488858938,0.0,KEY
3.875,0.0,16.0,1.0,1.0,2.0,0.0,0.0,15.838918509845064,0.0,IV
5.644454882778696,0.0,64.0,1.0,0.0,2.0,0.0,0.0,33.99298340813772,0.0,PLAINTEXT
5.6875,0.0,64.0,1.0,0.0,2.0,0.0,0.0,34.25221693659933,0.0,CIPHERTEXT
4.8125,0.0,32.0,1.0,0.0,2.0,0.0,0.0,24.276146699412557,0.0,KEY
4.8125,0.0,32.0,1.0,0.0,2.0,0.0,0.0,24.276146699412557,0.0,KEY
4.8125,0.0,32.0,1.0,0.0,2.0,0.0,0.0,24.276146699412557,0.0,KEY
4.8125,0.0,32.0,1.0,0.0,2.0,0.0,0.0,24.276146699412557,0.0,KEY
3.875,0.0,16.0,1.0,1.0,2.0,0.0,0.0,15.838918509845064,0.0,IV
5.8125,0.0,64.0,1.0,0.0,2.0,0.0,0.0,35.005012913227894,0.0,PLAINTEXT
5.863204882778696,0.0,64.0,1.0,0.0,2.0,0.0,0.0,35.31037636723769,0.0,CIPHERTEXT
5.0,0.0,32.0,1.0,0.0,2.0,0.0,0.0,25.221970596792268,0.0,KEY
4.501629167387822,0.0,24.0,1.0,1.0,2.0,0.0,0.0,20.904918473044376,0.0,IV
5.501629167387823,0.0,48.0,1.0,0.0,2.0,0.0,0.0,30.890051444803767,0.0,PLAINTEXT
5.675704882778696,0.0,64.0,1.0,0.0,2.0,0.0,0.0,34.18118240229486,0.0,CIPHERTEXT
4.9375,0.0,32.0,1.0,0.0,2.0,0.0,0.0,24.906695964332364,0.0,KEY
4.875,0.0,32.0,1.0,0.0,2.0,0.0,0.0,24.59142133187246,0.0,KEY
5.376629167387823,0.0,48.0,1.0,0.0,2.0,0.0,0.0,30.188212714289367,0.0,PLAINTEXT
6.215069011092752,0.0,96.0,0.0,0.0,2.0,0.0,0.0,41.01891378139031,0.0,CIPHERTEXT
4.875,0.0,32.0,1.0,0.0,2.0,0.0,0.0,24.59142133187246,0.0,KEY
4.726409765557392,0.0,32.0,1.0,0.0,2.0,0.0,0.0,23.841873627056074,0.0,KEY
5.875,0.0,64.0,1.0,0.0,2.0,0.0,0.0,35.38141090154217,0.0,PLAINTEXT
5.75,0.0,64.0,1.0,0.0,2.0,0.0,0.0,34.62861492491361,0.0,CIPHERTEXT
4.8125,0.0,32.0,1.0,0.0,2.0,0.0,0.0,24.276146699412557,0.0,KEY
4.9375,0.0,32.0,1.0,0.0,2.0,0.0,0.0,24.906695964332364,0.0,KEY
4.501629167387822,0.0,24.0,1.0,1.0,2.0,0.0,0.0,20.904918473044376,0.0,IV
5.376629167387823,0.0,48.0,1.0,0.0,2.0,0.0,0.0,30.188212714289367,0.0,PLAINTEXT
5.706954882778696,0.0,64.0,1.0,0.0,2.0,0.0,0.0,34.36938139645199,0.0,CIPHERTEXT
4.75,0.0,32.0,1.0,0.0,2.0,0.0,0.0,23.960872066952653,0.0,KEY
5.875,0.0,64.0,1.0,0.0,2.0,0.0,0.0,35.38141090154217,0.0,PLAINTEXT
4.8125,0.0,32.0,1.0,0.0,2.0,0.0,0.0,24.276146699412557,0.0,CIPHERTEXT
3.875,0.0,16.0,1.0,1.0,2.0,0.0,0.0,15.838918509845064,0.0,KEY
3.875,0.0,16.0,1.0,1.0,2.0,0.0,0.0,15.838918509845064,0.0,KEY
3.875,0.0,16.0,1.0,1.0,2.0,0.0,0.0,15.838918509845064,0.0,KEY
3.875,0.0,16.0,1.0,1.0,2.0,0.0,0.0,15.838918509845064,0.0,KEY
3.875,0.0,16.0,1.0,1.0,2.0,0.0,0.0,15.838918509845064,0.0,KEY
4.0,0.0,16.0,1.0,1.0,2.0,0.0,0.0,16.349851365001356,0.0,IV
5.84375,0.0,64.0,1.0,0.0,2.0,0.0,0.0,35.19321190738503,0.0,PLAINTEXT
5.644454882778696,0.0,64.0,1.0,0.0,2.0,0.0,0.0,33.99298340813772,0.0,CIPHERTEXT
4.584962500721156,0.0,24.0,1.0,1.0,2.0,0.0,0.0,21.291906488858938,0.0,KEY
4.584962500721156,0.0,24.0,1.0,1.0,2.0,0.0,0.0,21.291906488858938,0.0,KEY
4.584962500721156,0.0,24.0,1.0,1.0,2.0,0.0,0.0,21.291906488858938,0.0,KEY
4.584962500721156,0.0,24.0,1.0,1.0,2.0,0.0,0.0,21.291906488858938,0.0,KEY
4.0,0.0,16.0,1.0,1.0,2.0,0.0,0.0,16.349851365001356,0.0,IV
5.875,0.0,64.0,1.0,0.0,2.0,0.0,0.0,35.38141090154217,0.0,PLAINTEXT
5.831954882778696,0.0,64.0,1.0,0.0,2.0,0.0,0.0,35.122177373080554,0.0,CIPHERTEXT
4.8125,0.0,32.0,1.0,0.0,2.0,0.0,0.0,24.276146699412557,0.0,KEY
4.8125,0.0,32.0,1.0,0.0,2.0,0.0,0.0,24.276146699412557,0.0,KEY
4.8125,0.0,32.0,1.0,0.0,2.0,0.0,0.0,24.276146699412557,0.0,KEY
4.8125,0.0,32.0,1.0,0.0,2.0,0.0,0.0,24.276146699412557,0.0,KEY
4.0,0.0,16.0,1.0,1.0,2.0,0.0,0.0,16.349851365001356,0.0,IV
5.738204882778696,0.0,64.0,1.0,0.0,2.0,0.0,0.0,34.55758039060913,0.0,PLAINTEXT
5.84375,0.0,64.0,1.0,0.0,2.0,0.0,0.0,35.19321190738503,0.0,CIPHERTEXT
4.9375,0.0,32.0,1.0,0.0,2.0,0.0,0.0,24.906695964332364,0.0,KEY
4.41829583405449,0.0,24.0,1.0,1.0,2.0,0.0,0.0,20.51793045722982,0.0,IV
5.501629167387823,0.0,48.0,1.0,0.0,2.0,0.0,0.0,30.890051444803767,0.0,PLAINTEXT
5.59375,0.0,64.0,1.0,0.0,2.0,0.0,0.0,33.68761995412792,0.0,CIPHERTEXT
5.0,0.0,32.0,1.0,0.0,2.0,0.0,0.0,25.221970596792268,0.0,KEY
4.788909765557392,0.0,32.0,1.0,0.0,2.0,0.0,0.0,24.157148259515978,0.0,KEY
5.376629167387823,0.0,48.0,1.0,0.0,2.0,0.0,0.0,30.188212714289367,0.0,PLAINTEXT
6.347932422573622,0.0,96.0,0.0,0.0,2.0,0.0,0.0,41.89580071707969,0.0,CIPHERTEXT
4.851409765557392,0.0,32.0,1.0,0.0,2.0,0.0,0.0,24.47242289197588,0.0,KEY
4.9375,0.0,32.0,1.0,0.0,2.0,0.0,0.0,24.906695964332364,0.0,KEY
5.769454882778696,0.0,64.0,1.0,0.0,2.0,0.0,0.0,34.74577938476627,0.0,PLAINTEXT
5.706954882778696,0.0,64.0,1.0,0.0,2.0,0.0,0.0,34.36938139645199,0.0,CIPHERTEXT
4.9375,0.0,32.0,1.0,0.0,2.0,0.0,0.0,24.906695964332364,0.0,KEY
4.875,0.0,32.0,1.0,0.0,2.0,0.0,0.0,24.59142133187246,0.0,KEY
4.501629167387822,0.0,24.0,1.0,1.0,2.0,0.0,0.0,20.904918473044376,0.0,IV
5.501629167387824,0.0,48.0,1.0,0.0,2.0,0.0,0.0,30.890051444803774,0.0,PLAINTEXT
5.84375,0.0,64.0,1.0,0.0,2.0,0.0,0.0,35.19321190738503,0.0,CIPHERTEXT
4.663909765557392,0.0,32.0,1.0,0.0,2.0,0.0,0.0,23.52659899459617,0.0,KEY
5.78125,0.0,64.0,1.0,0.0,2.0,0.0,0.0,34.81681391907075,0.0,PLAINTEXT
4.9375,0.0,32.0,1.0,0.0,2.0,0.0,0.0,24.906695964332364,0.0,CIPHERTEXT
3.875,0.0,16.0,1.0,1.0,2.0,0.0,0.0,15.838918509845064,0.0,KEY
3.875,0.0,16.0,1.0,1.0,2.0,0.0,0.0,15.838918509845064,0.0,KEY
4.0,0.0,16.0,1.0,1.0,2.0,0.0,0.0,16.349851365001356,0.0,IV
5.71875,0.0,64.0,1.0,0.0,2.0,0.0,0.0,34.44041593075647,0.0,PLAINTEXT
5.65625,0.0,64.0,1.0,0.0,2.0,0.0,0.0,34.06401794244219,0.0,CIPHERTEXT
4.418295834054489,0.0,24.0,1.0,1.0,2.0,0.0,0.0,20.517930457229816,0.0,KEY
4.418295834054489,0.0,24.0,1.0,1.0,2.0,0.0,0.0,20.517930457229816,0.0,KEY
4.0,0.0,16.0,1.0,1.0,2.0,0.0,0.0,16.349851365001356,0.0,IV
5.738204882778696,0.0,64.0,1.0,0.0,2.0,0.0,0.0,34.55758039060913,0.0,PLAINTEXT
5.550704882778696,0.0,64.0,1.0,0.0,2.0,0.0,0.0,33.4283864256663,0.0,CIPHERTEXT
5.0,0.0,32.0,1.0,0.0,2.0,0.0,0.0,25.221970596792268,0.0,KEY
5.0,0.0,32.0,1.0,0.0,2.0,0.0,0.0,25.221970596792268,0.0,KEY
4.0,0.0,16.0,1.0,1.0,2.0,0.0,0.0,16.349851365001356,0.0,IV
5.738204882778696,0.0,64.0,1.0,0.0,2.0,0.0,0.0,34.55758039060913,0.0,PLAINTEXT
5.831954882778696,0.0,64.0,1.0,0.0,2.0,0.0,0.0,35.122177373080554,0.0,CIPHERTEXT
4.75,0.0,32.0,1.0,0.0,2.0,0.0,0.0,23.960872066952653,0.0,KEY
4.501629167387822,0.0,24.0,1.0,1.0,2.0,0.0,0.0,20.904918473044376,0.0,IV
5.41829583405449,0.0,48.0,1.0,0.0,2.0,0.0,0.0,30.422158957794167,0.0,PLAINTEXT
5.8125,0.0,64.0,1.0,0.0,2.0,0.0,0.0,35.005012913227894,0.0,CIPHERTEXT
4.8125,0.0,32.0,1.0,0.0,2.0,0.0,0.0,24.276146699412557,0.0,KEY
4.8125,0.0,32.0,1.0,0.0,2.0,0.0,0.0,24.276146699412557,0.0,KEY
5.319235677759417,0.0,48.0,1.0,0.0,2.0,0.0,0.0,29.865964923084633,0.0,PLAINTEXT
6.17850885479768,0.0,96.0,0.0,0.0,2.0,0.0,0.0,40.77761993634609,0.0,CIPHERTEXT
4.9375,0.0,32.0,1.0,0.0,2.0,0.0,0.0,24.906695964332364,0.0,KEY
4.9375,0.0,32.0,1.0,0.0,2.0,0.0,0.0,24.906695964332364,0.0,KEY
5.75,0.0,64.0,1.0,0.0,2.0,0.0,0.0,34.62861492491361,0.0,PLAINTEXT
5.84375,0.0,64.0,1.0,0.0,2.0,0.0,0.0,35.19321190738503,0.0,CIPHERTEXT
4.8125,0.0,32.0,1.0,0.0,2.0,0.0,0.0,24.276146699412557,0.0,KEY
4.875,0.0,32.0,1.0,0.0,2.0,0.0,0.0,24.59142133187246,0.0,KEY
4.501629167387822,0.0,24.0,1.0,1.0,2.0,0.0,0.0,20.904918473044376,0.0,IV
5.41829583405449,0.0,48.0,1.0,0.0,2.0,0.0,0.0,30.422158957794167,0.0,PLAINTEXT
5.675704882778696,0.0,64.0,1.0,0.0,2.0,0.0,0.0,34.18118240229486,0.0,CIPHERTEXT
4.788909765557392,0.0,32.0,1.0,0.0,2.0,0.0,0.0,24.157148259515978,0.0,KEY
5.78125,0.0,64.0,1.0,0.0,2.0,0.0,0.0,34.81681391907075,0.0,PLAINTEXT
4.9375,0.0,32.0,1.0,0.0,2.0,0.0,0.0,24.906695964332364,0.0,CIPHERTEXT
3.875,0.0,16.0,1.0,1.0,2.0,0.0,0.0,15.838918509845064,0.0,KEY
3.875,0.0,16.0,1.0,1.0,2.0,0.0,0.0,15.838918509845064,0.0,KEY
4.0,0.0,16.0,1.0,1.0,2.0,0.0,0.0,16.349851365001356,0.0,IV
5.65625,0.0,64.0,1.0,0.0,2.0,0.0,0.0,34.06401794244219,0.0,PLAINTEXT
5.800704882778696,0.0,64.0,1.0,0.0,2.0,0.0,0.0,34.93397837892341,0.0,CIPHERTEXT
4.584962500721156,0.0,24.0,1.0,1.0,2.0,0.0,0.0,21.291906488858938,0.0,KEY
4.584962500721156,0.0,24.0,1.0,1.0,2.0,0.0,0.0,21.291906488858938,0.0,KEY
4.0,0.0,16.0,1.0,1.0,2.0,0.0,0.0,16.349851365001356,0.0,IV
5.96875,0.0,64.0,1.0,0.0,2.0,0.0,0.0,35.94600788401359,0.0,PLAINTEXT
5.706954882778696,0.0,64.0,1.0,0.0,2.0,0.0,0.0,34.36938139645199,0.0,CIPHERTEXT
4.6875,0.0,32.0,1.0,0.0,2.0,0.0,0.0,23.64559743449275,0.0,KEY
4.6875,0.0,32.0,1.0,0.0,2.0,0.0,0.0,23.64559743449275,0.0,KEY
4.0,0.0,16.0,1.0,1.0,2.0,0.0,0.0,16.349851365001356,0.0,IV
5.769454882778696,0.0,64.0,1.0,0.0,2.0,0.0,0.0,34.74577938476627,0.0,PLAINTEXT
5.8125,0.0,64.0,1.0,0.0,2.0,0.0,0.0,35.005012913227894,0.0,CIPHERTEXT
4.75,0.0,32.0,1.0,0.0,2.0,0.0,0.0,23.960872066952653,0.0,KEY
4.501629167387822,0.0,24.0,1.0,1.0,2.0,0.0,0.0,20.904918473044376,0.0,IV
5.2775690110927505,0.0,48.0,1.0,0.0,2.0,0.0,0.0,29.632018679579833,0.0,PLAINTEXT
5.75,0.0,64.0,1.0,0.0,2.0,0.0,0.0,34.62861492491361,0.0,CIPHERTEXT
4.788909765557392,0.0,32.0,1.0,0.0,2.0,0.0,0.0,24.157148259515978,0.0,KEY
4.875,0.0,32.0,1.0,0.0,2.0,0.0,0.0,24.59142133187246,0.0,KEY
5.360902344426084,0.0,48.0,1.0,0.0,2.0,0.0,0.0,30.099911166589436,0.0,PLAINTEXT
6.215069011092751,0.0,96.0,0.0,0.0,2.0,0.0,0.0,41.0189137813903,0.0,CIPHERTEXT
4.9375,0.0,32.0,1.0,0.0,2.0,0.0,0.0,24.906695964332364,0.0,KEY
4.9375,0.0,32.0,1.0,0.0,2.0,0.0,0.0,24.906695964332364,0.0,KEY
5.800704882778696,0.0,64.0,1.0,0.0,2.0,0.0,0.0,34.93397837892341,0.0,PLAINTEXT
5.71875,0.0,64.0,1.0,0.0,2.0,0.0,0.0,34.44041593075647,0.0,CIPHERTEXT
4.875,0.0,32.0,1.0,0.0,2.0,0.0,0.0,24.59142133187246,0.0,KEY
4.875,0.0,32.0,1.0,0.0,2.0,0.0,0.0,24.59142133187246,0.0,KEY
4.584962500721156,0.0,24.0,1.0,1.0,2.0,0.0,0.0,21.291906488858938,0.0,IV
5.376629167387823,0.0,48.0,1.0,0.0,2.0,0.0,0.0,30.188212714289367,0.0,PLAINTEXT
5.738204882778696,0.0,64.0,1.0,0.0,2.0,0.0,0.0,34.55758039060913,0.0,CIPHERTEXT
4.9375,0.0,32.0,1.0,0.0,2.0,0.0,0.0,24.906695964332364,0.0,KEY
5.78125,0.0,64.0,1.0,0.0,2.0,0.0,0.0,34.81681391907075,0.0,PLAINTEXT
4.9375,0.0,32.0,1.0,0.0,2.0,0.0,0.0,24.906695964332364,0.0,CIPHERTEXT
4.0,0.0,16.0,1.0,1.0,2.0,0.0,0.0,16.349851365001356,0.0,KEY
4.0,0.0,16.0,1.0,1.0,2.0,0.0,0.0,16.349851365001356,0.0,KEY
4.0,0.0,16.0,1.0,1.0,2.0,0.0,0.0,16.349851365001356,0.0,IV
5.75,0.0,64.0,1.0,0.0,2.0,0.0,0.0,34.62861492491361,0.0,PLAINTEXT
5.59375,0.0,64.0,1.0,0.0,2.0,0.0,0.0,33.68761995412792,0.0,CIPHERTEXT
4.584962500721156,0.0,24.0,1.0,1.0,2.0,0.0,0.0,21.291906488858938,0.0,KEY
4.584962500721156,0.0,24.0,1.0,1.0,2.0,0.0,0.0,21.291906488858938,0.0,KEY
4.0,0.0,16.0,1.0,1.0,2.0,0.0,0.0,16.349851365001356,0.0,IV
5.65625,0.0,64.0,1.0,0.0,2.0,0.0,0.0,34.06401794244219,0.0,PLAINTEXT
5.800704882778696,0.0,64.0,1.0,0.0,2.0,0.0,0.0,34.93397837892341,0.0,CIPHERTEXT
4.8125,0.0,32.0,1.0,0.0,2.0,0.0,0.0,24.276146699412557,0.0,KEY
4.8125,0.0,32.0,1.0,0.0,2.0,0.0,0.0,24.276146699412557,0.0,KEY
4.0,0.0,16.0,1.0,1.0,2.0,0.0,0.0,16.349851365001356,0.0,IV
5.71875,0.0,64.0,1.0,0.0,2.0,0.0,0.0,34.44041593075647,0.0,PLAINTEXT
5.78125,0.0,64.0,1.0,0.0,2.0,0.0,0.0,34.81681391907075,0.0,CIPHERTEXT
4.875,0.0,32.0,1.0,0.0,2.0,0.0,0.0,24.59142133187246,0.0,KEY
4.334962500721156,0.0,24.0,1.0,1.0,2.0,0.0,0.0,20.130942441415257,0.0,IV
5.41829583405449,0.0,48.0,1.0,0.0,2.0,0.0,0.0,30.422158957794167,0.0,PLAINTEXT
5.663909765557392,0.0,64.0,1.0,0.0,2.0,0.0,0.0,34.11014786799038,0.0,CIPHERTEXT
4.9375,0.0,32.0,1.0,0.0,2.0,0.0,0.0,24.906695964332364,0.0,KEY
4.75,0.0,32.0,1.0,0.0,2.0,0.0,0.0,23.960872066952653,0.0,KEY
5.41829583405449,0.0,48.0,1.0,0.0,2.0,0.0,0.0,30.422158957794167,0.0,PLAINTEXT
6.157675521464346,0.0,96.0,0.0,0.0,2.0,0.0,0.0,40.64012175213385,0.0,CIPHERTEXT
5.0,0.0,32.0,1.0,0.0,2.0,0.0,0.0,25.221970596792268,0.0,KEY
4.9375,0.0,32.0,1.0,0.0,2.0,0.0,0.0,24.906695964332364,0.0,KEY
5.71875,0.0,64.0,1.0,0.0,2.0,0.0,0.0,34.44041593075647,0.0,PLAINTEXT
5.78125,0.0,64.0,1.0,0.0,2.0,0.0,0.0,34.81681391907075,0.0,CIPHERTEXT
4.9375,0.0,32.0,1.0,0.0,2.0,0.0,0.0,24.906695964332364,0.0,KEY
4.9375,0.0,32.0,1.0,0.0,2.0,0.0,0.0,24.906695964332364,0.0,KEY
4.501629167387822,0.0,24.0,1.0,1.0,2.0,0.0,0.0,20.904918473044376,0.0,IV
5.41829583405449,0.0,48.0,1.0,0.0,2.0,0.0,0.0,30.422158957794167,0.0,PLAINTEXT
5.644454882778696,0.0,64.0,1.0,0.0,2.0,0.0,0.0,33.99298340813772,0.0,CIPHERTEXT
4.8125,0.0,32.0,1.0,0.0,2.0,0.0,0.0,24.276146699412557,0.0,KEY
5.675704882778696,0.0,64.0,1.0,0.0,2.0,0.0,0.0,34.18118240229486,0.0,PLAINTEXT
4.9375,0.0,32.0,1.0,0.0,2.0,0.0,0.0,24.906695964332364,0.0,CIPHERTEXT
4.0,0.0,16.0,1.0,1.0,2.0,0.0,0.0,16.349851365001356,0.0,KEY
4.0,0.0,16.0,1.0,1.0,2.0,0.0,0.0,16.349851365001356,0.0,KEY
4.0,0.0,16.0,1.0,1.0,2.0,0.0,0.0,16.349851365001356,0.0,IV
5.84375,0.0,64.0,1.0,0.0,2.0,0.0,0.0,35.19321190738503,0.0,PLAINTEXT
5.84375,0.0,64.0,1.0,0.0,2.0,0.0,0.0,35.19321190738503,0.0,CIPHERTEXT
4.418295834054489,0.0,24.0,1.0,1.0,2.0,0.0,0.0,20.517930457229816,0.0,KEY
4.418295834054489,0.0,24.0,1.0,1.0,2.0,0.0,0.0,20.517930457229816,0.0,KEY
3.875,0.0,16.0,1.0,1.0,2.0,0.0,0.0,15.838918509845064,0.0,IV
5.75,0.0,64.0,1.0,0.0,2.0,0.0,0.0,34.62861492491361,0.0,PLAINTEXT
5.644454882778696,0.0,64.0,1.0,0.0,2.0,0.0,0.0,33.99298340813772,0.0,CIPHERTEXT
5.0,0.0,32.0,1.0,0.0,2.0,0.0,0.0,25.221970596792268,0.0,KEY
5.0,0.0,32.0,1.0,0.0,2.0,0.0,0.0,25.221970596792268,0.0,KEY
4.0,0.0,16.0,1.0,1.0,2.0,0.0,0.0,16.349851365001356,0.0,IV
5.726409765557392,0.0,64.0,1.0,0.0,2.0,0.0,0.0,34.48654585630465,0.0,PLAINTEXT
5.738204882778696,0.0,64.0,1.0,0.0,2.0,0.0,0.0,34.55758039060913,0.0,CIPHERTEXT
4.875,0.0,32.0,1.0,0.0,2.0,0.0,0.0,24.59142133187246,0.0,KEY
4.501629167387822,0.0,24.0,1.0,1.0,2.0,0.0,0.0,20.904918473044376,0.0,IV
5.501629167387824,0.0,48.0,1.0,0.0,2.0,0.0,0.0,30.890051444803774,0.0,PLAINTEXT
5.875,0.0,64.0,1.0,0.0,2.0,0.0,0.0,35.38141090154217,0.0,CIPHERTEXT
4.9375,0.0,32.0,1.0,0.0,2.0,0.0,0.0,24.906695964332364,0.0,KEY
4.875,0.0,32.0,1.0,0.0,2.0,0.0,0.0,24.59142133187246,0.0,KEY
5.319235677759417,0.0,48.0,1.0,0.0,2.0,0.0,0.0,29.865964923084633,0.0,PLAINTEXT
6.222932422573621,0.0,96.0,0.0,0.0,2.0,0.0,0.0,41.07081161180629,0.0,CIPHERTEXT
4.875,0.0,32.0,1.0,0.0,2.0,0.0,0.0,24.59142133187246,0.0,KEY
4.875,0.0,32.0,1.0,0.0,2.0,0.0,0.0,24.59142133187246,0.0,KEY
5.75,0.0,64.0,1.0,0.0,2.0,0.0,0.0,34.62861492491361,0.0,PLAINTEXT
5.738204882778696,0.0,64.0,1.0,0.0,2.0,0.0,0.0,34.55758039060913,0.0,CIPHERTEXT
4.875,0.0,32.0,1.0,0.0,2.0,0.0,0.0,24.59142133187246,0.0,KEY
5.0,0.0,32.0,1.0,0.0,2.0,0.0,0.0,25.221970596792268,0.0,KEY
4.584962500721156,0.0,24.0,1.0,1.0,2.0,0.0,0.0,21.291906488858938,0.0,IV
5.402569011092751,0.0,48.0,1.0,0.0,2.0,0.0,0.0,30.333857410094236,0.0,PLAINTEXT
5.78125,0.0,64.0,1.0,0.0,2.0,0.0,0.0,34.81681391907075,0.0,CIPHERTEXT
4.726409765557392,0.0,32.0,1.0,0.0,2.0,0.0,0.0,23.841873627056074,0.0,KEY
5.75,0.0,64.0,1.0,0.0,2.0,0.0,0.0,34.62861492491361,0.0,PLAINTEXT
4.9375,0.0,32.0,1.0,0.0,2.0,0.0,0.0,24.906695964332364,0.0,CIPHERTEXT
4.0,0.0,16.0,1.0,1.0,2.0,0.0,0.0,16.349851365001356,0.0,KEY
4.0,0.0,16.0,1.0,1.0,2.0,0.0,0.0,16.349851365001356,0.0,KEY
3.875,0.0,16.0,1.0,1.0,2.0,0.0,0.0,15.838918509845064,0.0,IV
5.84375,0.0,64.0,1.0,0.0,2.0,0.0,0.0,35.19321190738503,0.0,PLAINTEXT
5.8125,0.0,64.0,1.0,0.0,2.0,0.0,0.0,35.005012913227894,0.0,CIPHERTEXT
4.501629167387822,0.0,24.0,1.0,1.0,2.0,0.0,0.0,20.904918473044376,0.0,KEY
4.501629167387822,0.0,24.0,1.0,1.0,2.0,0.0,0.0,20.904918473044376,0.0,KEY
4.501629167387822,0.0,24.0,1.0,1.0,2.0,0.0,0.0,20.904918473044376,0.0,KEY
4.501629167387822,0.0,24.0,1.0,1.0,2.0,0.0,0.0,20.904918473044376,0.0,KEY
4.0,0.0,16.0,1.0,1.0,2.0,0.0,0.0,16.349851365001356,0.0,IV
5.863204882778696,0.0,64.0,1.0,0.0,2.0,0.0,0.0,35.31037636723769,0.0,PLAINTEXT
5.769454882778696,0.0,64.0,1.0,0.0,2.0,0.0,0.0,34.74577938476627,0.0,CIPHERTEXT
4.9375,0.0,32.0,1.0,0.0,2.0,0.0,0.0,24.906695964332364,0.0,KEY
4.9375,0.0,32.0,1.0,0.0,2.0,0.0,0.0,24.906695964332364,0.0,KEY
4.9375,0.0,32.0,1.0,0.0,2.0,0.0,0.0,24.906695964332364,0.0,KEY
4.9375,0.0,32.0,1.0,0.0,2.0,0.0,0.0,24.906695964332364,0.0,KEY
3.875,0.0,16.0,1.0,1.0,2.0,0.0,0.0,15.838918509845064,0.0,IV
5.84375,0.0,64.0,1.0,0.0,2.0,0.0,0.0,35.19321190738503,0.0,PLAINTEXT
5.75,0.0,64.0,1.0,0.0,2.0,0.0,0.0,34.62861492491361,0.0,CIPHERTEXT
4.9375,0.0,32.0,1.0,0.0,2.0,0.0,0.0,24.906695964332364,0.0,KEY
4.168295834054489,0.0,24.0,1.0,1.0,2.0,0.0,0.0,19.356966409786136,0.0,IV
5.2775690110927505,0.0,48.0,1.0,0.0,2.0,0.0,0.0,29.632018679579833,0.0,PLAINTEXT
5.78125,0.0,64.0,1.0,0.0,2.0,0.0,0.0,34.81681391907075,0.0,CIPHERTEXT
4.875,0.0,32.0,1.0,0.0,2.0,0.0,0.0,24.59142133187246,0.0,KEY
4.8125,0.0,32.0,1.0,0.0,2.0,0.0,0.0,24.276146699412557,0.0,KEY
5.376629167387822,0.0,48.0,1.0,0.0,2.0,0.0,0.0,30.18821271428936,0.0,PLAINTEXT
6.235902344426084,0.0,96.0,0.0,0.0,2.0,0.0,0.0,41.15641196560253,0.0,CIPHERTEXT
4.788909765557392,0.0,32.0,1.0,0.0,2.0,0.0,0.0,24.157148259515978,0.0,KEY
4.875,0.0,32.0,1.0,0.0,2.0,0.0,0.0,24.59142133187246,0.0,KEY
5.71875,0.0,64.0,1.0,0.0,2.0,0.0,0.0,34.44041593075647,0.0,PLAINTEXT
5.78125,0.0,64.0,1.0,0.0,2.0,0.0,0.0,34.81681391907075,0.0,CIPHERTEXT
4.9375,0.0,32.0,1.0,0.0,2.0,0.0,0.0,24.906695964332364,0.0,KEY
4.9375,0.0,32.0,1.0,0.0,2.0,0.0,0.0,24.906695964332364,0.0,KEY
4.584962500721156,0.0,24.0,1.0,1.0,2.0,0.0,0.0,21.291906488858938,0.0,IV
5.418295834054489,0.0,48.0,1.0,0.0,2.0,0.0,0.0,30.422158957794164,0.0,PLAINTEXT
5.75,0.0,64.0,1.0,0.0,2.0,0.0,0.0,34.62861492491361,0.0,CIPHERTEXT
4.9375,0.0,32.0,1.0,0.0,2.0,0.0,0.0,24.906695964332364,0.0,KEY
5.71875,0.0,64.0,1.0,0.0,2.0,0.0,0.0,34.44041593075647,0.0,PLAINTEXT
5.0,0.0,32.0,1.0,0.0,2.0,0.0,0.0,25.221970596792268,0.0,CIPHERTEXT
3.75,0.0,16.0,1.0,1.0,2.0,0.0,0.0,15.32798565468877,0.0,KEY
3.75,0.0,16.0,1.0,1.0,2.0,0.0,0.0,15.32798565468877,0.0,KEY
3.75,0.0,16.0,1.0,1.0,2.0,0.0,0.0,15.32798565468877,0.0,KEY
3.75,0.0,16.0,1.0,1.0,2.0,0.0,0.0,15.32798565468877,0.0,KEY
3.75,0.0,16.0,1.0,1.0,2.0,0.0,0.0,15.32798565468877,0.0,KEY
4.0,0.0,16.0,1.0,1.0,2.0,0.0,0.0,16.349851365001356,0.0,IV
5.75,0.0,64.0,1.0,0.0,2.0,0.0,0.0,34.62861492491361,0.0,PLAINTEXT
5.75,0.0,64.0,1.0,0.0,2.0,0.0,0.0,34.62861492491361,0.0,CIPHERTEXT
4.501629167387822,0.0,24.0,1.0,1.0,2.0,0.0,0.0,20.904918473044376,0.0,KEY
4.501629167387822,0.0,24.0,1.0,1.0,2.0,0.0,0.0,20.904918473044376,0.0,KEY
4.501629167387822,0.0,24.0,1.0,1.0,2.0,0.0,0.0,20.904918473044376,0.0,KEY
4.501629167387822,0.0,24.0,1.0,1.0,2.0,0.0,0.0,20.904918473044376,0.0,KEY
3.702819531114783,0.0,16.0,1.0,1.0,2.0,0.0,0.0,15.13513724128768,0.0,IV
5.78125,0.0,64.0,1.0,0.0,2.0,0.0,0.0,34.81681391907075,0.0,PLAINTEXT
5.875,0.0,64.0,1.0,0.0,2.0,0.0,0.0,35.38141090154217,0.0,CIPHERTEXT
4.9375,0.0,32.0,1.0,0.0,2.0,0.0,0.0,24.906695964332364,0.0,KEY
4.9375,0.0,32.0,1.0,0.0,2.0,0.0,0.0,24.906695964332364,0.0,KEY
4.9375,0.0,32.0,1.0,0.0,2.0,0.0,0.0,24.906695964332364,0.0,KEY
4.9375,0.0,32.0,1.0,0.0,2.0,0.0,0.0,24.906695964332364,0.0,KEY
4.0,0.0,16.0,1.0,1.0,2.0,0.0,0.0,16.349851365001356,0.0,IV
5.675704882778696,0.0,64.0,1.0,0.0,2.0,0.0,0.0,34.18118240229486,0.0,PLAINTEXT
5.800704882778696,0.0,64.0,1.0,0.0,2.0,0.0,0.0,34.93397837892341,0.0,CIPHERTEXT
4.875,0.0,32.0,1.0,0.0,2.0,0.0,0.0,24.59142133187246,0.0,KEY
4.584962500721156,0.0,24.0,1.0,1.0,2.0,0.0,0.0,21.291906488858938,0.0,IV
5.41829583405449,0.0,48.0,1.0,0.0,2.0,0.0,0.0,30.422158957794167,0.0,PLAINTEXT
5.90625,0.0,64.0,1.0,0.0,2.0,0.0,0.0,35.56960989569931,0.0,CIPHERTEXT
5.0,0.0,32.0,1.0,0.0,2.0,0.0,0.0,25.221970596792268,0.0,KEY
4.9375,0.0,32.0,1.0,0.0,2.0,0.0,0.0,24.906695964332364,0.0,KEY
5.402569011092751,0.0,48.0,1.0,0.0,2.0,0.0,0.0,30.333857410094236,0.0,PLAINTEXT
6.16829583405449,0.0,96.0,0.0,0.0,2.0,0.0,0.0,40.710214889585586,0.0,CIPHERTEXT
4.9375,0.0,32.0,1.0,0.0,2.0,0.0,0.0,24.906695964332364,0.0,KEY
4.9375,0.0,32.0,1.0,0.0,2.0,0.0,0.0,24.906695964332364,0.0,KEY
5.738204882778696,0.0,64.0,1.0,0.0,2.0,0.0,0.0,34.55758039060913,0.0,PLAINTEXT
5.738204882778696,0.0,64.0,1.0,0.0,2.0,0.0,0.0,34.55758039060913,0.0,CIPHERTEXT
5.0,0.0,32.0,1.0,0.0,2.0,0.0,0.0,25.221970596792268,0.0,KEY
5.0,0.0,32.0,1.0,0.0,2.0,0.0,0.0,25.221970596792268,0.0,KEY
4.334962500721156,0.0,24.0,1.0,1.0,2.0,0.0,0.0,20.130942441415257,0.0,IV
5.360902344426084,0.0,48.0,1.0,0.0,2.0,0.0,0.0,30.099911166589436,0.0,PLAINTEXT
5.84375,0.0,64.0,1.0,0.0,2.0,0.0,0.0,35.19321190738503,0.0,CIPHERTEXT
4.75,0.0,32.0,1.0,0.0,2.0,0.0,0.0,23.960872066952653,0.0,KEY
5.78125,0.0,64.0,1.0,0.0,2.0,0.0,0.0,34.81681391907075,0.0,PLAINTEXT
4.875,0.0,32.0,1.0,0.0,2.0,0.0,0.0,24.59142133187246,0.0,CIPHERTEXT
3.875,0.0,16.0,1.0,1.0,2.0,0.0,0.0,15.838918509845064,0.0,KEY
3.875,0.0,16.0,1.0,1.0,2.0,0.0,0.0,15.838918509845064,0.0,KEY
3.875,0.0,16.0,1.0,1.0,2.0,0.0,0.0,15.838918509845064,0.0,KEY
3.875,0.0,16.0,1.0,1.0,2.0,0.0,0.0,15.838918509845064,0.0,KEY
3.875,0.0,16.0,1.0,1.0,2.0,0.0,0.0,15.838918509845064,0.0,KEY
3.875,0.0,16.0,1.0,1.0,2.0,0.0,0.0,15.838918509845064,0.0,KEY
4.0,0.0,16.0,1.0,1.0,2.0,0.0,0.0,16.349851365001356,0.0,IV
5.78125,0.0,64.0,1.0,0.0,2.0,0.0,0.0,34.81681391907075,0.0,PLAINTEXT
5.706954882778696,0.0,64.0,1.0,0.0,2.0,0.0,0.0,34.36938139645199,0.0,CIPHERTEXT
4.334962500721156,0.0,24.0,1.0,1.0,2.0,0.0,0.0,20.130942441415257,0.0,KEY
4.334962500721156,0.0,24.0,1.0,1.0,2.0,0.0,0.0,20.130942441415257,0.0,KEY
4.334962500721156,0.0,24.0,1.0,1.0,2.0,0.0,0.0,20.130942441415257,0.0,KEY
4.334962500721156,0.0,24.0,1.0,1.0,2.0,0.0,0.0,20.130942441415257,0.0,KEY
4.0,0.0,16.0,1.0,1.0,2.0,0.0,0.0,16.349851365001356,0.0,IV
5.8125,0.0,64.0,1.0,0.0,2.0,0.0,0.0,35.005012913227894,0.0,PLAINTEXT
5.738204882778696,0.0,64.0,1.0,0.0,2.0,0.0,0.0,34.55758039060913,0.0,CIPHERTEXT
4.875,0.0,32.0,1.0,0.0,2.0,0.0,0.0,24.59142133187246,0.0,KEY
4.875,0.0,32.0,1.0,0.0,2.0,0.0,0.0,24.59142133187246,0.0,KEY
4.875,0.0,32.0,1.0,0.0,2.0,0.0,0.0,24.59142133187246,0.0,KEY
4.875,0.0,32.0,1.0,0.0,2.0,0.0,0.0,24.59142133187246,0.0,KEY
4.0,0.0,16.0,1.0,1.0,2.0,0.0,0.0,16.349851365001356,0.0,IV
5.675704882778696,0.0,64.0,1.0,0.0,2.0,0.0,0.0,34.18118240229486,0.0,PLAINTEXT
5.757659765557392,0.0,64.0,1.0,0.0,2.0,0.0,0.0,34.67474485046179,0.0,CIPHERTEXT
4.9375,0.0,32.0,1.0,0.0,2.0,0.0,0.0,24.906695964332364,0.0,KEY
4.584962500721156,0.0,24.0,1.0,1.0,2.0,0.0,0.0,21.291906488858938,0.0,IV
5.459962500721157,0.0,48.0,1.0,0.0,2.0,0.0,0.0,30.65610520129897,0.0,PLAINTEXT
5.84375,0.0,64.0,1.0,0.0,2.0,0.0,0.0,35.19321190738503,0.0,CIPHERTEXT
4.8125,0.0,32.0,1.0,0.0,2.0,0.0,0.0,24.276146699412557,0.0,KEY
4.9375,0.0,32.0,1.0,0.0,2.0,0.0,0.0,24.906695964332364,0.0,KEY
5.194235677759418,0.0,48.0,1.0,0.0,2.0,0.0,0.0,29.164126192570237,0.0,PLAINTEXT
6.264599089240288,0.0,96.0,0.0,0.0,2.0,0.0,0.0,41.34580798023076,0.0,CIPHERTEXT
4.6875,0.0,32.0,1.0,0.0,2.0,0.0,0.0,23.64559743449275,0.0,KEY
4.875,0.0,32.0,1.0,0.0,2.0,0.0,0.0,24.59142133187246,0.0,KEY
5.84375,0.0,64.0,1.0,0.0,2.0,0.0,0.0,35.19321190738503,0.0,PLAINTEXT
5.769454882778696,0.0,64.0,1.0,0.0,2.0,0.0,0.0,34.74577938476627,0.0,CIPHERTEXT
4.8125,0.0,32.0,1.0,0.0,2.0,0.0,0.0,24.276146699412557,0.0,KEY
4.9375,0.0,32.0,1.0,0.0,2.0,0.0,0.0,24.906695964332364,0.0,KEY
4.501629167387822,0.0,24.0,1.0,1.0,2.0,0.0,0.0,20.904918473044376,0.0,IV
5.334962500721156,0.0,48.0,1.0,0.0,2.0,0.0,0.0,29.954266470784564,0.0,PLAINTEXT
5.78125,0.0,64.0,1.0,0.0,2.0,0.0,0.0,34.81681391907075,0.0,CIPHERTEXT
4.9375,0.0,32.0,1.0,0.0,2.0,0.0,0.0,24.906695964332364,0.0,KEY
5.71875,0.0,64.0,1.0,0.0,2.0,0.0,0.0,34.44041593075647,0.0,PLAINTEXT
4.9375,0.0,32.0,1.0,0.0,2.0,0.0,0.0,24.906695964332364,0.0,CIPHERTEXT
4.0,0.0,16.0,1.0,1.0,2.0,0.0,0.0,16.349851365001356,0.0,KEY
4.0,0.0,16.0,1.0,1.0,2.0,0.0,0.0,16.349851365001356,0.0,KEY
4.0,0.0,16.0,1.0,1.0,2.0,0.0,0.0,16.349851365001356,0.0,KEY
4.0,0.0,16.0,1.0,1.0,2.0,0.0,0.0,16.349851365001356,0.0,KEY
4.0,0.0,16.0,1.0,1.0,2.0,0.0,0.0,16.349851365001356,0.0,KEY
4.0,0.0,16.0,1.0,1.0,2.0,0.0,0.0,16.349851365001356,0.0,IV
5.738204882778696,0.0,64.0,1.0,0.0,2.0,0.0,0.0,34.55758039060913,0.0,PLAINTEXT
5.8125,0.0,64.0,1.0,0.0,2.0,0.0,0.0,35.005012913227894,0.0,CIPHERTEXT
4.418295834054489,0.0,24.0,1.0,1.0,2.0,0.0,0.0,20.517930457229816,0.0,KEY
4.418295834054489,0.0,24.0,1.0,1.0,2.0,0.0,0.0,20.517930457229816,0.0,KEY
4.418295834054489,0.0,24.0,1.0,1.0,2.0,0.0,0.0,20.517930457229816,0.0,KEY
4.418295834054489,0.0,24.0,1.0,1.0,2.0,0.0,0.0,20.517930457229816,0.0,KEY
4.0,0.0,16.0,1.0,1.0,2.0,0.0,0.0,16.349851365001356,0.0,IV
5.800704882778696,0.0,64.0,1.0,0.0,2.0,0.0,0.0,34.93397837892341,0.0,PLAINTEXT
5.800704882778696,0.0,64.0,1.0,0.0,2.0,0.0,0.0,34.93397837892341,0.0,CIPHERTEXT
5.0,0.0,32.0,1.0,0.0,2.0,0.0,0.0,25.221970596792268,0.0,KEY
5.0,0.0,32.0,1.0,0.0,2.0,0.0,0.0,25.221970596792268,0.0,KEY
5.0,0.0,32.0,1.0,0.0,2.0,0.0,0.0,25.221970596792268,0.0,KEY
5.0,0.0,32.0,1.0,0.0,2.0,0.0,0.0,25.221970596792268,0.0,KEY
4.0,0.0,16.0,1.0,1.0,2.0,0.0,0.0,16.349851365001356,0.0,IV
5.581954882778696,0.0,64.0,1.0,0.0,2.0,0.0,0.0,33.61658541982344,0.0,PLAINTEXT
5.738204882778696,0.0,64.0,1.0,0.0,2.0,0.0,0.0,34.55758039060913,0.0,CIPHERTEXT
4.9375,0.0,32.0,1.0,0.0,2.0,0.0,0.0,24.906695964332364,0.0,KEY
4.418295834054489,0.0,24.0,1.0,1.0,2.0,0.0,0.0,20.517930457229816,0.0,IV
5.376629167387823,0.0,48.0,1.0,0.0,2.0,0.0,0.0,30.188212714289367,0.0,PLAINTEXT
5.875,0.0,64.0,1.0,0.0,2.0,0.0,0.0,35.38141090154217,0.0,CIPHERTEXT
4.9375,0.0,32.0,1.0,0.0,2.0,0.0,0.0,24.906695964332364,0.0,KEY
4.9375,0.0,32.0,1.0,0.0,2.0,0.0,0.0,24.906695964332364,0.0,KEY
5.501629167387824,0.0,48.0,1.0,0.0,2.0,0.0,0.0,30.890051444803774,0.0,PLAINTEXT
6.319235677759418,0.0,96.0,0.0,0.0,2.0,0.0,0.0,41.706404702451465,0.0,CIPHERTEXT
4.9375,0.0,32.0,1.0,0.0,2.0,0.0,0.0,24.906695964332364,0.0,KEY
4.875,0.0,32.0,1.0,0.0,2.0,0.0,0.0,24.59142133187246,0.0,KEY
5.8125,0.0,64.0,1.0,0.0,2.0,0.0,0.0,35.005012913227894,0.0,PLAINTEXT
5.78125,0.0,64.0,1.0,0.0,2.0,0.0,0.0,34.81681391907075,0.0,CIPHERTEXT
4.726409765557392,0.0,32.0,1.0,0.0,2.0,0.0,0.0,23.841873627056074,0.0,KEY
4.8125,0.0,32.0,1.0,0.0,2.0,0.0,0.0,24.276146699412557,0.0,KEY
4.386842188131011,0.0,24.0,1.0,1.0,2.0,0.0,0.0,20.371864248917092,0.0,IV
5.501629167387824,0.0,48.0,1.0,0.0,2.0,0.0,0.0,30.890051444803774,0.0,PLAINTEXT
5.613204882778696,0.0,64.0,1.0,0.0,2.0,0.0,0.0,33.80478441398058,0.0,CIPHERTEXT
4.8125,0.0,32.0,1.0,0.0,2.0,0.0,0.0,24.276146699412557,0.0,KEY
5.644454882778696,0.0,64.0,1.0,0.0,2.0,0.0,0.0,33.99298340813772,0.0,PLAINTEXT
4.875,0.0,32.0,1.0,0.0,2.0,0.0,0.0,24.59142133187246,0.0,CIPHERTEXT
3.875,0.0,16.0,1.0,1.0,2.0,0.0,0.0,15.838918509845064,0.0,KEY
3.875,0.0,16.0,1.0,1.0,2.0,0.0,0.0,15.838918509845064,0.0,KEY
3.875,0.0,16.0,1.0,1.0,2.0,0.0,0.0,15.838918509845064,0.0,KEY
3.875,0.0,16.0,1.0,1.0,2.0,0.0,0.0,15.838918509845064,0.0,KEY
3.875,0.0,16.0,1.0,1.0,2.0,0.0,0.0,15.838918509845064,0.0,KEY
3.875,0.0,16.0,1.0,1.0,2.0,0.0,0.0,15.838918509845064,0.0,KEY
4.0,0.0,16.0,1.0,1.0,2.0,0.0,0.0,16.349851365001356,0.0,IV
5.78125,0.0,64.0,1.0,0.0,2.0,0.0,0.0,34.81681391907075,0.0,PLAINTEXT
5.738204882778696,0.0,64.0,1.0,0.0,2.0,0.0,0.0,34.55758039060913,0.0,CIPHERTEXT
4.584962500721156,0.0,24.0,1.0,1.0,2.0,0.0,0.0,21.291906488858938,0.0,KEY
4.584962500721156,0.0,24.0,1.0,1.0,2.0,0.0,0.0,21.291906488858938,0.0,KEY
4.584962500721156,0.0,24.0,1.0,1.0,2.0,0.0,0.0,21.291906488858938,0.0,KEY
4.584962500721156,0.0,24.0,1.0,1.0,2.0,0.0,0.0,21.291906488858938,0.0,KEY
3.875,0.0,16.0,1.0,1.0,2.0,0.0,0.0,15.838918509845064,0.0,IV
5.706954882778696,0.0,64.0,1.0,0.0,2.0,0.0,0.0,34.36938139645199,0.0,PLAINTEXT
5.84375,0.0,64.0,1.0,0.0,2.0,0.0,0.0,35.19321190738503,0.0,CIPHERTEXT
4.9375,0.0,32.0,1.0,0.0,2.0,0.0,0.0,24.906695964332364,0.0,KEY
4.9375,0.0,32.0,1.0,0.0,2.0,0.0,0.0,24.906695964332364,0.0,KEY
4.9375,0.0,32.0,1.0,0.0,2.0,0.0,0.0,24.906695964332364,0.0,KEY
4.9375,0.0,32.0,1.0,0.0,2.0,0.0,0.0,24.906695964332364,0.0,KEY
3.875,0.0,16.0,1.0,1.0,2.0,0.0,0.0,15.838918509845064,0.0,IV
5.75,0.0,64.0,1.0,0.0,2.0,0.0,0.0,34.62861492491361,0.0,PLAINTEXT
5.8125,0.0,64.0,1.0,0.0,2.0,0.0,0.0,35.005012913227894,0.0,CIPHERTEXT
4.875,0.0,32.0,1.0,0.0,2.0,0.0,0.0,24.59142133187246,0.0,KEY
4.584962500721156,0.0,24.0,1.0,1.0,2.0,0.0,0.0,21.291906488858938,0.0,IV
5.459962500721157,0.0,48.0,1.0,0.0,2.0,0.0,0.0,30.65610520129897,0.0,PLAINTEXT
5.8125,0.0,64.0,1.0,0.0,2.0,0.0,0.0,35.005012913227894,0.0,CIPHERTEXT
4.75,0.0,32.0,1.0,0.0,2.0,0.0,0.0,23.960872066952653,0.0,KEY
4.726409765557392,0.0,32.0,1.0,0.0,2.0,0.0,0.0,23.841873627056074,0.0,KEY
5.376629167387823,0.0,48.0,1.0,0.0,2.0,0.0,0.0,30.188212714289367,0.0,PLAINTEXT
6.285432422573621,0.0,96.0,0.0,0.0,2.0,0.0,0.0,41.483306164442986,0.0,CIPHERTEXT
5.0,0.0,32.0,1.0,0.0,2.0,0.0,0.0,25.221970596792268,0.0,KEY
4.9375,0.0,32.0,1.0,0.0,2.0,0.0,0.0,24.906695964332364,0.0,KEY
5.75,0.0,64.0,1.0,0.0,2.0,0.0,0.0,34.62861492491361,0.0,PLAINTEXT
5.9375,0.0,64.0,1.0,0.0,2.0,0.0,0.0,35.75780888985645,0.0,CIPHERTEXT
4.875,0.0,32.0,1.0,0.0,2.0,0.0,0.0,24.59142133187246,0.0,KEY
4.8125,0.0,32.0,1.0,0.0,2.0,0.0,0.0,24.276146699412557,0.0,KEY
4.584962500721156,0.0,24.0,1.0,1.0,2.0,0.0,0.0,21.291906488858938,0.0,IV
5.501629167387824,0.0,48.0,1.0,0.0,2.0,0.0,0.0,30.890051444803774,0.0,PLAINTEXT
5.769454882778696,0.0,64.0,1.0,0.0,2.0,0.0,0.0,34.74577938476627,0.0,CIPHERTEXT
4.9375,0.0,32.0,1.0,0.0,2.0,0.0,0.0,24.906695964332364,0.0,KEY
5.546569531114784,0.0,64.0,1.0,0.0,2.0,0.0,0.0,33.40348181691,0.0,PLAINTEXT
4.875,0.0,32.0,1.0,0.0,2.0,0.0,0.0,24.59142133187246,0.0,CIPHERTEXT
4.0,0.0,16.0,1.0,1.0,2.0,0.0,0.0,16.349851365001356,0.0,KEY
4.0,0.0,16.0,1.0,1.0,2.0,0.0,0.0,16.349851365001356,0.0,KEY
4.0,0.0,16.0,1.0,1.0,2.0,0.0,0.0,16.349851365001356,0.0,KEY
4.0,0.0,16.0,1.0,1.0,2.0,0.0,0.0,16.349851365001356,0.0,KEY
4.0,0.0,16.0,1.0,1.0,2.0,0.0,0.0,16.349851365001356,0.0,KEY
4.0,0.0,16.0,1.0,1.0,2.0,0.0,0.0,16.349851365001356,0.0,IV
5.75,0.0,64.0,1.0,0.0,2.0,0.0,0.0,34.62861492491361,0.0,PLAINTEXT
5.78125,0.0,64.0,1.0,0.0,2.0,0.0,0.0,34.81681391907075,0.0,CIPHERTEXT
4.501629167387822,0.0,24.0,1.0,1.0,2.0,0.0,0.0,20.904918473044376,0.0,KEY
4.501629167387822,0.0,24.0,1.0,1.0,2.0,0.0,0.0,20.904918473044376,0.0,KEY
4.501629167387822,0.0,24.0,1.0,1.0,2.0,0.0,0.0,20.904918473044376,0.0,KEY
4.501629167387822,0.0,24.0,1.0,1.0,2.0,0.0,0.0,20.904918473044376,0.0,KEY
4.0,0.0,16.0,1.0,1.0,2.0,0.0,0.0,16.349851365001356,0.0,IV
5.84375,0.0,64.0,1.0,0.0,2.0,0.0,0.0,35.19321190738503,0.0,PLAINTEXT
5.6875,0.0,64.0,1.0,0.0,2.0,0.0,0.0,34.25221693659933,0.0,CIPHERTEXT
4.9375,0.0,32.0,1.0,0.0,2.0,0.0,0.0,24.906695964332364,0.0,KEY
4.9375,0.0,32.0,1.0,0.0,2.0,0.0,0.0,24.906695964332364,0.0,KEY
4.9375,0.0,32.0,1.0,0.0,2.0,0.0,0.0,24.906695964332364,0.0,KEY
4.9375,0.0,32.0,1.0,0.0,2.0,0.0,0.0,24.906695964332364,0.0,KEY
3.875,0.0,16.0,1.0,1.0,2.0,0.0,0.0,15.838918509845064,0.0,IV
5.632659765557392,0.0,64.0,1.0,0.0,2.0,0.0,0.0,33.92194887383324,0.0,PLAINTEXT
5.738204882778696,0.0,64.0,1.0,0.0,2.0,0.0,0.0,34.55758039060913,0.0,CIPHERTEXT
4.875,0.0,32.0,1.0,0.0,2.0,0.0,0.0,24.59142133187246,0.0,KEY
4.584962500721156,0.0,24.0,1.0,1.0,2.0,0.0,0.0,21.291906488858938,0.0,IV
5.334962500721156,0.0,48.0,1.0,0.0,2.0,0.0,0.0,29.954266470784564,0.0,PLAINTEXT
5.6875,0.0,64.0,1.0,0.0,2.0,0.0,0.0,34.25221693659933,0.0,CIPHERTEXT
4.8125,0.0,32.0,1.0,0.0,2.0,0.0,0.0,24.276146699412557,0.0,KEY
4.8125,0.0,32.0,1.0,0.0,2.0,0.0,0.0,24.276146699412557,0.0,KEY
5.334962500721156,0.0,48.0,1.0,0.0,2.0,0.0,0.0,29.954266470784564,0.0,PLAINTEXT
6.272462500721157,0.0,96.0,0.0,0.0,2.0,0.0,0.0,41.39770581064675,0.0,CIPHERTEXT
4.788909765557392,0.0,32.0,1.0,0.0,2.0,0.0,0.0,24.157148259515978,0.0,KEY
4.8125,0.0,32.0,1.0,0.0,2.0,0.0,0.0,24.276146699412557,0.0,KEY
5.71875,0.0,64.0,1.0,0.0,2.0,0.0,0.0,34.44041593075647,0.0,PLAINTEXT
5.738204882778696,0.0,64.0,1.0,0.0,2.0,0.0,0.0,34.55758039060913,0.0,CIPHERTEXT
4.9375,0.0,32.0,1.0,0.0,2.0,0.0,0.0,24.906695964332364,0.0,KEY
4.875,0.0,32.0,1.0,0.0,2.0,0.0,0.0,24.59142133187246,0.0,KEY
4.584962500721156,0.0,24.0,1.0,1.0,2.0,0.0,0.0,21.291906488858938,0.0,IV
5.251629167387822,0.0,48.0,1.0,0.0,2.0,0.0,0.0,29.48637398377496,0.0,PLAINTEXT
5.8125,0.0,64.0,1.0,0.0,2.0,0.0,0.0,35.005012913227894,0.0,CIPHERTEXT
5.0,0.0,32.0,1.0,0.0,2.0,0.0,0.0,25.221970596792268,0.0,KEY
5.8125,0.0,64.0,1.0,0.0,2.0,0.0,0.0,35.005012913227894,0.0,PLAINTEXT
4.9375,0.0,32.0,1.0,0.0,2.0,0.0,0.0,24.906695964332364,0.0,CIPHERTEXT
4.0,0.0,16.0,1.0,1.0,2.0,0.0,0.0,16.349851365001356,0.0,KEY
4.0,0.0,16.0,1.0,1.0,2.0,0.0,0.0,16.349851365001356,0.0,KEY
4.0,0.0,16.0,1.0,1.0,2.0,0.0,0.0,16.349851365001356,0.0,KEY
4.0,0.0,16.0,1.0,1.0,2.0,0.0,0.0,16.349851365001356,0.0,KEY
4.0,0.0,16.0,1.0,1.0,2.0,0.0,0.0,16.349851365001356,0.0,KEY
4.0,0.0,16.0,1.0,1.0,2.0,0.0,0.0,16.349851365001356,0.0,IV
5.863204882778696,0.0,64.0,1.0,0.0,2.0,0.0,0.0,35.31037636723769,0.0,PLAINTEXT
5.78125,0.0,64.0,1.0,0.0,2.0,0.0,0.0,34.81681391907075,0.0,CIPHERTEXT
4.418295834054489,0.0,24.0,1.0,1.0,2.0,0.0,0.0,20.517930457229816,0.0,KEY
4.418295834054489,0.0,24.0,1.0,1.0,2.0,0.0,0.0,20.517930457229816,0.0,KEY
4.418295834054489,0.0,24.0,1.0,1.0,2.0,0.0,0.0,20.517930457229816,0.0,KEY
4.418295834054489,0.0,24.0,1.0,1.0,2.0,0.0,0.0,20.517930457229816,0.0,KEY
4.0,0.0,16.0,1.0,1.0,2.0,0.0,0.0,16.349851365001356,0.0,IV
5.738204882778696,0.0,64.0,1.0,0.0,2.0,0.0,0.0,34.55758039060913,0.0,PLAINTEXT
5.738204882778696,0.0,64.0,1.0,0.0,2.0,0.0,0.0,34.55758039060913,0.0,CIPHERTEXT
4.875,0.0,32.0,1.0,0.0,2.0,0.0,0.0,24.59142133187246,0.0,KEY
4.875,0.0,32.0,1.0,0.0,2.0,0.0,0.0,24.59142133187246,0.0,KEY
4.875,0.0,32.0,1.0,0.0,2.0,0.0,0.0,24.59142133187246,0.0,KEY
4.875,0.0,32.0,1.0,0.0,2.0,0.0,0.0,24.59142133187246,0.0,KEY
4.0,0.0,16.0,1.0,1.0,2.0,0.0,0.0,16.349851365001356,0.0,IV
5.831954882778696,0.0,64.0,1.0,0.0,2.0,0.0,0.0,35.122177373080554,0.0,PLAINTEXT
5.769454882778696,0.0,64.0,1.0,0.0,2.0,0.0,0.0,34.74577938476627,0.0,CIPHERTEXT
5.0,0.0,32.0,1.0,0.0,2.0,0.0,0.0,25.221970596792268,0.0,KEY
4.501629167387822,0.0,24.0,1.0,1.0,2.0,0.0,0.0,20.904918473044376,0.0,IV
5.376629167387822,0.0,48.0,1.0,0.0,2.0,0.0,0.0,30.18821271428936,0.0,PLAINTEXT
5.875,0.0,64.0,1.0,0.0,2.0,0.0,0.0,35.38141090154217,0.0,CIPHERTEXT
4.8125,0.0,32.0,1.0,0.0,2.0,0.0,0.0,24.276146699412557,0.0,KEY
4.875,0.0,32.0,1.0,0.0,2.0,0.0,0.0,24.59142133187246,0.0,KEY
5.543295834054491,0.0,48.0,1.0,0.0,2.0,0.0,0.0,31.123997688308574,0.0,PLAINTEXT
6.243765755906954,0.0,96.0,0.0,0.0,2.0,0.0,0.0,41.208309796018526,0.0,CIPHERTEXT
4.8125,0.0,32.0,1.0,0.0,2.0,0.0,0.0,24.276146699412557,0.0,KEY
4.875,0.0,32.0,1.0,0.0,2.0,0.0,0.0,24.59142133187246,0.0,KEY
5.84375,0.0,64.0,1.0,0.0,2.0,0.0,0.0,35.19321190738503,0.0,PLAINTEXT
5.78125,0.0,64.0,1.0,0.0,2.0,0.0,0.0,34.81681391907075,0.0,CIPHERTEXT
4.9375,0.0,32.0,1.0,0.0,2.0,0.0,0.0,24.906695964332364,0.0,KEY
4.875,0.0,32.0,1.0,0.0,2.0,0.0,0.0,24.59142133187246,0.0,KEY
4.418295834054489,0.0,24.0,1.0,1.0,2.0,0.0,0.0,20.517930457229816,0.0,IV
5.501629167387824,0.0,48.0,1.0,0.0,2.0,0.0,0.0,30.890051444803774,0.0,PLAINTEXT
5.726409765557392,0.0,64.0,1.0,0.0,2.0,0.0,0.0,34.48654585630465,0.0,CIPHERTEXT
5.0,0.0,32.0,1.0,0.0,2.0,0.0,0.0,25.221970596792268,0.0,KEY
5.84375,0.0,64.0,1.0,0.0,2.0,0.0,0.0,35.19321190738503,0.0,PLAINTEXT
4.875,0.0,32.0,1.0,0.0,2.0,0.0,0.0,24.59142133187246,0.0,CIPHERTEXT
4.0,0.0,16.0,1.0,1.0,2.0,0.0,0.0,16.349851365001356,0.0,KEY
4.0,0.0,16.0,1.0,1.0,2.0,0.0,0.0,16.349851365001356,0.0,KEY
4.0,0.0,16.0,1.0,1.0,2.0,0.0,0.0,16.349851365001356,0.0,KEY
4.0,0.0,16.0,1.0,1.0,2.0,0.0,0.0,16.349851365001356,0.0,KEY
4.0,0.0,16.0,1.0,1.0,2.0,0.0,0.0,16.349851365001356,0.0,KEY
4.0,0.0,16.0,1.0,1.0,2.0,0.0,0.0,16.349851365001356,0.0,IV
5.875,0.0,64.0,1.0,0.0,2.0,0.0,0.0,35.38141090154217,0.0,PLAINTEXT
5.831954882778696,0.0,64.0,1.0,0.0,2.0,0.0,0.0,35.122177373080554,0.0,CIPHERTEXT
4.334962500721156,0.0,24.0,1.0,1.0,2.0,0.0,0.0,20.130942441415257,0.0,KEY
4.334962500721156,0.0,24.0,1.0,1.0,2.0,0.0,0.0,20.130942441415257,0.0,KEY
4.334962500721156,0.0,24.0,1.0,1.0,2.0,0.0,0.0,20.130942441415257,0.0,KEY
4.334962500721156,0.0,24.0,1.0,1.0,2.0,0.0,0.0,20.130942441415257,0.0,KEY
4.334962500721156,0.0,24.0,1.0,1.0,2.0,0.0,0.0,20.130942441415257,0.0,KEY
4.334962500721156,0.0,24.0,1.0,1.0,2.0,0.0,0.0,20.130942441415257,0.0,KEY
4.0,0.0,16.0,1.0,1.0,2.0,0.0,0.0,16.349851365001356,0.0,IV
5.71875,0.0,64.0,1.0,0.0,2.0,0.0,0.0,34.44041593075647,0.0,PLAINTEXT
5.726409765557392,0.0,64.0,1.0,0.0,2.0,0.0,0.0,34.48654585630465,0.0,CIPHERTEXT
4.9375,0.0,32.0,1.0,0.0,2.0,0.0,0.0,24.906695964332364,0.0,KEY
4.9375,0.0,32.0,1.0,0.0,2.0,0.0,0.0,24.906695964332364,0.0,KEY
4.9375,0.0,32.0,1.0,0.0,2.0,0.0,0.0,24.906695964332364,0.0,KEY
4.9375,0.0,32.0,1.0,0.0,2.0,0.0,0.0,24.906695964332364,0.0,KEY
4.9375,0.0,32.0,1.0,0.0,2.0,0.0,0.0,24.906695964332364,0.0,KEY
4.9375,0.0,32.0,1.0,0.0,2.0,0.0,0.0,24.906695964332364,0.0,KEY
4.0,0.0,16.0,1.0,1.0,2.0,0.0,0.0,16.349851365001356,0.0,IV
5.831954882778696,0.0,64.0,1.0,0.0,2.0,0.0,0.0,35.122177373080554,0.0,PLAINTEXT
5.632659765557392,0.0,64.0,1.0,0.0,2.0,0.0,0.0,33.92194887383324,0.0,CIPHERTEXT
4.8125,0.0,32.0,1.0,0.0,2.0,0.0,0.0,24.276146699412557,0.0,KEY
4.418295834054489,0.0,24.0,1.0,1.0,2.0,0.0,0.0,20.517930457229816,0.0,IV
5.459962500721156,0.0,48.0,1.0,0.0,2.0,0.0,0.0,30.656105201298967,0.0,PLAINTEXT
5.78125,0.0,64.0,1.0,0.0,2.0,0.0,0.0,34.81681391907075,0.0,CIPHERTEXT
4.788909765557392,0.0,32.0,1.0,0.0,2.0,0.0,0.0,24.157148259515978,0.0,KEY
4.75,0.0,32.0,1.0,0.0,2.0,0.0,0.0,23.960872066952653,0.0,KEY
5.459962500721157,0.0,48.0,1.0,0.0,2.0,0.0,0.0,30.65610520129897,0.0,PLAINTEXT
6.319235677759418,0.0,96.0,0.0,0.0,2.0,0.0,0.0,41.706404702451465,0.0,CIPHERTEXT
4.8125,0.0,32.0,1.0,0.0,2.0,0.0,0.0,24.276146699412557,0.0,KEY
4.875,0.0,32.0,1.0,0.0,2.0,0.0,0.0,24.59142133187246,0.0,KEY
5.71875,0.0,64.0,1.0,0.0,2.0,0.0,0.0,34.44041593075647,0.0,PLAINTEXT
5.706954882778696,0.0,64.0,1.0,0.0,2.0,0.0,0.0,34.36938139645199,0.0,CIPHERTEXT
4.875,0.0,32.0,1.0,0.0,2.0,0.0,0.0,24.59142133187246,0.0,KEY
4.9375,0.0,32.0,1.0,0.0,2.0,0.0,0.0,24.906695964332364,0.0,KEY
4.584962500721156,0.0,24.0,1.0,1.0,2.0,0.0,0.0,21.291906488858938,0.0,IV
5.501629167387824,0.0,48.0,1.0,0.0,2.0,0.0,0.0,30.890051444803774,0.0,PLAINTEXT
5.78125,0.0,64.0,1.0,0.0,2.0,0.0,0.0,34.81681391907075,0.0,CIPHERTEXT
4.8125,0.0,32.0,1.0,0.0,2.0,0.0,0.0,24.276146699412557,0.0,KEY
5.8125,0.0,64.0,1.0,0.0,2.0,0.0,0.0,35.005012913227894,0.0,PLAINTEXT
4.9375,0.0,32.0,1.0,0.0,2.0,0.0,0.0,24.906695964332364,0.0,CIPHERTEXT
3.875,0.0,16.0,1.0,1.0,2.0,0.0,0.0,15.838918509845064,0.0,KEY
3.875,0.0,16.0,1.0,1.0,2.0,0.0,0.0,15.838918509845064,0.0,KEY
3.875,0.0,16.0,1.0,1.0,2.0,0.0,0.0,15.838918509845064,0.0,KEY
3.875,0.0,16.0,1.0,1.0,2.0,0.0,0.0,15.838918509845064,0.0,KEY
3.875,0.0,16.0,1.0,1.0,2.0,0.0,0.0,15.838918509845064,0.0,KEY
3.875,0.0,16.0,1.0,1.0,2.0,0.0,0.0,15.838918509845064,0.0,KEY
3.875,0.0,16.0,1.0,1.0,2.0,0.0,0.0,15.838918509845064,0.0,KEY
3.875,0.0,16.0,1.0,1.0,2.0,0.0,0.0,15.838918509845064,0.0,KEY
3.875,0.0,16.0,1.0,1.0,2.0,0.0,0.0,15.838918509845064,0.0,IV
5.8125,0.0,64.0,1.0,0.0,2.0,0.0,0.0,35.005012913227894,0.0,PLAINTEXT
5.75,0.0,64.0,1.0,0.0,2.0,0.0,0.0,34.62861492491361,0.0,CIPHERTEXT
4.220175521464345,0.0,24.0,1.0,1.0,2.0,0.0,0.0,19.597888217287974,0.0,KEY
4.220175521464345,0.0,24.0,1.0,1.0,2.0,0.0,0.0,19.597888217287974,0.0,KEY
4.220175521464345,0.0,24.0,1.0,1.0,2.0,0.0,0.0,19.597888217287974,0.0,KEY
4.220175521464345,0.0,24.0,1.0,1.0,2.0,0.0,0.0,19.597888217287974,0.0,KEY
4.220175521464345,0.0,24.0,1.0,1.0,2.0,0.0,0.0,19.597888217287974,0.0,KEY
4.220175521464345,0.0,24.0,1.0,1.0,2.0,0.0,0.0,19.597888217287974,0.0,KEY
3.875,0.0,16.0,1.0,1.0,2.0,0.0,0.0,15.838918509845064,0.0,IV
5.863204882778696,0.0,64.0,1.0,0.0,2.0,0.0,0.0,35.31037636723769,0.0,PLAINTEXT
5.652114648336088,0.0,64.0,1.0,0.0,2.0,0.0,0.0,34.0391133336859,0.0,CIPHERTEXT
4.75,0.0,32.0,1.0,0.0,2.0,0.0,0.0,23.960872066952653,0.0,KEY
4.75,0.0,32.0,1.0,0.0,2.0,0.0,0.0,23.960872066952653,0.0,KEY
4.75,0.0,32.0,1.0,0.0,2.0,0.0,0.0,23.960872066952653,0.0,KEY
4.75,0.0,32.0,1.0,0.0,2.0,0.0,0.0,23.960872066952653,0.0,KEY
4.75,0.0,32.0,1.0,0.0,2.0,0.0,0.0,23.960872066952653,0.0,KEY
4.75,0.0,32.0,1.0,0.0,2.0,0.0,0.0,23.960872066952653,0.0,KEY
4.0,0.0,16.0,1.0,1.0,2.0,0.0,0.0,16.349851365001356,0.0,IV
5.78125,0.0,64.0,1.0,0.0,2.0,0.0,0.0,34.81681391907075,0.0,PLAINTEXT
5.675704882778696,0.0,64.0,1.0,0.0,2.0,0.0,0.0,34.18118240229486,0.0,CIPHERTEXT
4.875,0.0,32.0,1.0,0.0,2.0,0.0,0.0,24.59142133187246,0.0,KEY
4.501629167387822,0.0,24.0,1.0,1.0,2.0,0.0,0.0,20.904918473044376,0.0,IV
5.251629167387822,0.0,48.0,1.0,0.0,2.0,0.0,0.0,29.48637398377496,0.0,PLAINTEXT
5.706954882778696,0.0,64.0,1.0,0.0,2.0,0.0,0.0,34.36938139645199,0.0,CIPHERTEXT
4.875,0.0,32.0,1.0,0.0,2.0,0.0,0.0,24.59142133187246,0.0,KEY
4.726409765557392,0.0,32.0,1.0,0.0,2.0,0.0,0.0,23.841873627056074,0.0,KEY
5.194235677759419,0.0,48.0,1.0,0.0,2.0,0.0,0.0,29.164126192570244,0.0,PLAINTEXT
6.222932422573621,0.0,96.0,0.0,0.0,2.0,0.0,0.0,41.07081161180629,0.0,CIPHERTEXT
4.875,0.0,32.0,1.0,0.0,2.0,0.0,0.0,24.59142133187246,0.0,KEY
4.9375,0.0,32.0,1.0,0.0,2.0,0.0,0.0,24.906695964332364,0.0,KEY
5.769454882778696,0.0,64.0,1.0,0.0,2.0,0.0,0.0,34.74577938476627,0.0,PLAINTEXT
5.84375,0.0,64.0,1.0,0.0,2.0,0.0,0.0,35.19321190738503,0.0,CIPHERTEXT
4.875,0.0,32.0,1.0,0.0,2.0,0.0,0.0,24.59142133187246,0.0,KEY
4.9375,0.0,32.0,1.0,0.0,2.0,0.0,0.0,24.906695964332364,0.0,KEY
4.584962500721156,0.0,24.0,1.0,1.0,2.0,0.0,0.0,21.291906488858938,0.0,IV
5.334962500721155,0.0,48.0,1.0,0.0,2.0,0.0,0.0,29.95426647078456,0.0,PLAINTEXT
5.71875,0.0,64.0,1.0,0.0,2.0,0.0,0.0,34.44041593075647,0.0,CIPHERTEXT
5.0,0.0,32.0,1.0,0.0,2.0,0.0,0.0,25.221970596792268,0.0,KEY
5.769454882778696,0.0,64.0,1.0,0.0,2.0,0.0,0.0,34.74577938476627,0.0,PLAINTEXT
4.875,0.0,32.0,1.0,0.0,2.0,0.0,0.0,24.59142133187246,0.0,CIPHERTEXT
4.0,0.0,16.0,1.0,1.0,2.0,0.0,0.0,16.349851365001356,0.0,KEY
4.0,0.0,16.0,1.0,1.0,2.0,0.0,0.0,16.349851365001356,0.0,KEY
4.0,0.0,16.0,1.0,1.0,2.0,0.0,0.0,16.349851365001356,0.0,KEY
4.0,0.0,16.0,1.0,1.0,2.0,0.0,0.0,16.349851365001356,0.0,KEY
4.0,0.0,16.0,1.0,1.0,2.0,0.0,0.0,16.349851365001356,0.0,KEY
4.0,0.0,16.0,1.0,1.0,2.0,0.0,0.0,16.349851365001356,0.0,KEY
4.0,0.0,16.0,1.0,1.0,2.0,0.0,0.0,16.349851365001356,0.0,KEY
4.0,0.0,16.0,1.0,1.0,2.0,0.0,0.0,16.349851365001356,0.0,KEY
4.0,0.0,16.0,1.0,1.0,2.0,0.0,0.0,16.349851365001356,0.0,IV
5.875,0.0,64.0,1.0,0.0,2.0,0.0,0.0,35.38141090154217,0.0,PLAINTEXT
5.769454882778696,0.0,64.0,1.0,0.0,2.0,0.0,0.0,34.74577938476627,0.0,CIPHERTEXT
4.334962500721156,0.0,24.0,1.0,1.0,2.0,0.0,0.0,20.130942441415257,0.0,KEY
4.334962500721156,0.0,24.0,1.0,1.0,2.0,0.0,0.0,20.130942441415257,0.0,KEY
4.334962500721156,0.0,24.0,1.0,1.0,2.0,0.0,0.0,20.130942441415257,0.0,KEY
4.334962500721156,0.0,24.0,1.0,1.0,2.0,0.0,0.0,20.130942441415257,0.0,KEY
4.334962500721156,0.0,24.0,1.0,1.0,2.0,0.0,0.0,20.130942441415257,0.0,KEY
4.334962500721156,0.0,24.0,1.0,1.0,2.0,0.0,0.0,20.130942441415257,0.0,KEY
4.0,0.0,16.0,1.0,1.0,2.0,0.0,0.0,16.349851365001356,0.0,IV
5.601409765557392,0.0,64.0,1.0,0.0,2.0,0.0,0.0,33.7337498796761,0.0,PLAINTEXT
5.78125,0.0,64.0,1.0,0.0,2.0,0.0,0.0,34.81681391907075,0.0,CIPHERTEXT
4.8125,0.0,32.0,1.0,0.0,2.0,0.0,0.0,24.276146699412557,0.0,KEY
4.8125,0.0,32.0,1.0,0.0,2.0,0.0,0.0,24.276146699412557,0.0,KEY
4.8125,0.0,32.0,1.0,0.0,2.0,0.0,0.0,24.276146699412557,0.0,KEY
4.8125,0.0,32.0,1.0,0.0,2.0,0.0,0.0,24.276146699412557,0.0,KEY
4.8125,0.0,32.0,1.0,0.0,2.0,0.0,0.0,24.276146699412557,0.0,KEY
4.8125,0.0,32.0,1.0,0.0,2.0,0.0,0.0,24.276146699412557,0.0,KEY
3.875,0.0,16.0,1.0,1.0,2.0,0.0,0.0,15.838918509845064,0.0,IV
5.613204882778696,0.0,64.0,1.0,0.0,2.0,0.0,0.0,33.80478441398058,0.0,PLAINTEXT
5.675704882778696,0.0,64.0,1.0,0.0,2.0,0.0,0.0,34.18118240229486,0.0,CIPHERTEXT
4.9375,0.0,32.0,1.0,0.0,2.0,0.0,0.0,24.906695964332364,0.0,KEY
4.584962500721156,0.0,24.0,1.0,1.0,2.0,0.0,0.0,21.291906488858938,0.0,IV
5.334962500721156,0.0,48.0,1.0,0.0,2.0,0.0,0.0,29.954266470784564,0.0,PLAINTEXT
5.663909765557392,0.0,64.0,1.0,0.0,2.0,0.0,0.0,34.11014786799038,0.0,CIPHERTEXT
4.788909765557392,0.0,32.0,1.0,0.0,2.0,0.0,0.0,24.157148259515978,0.0,KEY
5.0,0.0,32.0,1.0,0.0,2.0,0.0,0.0,25.221970596792268,0.0,KEY
5.459962500721157,0.0,48.0,1.0,0.0,2.0,0.0,0.0,30.65610520129897,0.0,PLAINTEXT
6.202099089240288,0.0,96.0,0.0,0.0,2.0,0.0,0.0,40.933313427594065,0.0,CIPHERTEXT
4.9375,0.0,32.0,1.0,0.0,2.0,0.0,0.0,24.906695964332364,0.0,KEY
4.9375,0.0,32.0,1.0,0.0,2.0,0.0,0.0,24.906695964332364,0.0,KEY
5.8125,0.0,64.0,1.0,0.0,2.0,0.0,0.0,35.005012913227894,0.0,PLAINTEXT
5.9375,0.0,64.0,1.0,0.0,2.0,0.0,0.0,35.75780888985645,0.0,CIPHERTEXT
4.875,0.0,32.0,1.0,0.0,2.0,0.0,0.0,24.59142133187246,0.0,KEY
5.0,0.0,32.0,1.0,0.0,2.0,0.0,0.0,25.221970596792268,0.0,KEY
4.418295834054489,0.0,24.0,1.0,1.0,2.0,0.0,0.0,20.517930457229816,0.0,IV
5.459962500721156,0.0,48.0,1.0,0.0,2.0,0.0,0.0,30.656105201298967,0.0,PLAINTEXT
5.800704882778696,0.0,64.0,1.0,0.0,2.0,0.0,0.0,34.93397837892341,0.0,CIPHERTEXT
4.9375,0.0,32.0,1.0,0.0,2.0,0.0,0.0,24.906695964332364,0.0,KEY
5.84375,0.0,64.0,1.0,0.0,2.0,0.0,0.0,35.19321190738503,0.0,PLAINTEXT
4.8125,0.0,32.0,1.0,0.0,2.0,0.0,0.0,24.276146699412557,0.0,CIPHERTEXT
3.875,0.0,16.0,1.0,1.0,2.0,0.0,0.0,15.838918509845064,0.0,KEY
3.875,0.0,16.0,1.0,1.0,2.0,0.0,0.0,15.838918509845064,0.0,KEY
3.875,0.0,16.0,1.0,1.0,2.0,0.0,0.0,15.838918509845064,0.0,KEY
3.875,0.0,16.0,1.0,1.0,2.0,0.0,0.0,15.838918509845064,0.0,KEY
3.875,0.0,16.0,1.0,1.0,2.0,0.0,0.0,15.838918509845064,0.0,KEY
3.875,0.0,16.0,1.0,1.0,2.0,0.0,0.0,15.838918509845064,0.0,KEY
3.875,0.0,16.0,1.0,1.0,2.0,0.0,0.0,15.838918509845064,0.0,KEY
3.875,0.0,16.0,1.0,1.0,2.0,0.0,0.0,15.838918509845064,0.0,KEY
4.0,0.0,16.0,1.0,1.0,2.0,0.0,0.0,16.349851365001356,0.0,IV
5.9375,0.0,64.0,1.0,0.0,2.0,0.0,0.0,35.75780888985645,0.0,PLAINTEXT
5.644454882778696,0.0,64.0,1.0,0.0,2.0,0.0,0.0,33.99298340813772,0.0,CIPHERTEXT
4.418295834054489,0.0,24.0,1.0,1.0,2.0,0.0,0.0,20.517930457229816,0.0,KEY
4.418295834054489,0.0,24.0,1.0,1.0,2.0,0.0,0.0,20.517930457229816,0.0,KEY
4.418295834054489,0.0,24.0,1.0,1.0,2.0,0.0,0.0,20.517930457229816,0.0,KEY
4.418295834054489,0.0,24.0,1.0,1.0,2.0,0.0,0.0,20.517930457229816,0.0,KEY
4.418295834054489,0.0,24.0,1.0,1.0,2.0,0.0,0.0,20.517930457229816,0.0,KEY
4.418295834054489,0.0,24.0,1.0,1.0,2.0,0.0,0.0,20.517930457229816,0.0,KEY
3.875,0.0,16.0,1.0,1.0,2.0,0.0,0.0,15.838918509845064,0.0,IV
5.78125,0.0,64.0,1.0,0.0,2.0,0.0,0.0,34.81681391907075,0.0,PLAINTEXT
5.800704882778696,0.0,64.0,1.0,0.0,2.0,0.0,0.0,34.93397837892341,0.0,CIPHERTEXT
4.9375,0.0,32.0,1.0,0.0,2.0,0.0,0.0,24.906695964332364,0.0,KEY
4.9375,0.0,32.0,1.0,0.0,2.0,0.0,0.0,24.906695964332364,0.0,KEY
4.9375,0.0,32.0,1.0,0.0,2.0,0.0,0.0,24.906695964332364,0.0,KEY
4.9375,0.0,32.0,1.0,0.0,2.0,0.0,0.0,24.906695964332364,0.0,KEY
4.9375,0.0,32.0,1.0,0.0,2.0,0.0,0.0,24.906695964332364,0.0,KEY
4.9375,0.0,32.0,1.0,0.0,2.0,0.0,0.0,24.906695964332364,0.0,KEY
4.0,0.0,16.0,1.0,1.0,2.0,0.0,0.0,16.349851365001356,0.0,IV
5.75,0.0,64.0,1.0,0.0,2.0,0.0,0.0,34.62861492491361,0.0,PLAINTEXT
5.75,0.0,64.0,1.0,0.0,2.0,0.0,0.0,34.62861492491361,0.0,CIPHERTEXT
4.875,0.0,32.0,1.0,0.0,2.0,0.0,0.0,24.59142133187246,0.0,KEY
4.418295834054489,0.0,24.0,1.0,1.0,2.0,0.0,0.0,20.517930457229816,0.0,IV
5.4025690110927505,0.0,48.0,1.0,0.0,2.0,0.0,0.0,30.333857410094232,0.0,PLAINTEXT
5.706954882778696,0.0,64.0,1.0,0.0,2.0,0.0,0.0,34.36938139645199,0.0,CIPHERTEXT
5.0,0.0,32.0,1.0,0.0,2.0,0.0,0.0,25.221970596792268,0.0,KEY
4.663909765557392,0.0,32.0,1.0,0.0,2.0,0.0,0.0,23.52659899459617,0.0,KEY
5.360902344426084,0.0,48.0,1.0,0.0,2.0,0.0,0.0,30.099911166589436,0.0,PLAINTEXT
6.261842188131013,0.0,96.0,0.0,0.0,2.0,0.0,0.0,41.32761267319501,0.0,CIPHERTEXT
4.9375,0.0,32.0,1.0,0.0,2.0,0.0,0.0,24.906695964332364,0.0,KEY
4.8125,0.0,32.0,1.0,0.0,2.0,0.0,0.0,24.276146699412557,0.0,KEY
5.84375,0.0,64.0,1.0,0.0,2.0,0.0,0.0,35.19321190738503,0.0,PLAINTEXT
5.8125,0.0,64.0,1.0,0.0,2.0,0.0,0.0,35.005012913227894,0.0,CIPHERTEXT
4.875,0.0,32.0,1.0,0.0,2.0,0.0,0.0,24.59142133187246,0.0,KEY
4.8125,0.0,32.0,1.0,0.0,2.0,0.0,0.0,24.276146699412557,0.0,KEY
4.584962500721156,0.0,24.0,1.0,1.0,2.0,0.0,0.0,21.291906488858938,0.0,IV
5.209962500721157,0.0,48.0,1.0,0.0,2.0,0.0,0.0,29.252427740270168,0.0,PLAINTEXT
5.601409765557392,0.0,64.0,1.0,0.0,2.0,0.0,0.0,33.7337498796761,0.0,CIPHERTEXT
4.875,0.0,32.0,1.0,0.0,2.0,0.0,0.0,24.59142133187246,0.0,KEY
5.726409765557392,0.0,64.0,1.0,0.0,2.0,0.0,0.0,34.48654585630465,0.0,PLAINTEXT
4.875,0.0,32.0,1.0,0.0,2.0,0.0,0.0,24.59142133187246,0.0,CIPHERTEXT
4.0,0.0,16.0,1.0,1.0,2.0,0.0,0.0,16.349851365001356,0.0,KEY
4.0,0.0,16.0,1.0,1.0,2.0,0.0,0.0,16.349851365001356,0.0,KEY
4.0,0.0,16.0,1.0,1.0,2.0,0.0,0.0,16.349851365001356,0.0,KEY
4.0,0.0,16.0,1.0,1.0,2.0,0.0,0.0,16.349851365001356,0.0,KEY
4.0,0.0,16.0,1.0,1.0,2.0,0.0,0.0,16.349851365001356,0.0,KEY
4.0,0.0,16.0,1.0,1.0,2.0,0.0,0.0,16.349851365001356,0.0,KEY
4.0,0.0,16.0,1.0,1.0,2.0,0.0,0.0,16.349851365001356,0.0,KEY
4.0,0.0,16.0,1.0,1.0,2.0,0.0,0.0,16.349851365001356,0.0,KEY
4.0,0.0,16.0,1.0,1.0,2.0,0.0,0.0,16.349851365001356,0.0,IV
5.738204882778696,0.0,64.0,1.0,0.0,2.0,0.0,0.0,34.55758039060913,0.0,PLAINTEXT
5.875,0.0,64.0,1.0,0.0,2.0,0.0,0.0,35.38141090154217,0.0,CIPHERTEXT
4.584962500721156,0.0,24.0,1.0,1.0,2.0,0.0,0.0,21.291906488858938,0.0,KEY
4.584962500721156,0.0,24.0,1.0,1.0,2.0,0.0,0.0,21.291906488858938,0.0,KEY
4.584962500721156,0.0,24.0,1.0,1.0,2.0,0.0,0.0,21.291906488858938,0.0,KEY
4.584962500721156,0.0,24.0,1.0,1.0,2.0,0.0,0.0,21.291906488858938,0.0,KEY
4.584962500721156,0.0,24.0,1.0,1.0,2.0,0.0,0.0,21.291906488858938,0.0,KEY
4.584962500721156,0.0,24.0,1.0,1.0,2.0,0.0,0.0,21.291906488858938,0.0,KEY
4.0,0.0,16.0,1.0,1.0,2.0,0.0,0.0,16.349851365001356,0.0,IV
5.84375,0.0,64.0,1.0,0.0,2.0,0.0,0.0,35.19321190738503,0.0,PLAINTEXT
5.875,0.0,64.0,1.0,0.0,2.0,0.0,0.0,35.38141090154217,0.0,CIPHERTEXT
4.9375,0.0,32.0,1.0,0.0,2.0,0.0,0.0,24.906695964332364,0.0,KEY
4.9375,0.0,32.0,1.0,0.0,2.0,0.0,0.0,24.906695964332364,0.0,KEY
4.9375,0.0,32.0,1.0,0.0,2.0,0.0,0.0,24.906695964332364,0.0,KEY
4.9375,0.0,32.0,1.0,0.0,2.0,0.0,0.0,24.906695964332364,0.0,KEY
4.9375,0.0,32.0,1.0,0.0,2.0,0.0,0.0,24.906695964332364,0.0,KEY
4.9375,0.0,32.0,1.0,0.0,2.0,0.0,0.0,24.906695964332364,0.0,KEY
4.0,0.0,16.0,1.0,1.0,2.0,0.0,0.0,16.349851365001356,0.0,IV
5.84375,0.0,64.0,1.0,0.0,2.0,0.0,0.0,35.19321190738503,0.0,PLAINTEXT
5.769454882778696,0.0,64.0,1.0,0.0,2.0,0.0,0.0,34.74577938476627,0.0,CIPHERTEXT
4.9375,0.0,32.0,1.0,0.0,2.0,0.0,0.0,24.906695964332364,0.0,KEY
4.501629167387822,0.0,24.0,1.0,1.0,2.0,0.0,0.0,20.904918473044376,0.0,IV
5.459962500721157,0.0,48.0,1.0,0.0,2.0,0.0,0.0,30.65610520129897,0.0,PLAINTEXT
5.769454882778696,0.0,64.0,1.0,0.0,2.0,0.0,0.0,34.74577938476627,0.0,CIPHERTEXT
4.875,0.0,32.0,1.0,0.0,2.0,0.0,0.0,24.59142133187246,0.0,KEY
4.9375,0.0,32.0,1.0,0.0,2.0,0.0,0.0,24.906695964332364,0.0,KEY
5.459962500721157,0.0,48.0,1.0,0.0,2.0,0.0,0.0,30.65610520129897,0.0,PLAINTEXT
6.264599089240288,0.0,96.0,0.0,0.0,2.0,0.0,0.0,41.34580798023076,0.0,CIPHERTEXT
4.875,0.0,32.0,1.0,0.0,2.0,0.0,0.0,24.59142133187246,0.0,KEY
5.0,0.0,32.0,1.0,0.0,2.0,0.0,0.0,25.221970596792268,0.0,KEY
5.71875,0.0,64.0,1.0,0.0,2.0,0.0,0.0,34.44041593075647,0.0,PLAINTEXT
5.706954882778696,0.0,64.0,1.0,0.0,2.0,0.0,0.0,34.36938139645199,0.0,CIPHERTEXT
4.8125,0.0,32.0,1.0,0.0,2.0,0.0,0.0,24.276146699412557,0.0,KEY
4.875,0.0,32.0,1.0,0.0,2.0,0.0,0.0,24.59142133187246,0.0,KEY
4.584962500721156,0.0,24.0,1.0,1.0,2.0,0.0,0.0,21.291906488858938,0.0,IV
5.376629167387822,0.0,48.0,1.0,0.0,2.0,0.0,0.0,30.18821271428936,0.0,PLAINTEXT
5.625,0.0,64.0,1.0,0.0,2.0,0.0,0.0,33.87581894828506,0.0,CIPHERTEXT
4.9375,0.0,32.0,1.0,0.0,2.0,0.0,0.0,24.906695964332364,0.0,KEY
5.8125,0.0,64.0,1.0,0.0,2.0,0.0,0.0,35.005012913227894,0.0,PLAINTEXT
4.875,0.0,32.0,1.0,0.0,2.0,0.0,0.0,24.59142133187246,0.0,CIPHERTEXT
3.875,0.0,16.0,1.0,1.0,2.0,0.0,0.0,15.838918509845064,0.0,KEY
3.875,0.0,16.0,1.0,1.0,2.0,0.0,0.0,15.838918509845064,0.0,KEY
4.0,0.0,16.0,1.0,1.0,2.0,0.0,0.0,16.349851365001356,0.0,IV
5.875,0.0,64.0,1.0,0.0,2.0,0.0,0.0,35.38141090154217,0.0,PLAINTEXT
5.75,0.0,64.0,1.0,0.0,2.0,0.0,0.0,34.62861492491361,0.0,CIPHERTEXT
4.303508854797679,0.0,24.0,1.0,1.0,2.0,0.0,0.0,19.984876233102536,0.0,KEY
4.303508854797679,0.0,24.0,1.0,1.0,2.0,0.0,0.0,19.984876233102536,0.0,KEY
4.303508854797679,0.0,24.0,1.0,1.0,2.0,0.0,0.0,19.984876233102536,0.0,KEY
4.303508854797679,0.0,24.0,1.0,1.0,2.0,0.0,0.0,19.984876233102536,0.0,KEY
4.303508854797679,0.0,24.0,1.0,1.0,2.0,0.0,0.0,19.984876233102536,0.0,KEY
4.303508854797679,0.0,24.0,1.0,1.0,2.0,0.0,0.0,19.984876233102536,0.0,KEY
4.303508854797679,0.0,24.0,1.0,1.0,2.0,0.0,0.0,19.984876233102536,0.0,KEY
4.303508854797679,0.0,24.0,1.0,1.0,2.0,0.0,0.0,19.984876233102536,0.0,KEY
4.303508854797679,0.0,24.0,1.0,1.0,2.0,0.0,0.0,19.984876233102536,0.0,KEY
4.303508854797679,0.0,24.0,1.0,1.0,2.0,0.0,0.0,19.984876233102536,0.0,KEY
4.303508854797679,0.0,24.0,1.0,1.0,2.0,0.0,0.0,19.984876233102536,0.0,KEY
4.303508854797679,0.0,24.0,1.0,1.0,2.0,0.0,0.0,19.984876233102536,0.0,KEY
4.0,0.0,16.0,1.0,1.0,2.0,0.0,0.0,16.349851365001356,0.0,IV
5.78125,0.0,64.0,1.0,0.0,2.0,0.0,0.0,34.81681391907075,0.0,PLAINTEXT
5.875,0.0,64.0,1.0,0.0,2.0,0.0,0.0,35.38141090154217,0.0,CIPHERTEXT
5.0,0.0,32.0,1.0,0.0,2.0,0.0,0.0,25.221970596792268,0.0,KEY
5.0,0.0,32.0,1.0,0.0,2.0,0.0,0.0,25.221970596792268,0.0,KEY
5.0,0.0,32.0,1.0,0.0,2.0,0.0,0.0,25.221970596792268,0.0,KEY
5.0,0.0,32.0,1.0,0.0,2.0,0.0,0.0,25.221970596792268,0.0,KEY
5.0,0.0,32.0,1.0,0.0,2.0,0.0,0.0,25.221970596792268,0.0,KEY
5.0,0.0,32.0,1.0,0.0,2.0,0.0,0.0,25.221970596792268,0.0,KEY
5.0,0.0,32.0,1.0,0.0,2.0,0.0,0.0,25.221970596792268,0.0,KEY
5.0,0.0,32.0,1.0,0.0,2.0,0.0,0.0,25.221970596792268,0.0,KEY
5.0,0.0,32.0,1.0,0.0,2.0,0.0,0.0,25.221970596792268,0.0,KEY
5.0,0.0,32.0,1.0,0.0,2.0,0.0,0.0,25.221970596792268,0.0,KEY
5.0,0.0,32.0,1.0,0.0,2.0,0.0,0.0,25.221970596792268,0.0,KEY
5.0,0.0,32.0,1.0,0.0,2.0,0.0,0.0,25.221970596792268,0.0,KEY
3.875,0.0,16.0,1.0,1.0,2.0,0.0,0.0,15.838918509845064,0.0,IV
5.8125,0.0,64.0,1.0,0.0,2.0,0.0,0.0,35.005012913227894,0.0,PLAINTEXT
5.644454882778696,0.0,64.0,1.0,0.0,2.0,0.0,0.0,33.99298340813772,0.0,CIPHERTEXT
4.8125,0.0,32.0,1.0,0.0,2.0,0.0,0.0,24.276146699412557,0.0,KEY
4.501629167387822,0.0,24.0,1.0,1.0,2.0,0.0,0.0,20.904918473044376,0.0,IV
5.459962500721157,0.0,48.0,1.0,0.0,2.0,0.0,0.0,30.65610520129897,0.0,PLAINTEXT
5.875,0.0,64.0,1.0,0.0,2.0,0.0,0.0,35.38141090154217,0.0,CIPHERTEXT
4.8125,0.0,32.0,1.0,0.0,2.0,0.0,0.0,24.276146699412557,0.0,KEY
4.9375,0.0,32.0,1.0,0.0,2.0,0.0,0.0,24.906695964332364,0.0,KEY
5.293295834054489,0.0,48.0,1.0,0.0,2.0,0.0,0.0,29.720320227279764,0.0,PLAINTEXT
6.256735677759418,0.0,96.0,0.0,0.0,2.0,0.0,0.0,41.29391014981477,0.0,CIPHERTEXT
5.0,0.0,32.0,1.0,0.0,2.0,0.0,0.0,25.221970596792268,0.0,KEY
5.0,0.0,32.0,1.0,0.0,2.0,0.0,0.0,25.221970596792268,0.0,KEY
5.738204882778696,0.0,64.0,1.0,0.0,2.0,0.0,0.0,34.55758039060913,0.0,PLAINTEXT
5.75,0.0,64.0,1.0,0.0,2.0,0.0,0.0,34.62861492491361,0.0,CIPHERTEXT
4.875,0.0,32.0,1.0,0.0,2.0,0.0,0.0,24.59142133187246,0.0,KEY
4.726409765557392,0.0,32.0,1.0,0.0,2.0,0.0,0.0,23.841873627056074,0.0,KEY
4.501629167387822,0.0,24.0,1.0,1.0,2.0,0.0,0.0,20.904918473044376,0.0,IV
5.376629167387822,0.0,48.0,1.0,0.0,2.0,0.0,0.0,30.18821271428936,0.0,PLAINTEXT
5.78125,0.0,64.0,1.0,0.0,2.0,0.0,0.0,34.81681391907075,0.0,CIPHERTEXT
4.9375,0.0,32.0,1.0,0.0,2.0,0.0,0.0,24.906695964332364,0.0,KEY
5.6875,0.0,64.0,1.0,0.0,2.0,0.0,0.0,34.25221693659933,0.0,PLAINTEXT
4.9375,0.0,32.0,1.0,0.0,2.0,0.0,0.0,24.906695964332364,0.0,CIPHERTEXT
4.0,0.0,16.0,1.0,1.0,2.0,0.0,0.0,16.349851365001356,0.0,KEY
4.0,0.0,16.0,1.0,1.0,2.0,0.0,0.0,16.349851365001356,0.0,KEY
4.0,0.0,16.0,1.0,1.0,2.0,0.0,0.0,16.349851365001356,0.0,KEY
4.0,0.0,16.0,1.0,1.0,2.0,0.0,0.0,16.349851365001356,0.0,KEY
4.0,0.0,16.0,1.0,1.0,2.0,0.0,0.0,16.349851365001356,0.0,KEY
4.0,0.0,16.0,1.0,1.0,2.0,0.0,0.0,16.349851365001356,0.0,KEY
4.0,0.0,16.0,1.0,1.0,2.0,0.0,0.0,16.349851365001356,0.0,KEY
4.0,0.0,16.0,1.0,1.0,2.0,0.0,0.0,16.349851365001356,0.0,KEY
4.0,0.0,16.0,1.0,1.0,2.0,0.0,0.0,16.349851365001356,0.0,KEY
4.0,0.0,16.0,1.0,1.0,2.0,0.0,0.0,16.349851365001356,0.0,KEY
4.0,0.0,16.0,1.0,1.0,2.0,0.0,0.0,16.349851365001356,0.0,KEY
4.0,0.0,16.0,1.0,1.0,2.0,0.0,0.0,16.349851365001356,0.0,KEY
4.0,0.0,16.0,1.0,1.0,2.0,0.0,0.0,16.349851365001356,0.0,KEY
4.0,0.0,16.0,1.0,1.0,2.0,0.0,0.0,16.349851365001356,0.0,KEY
4.0,0.0,16.0,1.0,1.0,2.0,0.0,0.0,16.349851365001356,0.0,KEY
4.0,0.0,16.0,1.0,1.0,2.0,0.0,0.0,16.349851365001356,0.0,KEY
4.0,0.0,16.0,1.0,1.0,2.0,0.0,0.0,16.349851365001356,0.0,KEY
3.875,0.0,16.0,1.0,1.0,2.0,0.0,0.0,15.838918509845064,0.0,IV
5.769454882778696,0.0,64.0,1.0,0.0,2.0,0.0,0.0,34.74577938476627,0.0,PLAINTEXT
5.769454882778696,0.0,64.0,1.0,0.0,2.0,0.0,0.0,34.74577938476627,0.0,CIPHERTEXT
4.418295834054489,0.0,24.0,1.0,1.0,2.0,0.0,0.0,20.517930457229816,0.0,KEY
4.418295834054489,0.0,24.0,1.0,1.0,2.0,0.0,0.0,20.517930457229816,0.0,KEY
4.418295834054489,0.0,24.0,1.0,1.0,2.0,0.0,0.0,20.517930457229816,0.0,KEY
4.418295834054489,0.0,24.0,1.0,1.0,2.0,0.0,0.0,20.517930457229816,0.0,KEY
4.418295834054489,0.0,24.0,1.0,1.0,2.0,0.0,0.0,20.517930457229816,0.0,KEY
4.418295834054489,0.0,24.0,1.0,1.0,2.0,0.0,0.0,20.517930457229816,0.0,KEY
4.418295834054489,0.0,24.0,1.0,1.0,2.0,0.0,0.0,20.517930457229816,0.0,KEY
4.418295834054489,0.0,24.0,1.0,1.0,2.0,0.0,0.0,20.517930457229816,0.0,KEY
4.418295834054489,0.0,24.0,1.0,1.0,2.0,0.0,0.0,20.517930457229816,0.0,KEY
4.418295834054489,0.0,24.0,1.0,1.0,2.0,0.0,0.0,20.517930457229816,0.0,KEY
4.418295834054489,0.0,24.0,1.0,1.0,2.0,0.0,0.0,20.517930457229816,0.0,KEY
4.418295834054489,0.0,24.0,1.0,1.0,2.0,0.0,0.0,20.517930457229816,0.0,KEY
4.0,0.0,16.0,1.0,1.0,2.0,0.0,0.0,16.349851365001356,0.0,IV
5.706954882778696,0.0,64.0,1.0,0.0,2.0,0.0,0.0,34.36938139645199,0.0,PLAINTEXT
5.8125,0.0,64.0,1.0,0.0,2.0,0.0,0.0,35.005012913227894,0.0,CIPHERTEXT
4.875,0.0,32.0,1.0,0.0,2.0,0.0,0.0,24.59142133187246,0.0,KEY
4.875,0.0,32.0,1.0,0.0,2.0,0.0,0.0,24.59142133187246,0.0,KEY
4.875,0.0,32.0,1.0,0.0,2.0,0.0,0.0,24.59142133187246,0.0,KEY
4.875,0.0,32.0,1.0,0.0,2.0,0.0,0.0,24.59142133187246,0.0,KEY
4.875,0.0,32.0,1.0,0.0,2.0,0.0,0.0,24.59142133187246,0.0,KEY
4.875,0.0,32.0,1.0,0.0,2.0,0.0,0.0,24.59142133187246,0.0,KEY
4.875,0.0,32.0,1.0,0.0,2.0,0.0,0.0,24.59142133187246,0.0,KEY
4.875,0.0,32.0,1.0,0.0,2.0,0.0,0.0,24.59142133187246,0.0,KEY
4.875,0.0,32.0,1.0,0.0,2.0,0.0,0.0,24.59142133187246,0.0,KEY
4.875,0.0,32.0,1.0,0.0,2.0,0.0,0.0,24.59142133187246,0.0,KEY
4.875,0.0,32.0,1.0,0.0,2.0,0.0,0.0,24.59142133187246,0.0,KEY
4.875,0.0,32.0,1.0,0.0,2.0,0.0,0.0,24.59142133187246,0.0,KEY
3.875,0.0,16.0,1.0,1.0,2.0,0.0,0.0,15.838918509845064,0.0,IV
5.8125,0.0,64.0,1.0,0.0,2.0,0.0,0.0,35.005012913227894,0.0,PLAINTEXT
5.738204882778696,0.0,64.0,1.0,0.0,2.0,0.0,0.0,34.55758039060913,0.0,CIPHERTEXT
4.9375,0.0,32.0,1.0,0.0,2.0,0.0,0.0,24.906695964332364,0.0,KEY
4.501629167387822,0.0,24.0,1.0,1.0,2.0,0.0,0.0,20.904918473044376,0.0,IV
5.459962500721157,0.0,48.0,1.0,0.0,2.0,0.0,0.0,30.65610520129897,0.0,PLAINTEXT
5.78125,0.0,64.0,1.0,0.0,2.0,0.0,0.0,34.81681391907075,0.0,CIPHERTEXT
4.875,0.0,32.0,1.0,0.0,2.0,0.0,0.0,24.59142133187246,0.0,KEY
4.75,0.0,32.0,1.0,0.0,2.0,0.0,0.0,23.960872066952653,0.0,KEY
5.319235677759417,0.0,48.0,1.0,0.0,2.0,0.0,0.0,29.865964923084633,0.0,PLAINTEXT
6.084962500721156,0.0,96.0,0.0,0.0,2.0,0.0,0.0,40.16022215273666,0.0,CIPHERTEXT
4.75,0.0,32.0,1.0,0.0,2.0,0.0,0.0,23.960872066952653,0.0,KEY
4.875,0.0,32.0,1.0,0.0,2.0,0.0,0.0,24.59142133187246,0.0,KEY
5.695159765557392,0.0,64.0,1.0,0.0,2.0,0.0,0.0,34.29834686214752,0.0,PLAINTEXT
5.84375,0.0,64.0,1.0,0.0,2.0,0.0,0.0,35.19321190738503,0.0,CIPHERTEXT
4.8125,0.0,32.0,1.0,0.0,2.0,0.0,0.0,24.276146699412557,0.0,KEY
4.9375,0.0,32.0,1.0,0.0,2.0,0.0,0.0,24.906695964332364,0.0,KEY
4.501629167387822,0.0,24.0,1.0,1.0,2.0,0.0,0.0,20.904918473044376,0.0,IV
5.2775690110927505,0.0,48.0,1.0,0.0,2.0,0.0,0.0,29.632018679579833,0.0,PLAINTEXT
5.644454882778696,0.0,64.0,1.0,0.0,2.0,0.0,0.0,33.99298340813772,0.0,CIPHERTEXT
5.0,0.0,32.0,1.0,0.0,2.0,0.0,0.0,25.221970596792268,0.0,KEY
5.78125,0.0,64.0,1.0,0.0,2.0,0.0,0.0,34.81681391907075,0.0,PLAINTEXT
4.75,0.0,32.0,1.0,0.0,2.0,0.0,0.0,23.960872066952653,0.0,CIPHERTEXT
3.875,0.0,16.0,1.0,1.0,2.0,0.0,0.0,15.838918509845064,0.0,KEY
3.875,0.0,16.0,1.0,1.0,2.0,0.0,0.0,15.838918509845064,0.0,KEY
3.875,0.0,16.0,1.0,1.0,2.0,0.0,0.0,15.838918509845064,0.0,KEY
3.875,0.0,16.0,1.0,1.0,2.0,0.0,0.0,15.838918509845064,0.0,KEY
3.875,0.0,16.0,1.0,1.0,2.0,0.0,0.0,15.838918509845064,0.0,KEY
3.875,0.0,16.0,1.0,1.0,2.0,0.0,0.0,15.838918509845064,0.0,KEY
3.875,0.0,16.0,1.0,1.0,2.0,0.0,0.0,15.838918509845064,0.0,KEY
3.875,0.0,16.0,1.0,1.0,2.0,0.0,0.0,15.838918509845064,0.0,KEY
3.875,0.0,16.0,1.0,1.0,2.0,0.0,0.0,15.838918509845064,0.0,KEY
3.875,0.0,16.0,1.0,1.0,2.0,0.0,0.0,15.838918509845064,0.0,KEY
3.875,0.0,16.0,1.0,1.0,2.0,0.0,0.0,15.838918509845064,0.0,KEY
3.875,0.0,16.0,1.0,1.0,2.0,0.0,0.0,15.838918509845064,0.0,KEY
3.875,0.0,16.0,1.0,1.0,2.0,0.0,0.0,15.838918509845064,0.0,KEY
3.875,0.0,16.0,1.0,1.0,2.0,0.0,0.0,15.838918509845064,0.0,KEY
3.875,0.0,16.0,1.0,1.0,2.0,0.0,0.0,15.838918509845064,0.0,KEY
3.875,0.0,16.0,1.0,1.0,2.0,0.0,0.0,15.838918509845064,0.0,KEY
3.875,0.0,16.0,1.0,1.0,2.0,0.0,0.0,15.838918509845064,0.0,KEY
3.875,0.0,16.0,1.0,1.0,2.0,0.0,0.0,15.838918509845064,0.0,IV
5.8125,0.0,64.0,1.0,0.0,2.0,0.0,0.0,35.005012913227894,0.0,PLAINTEXT
5.738204882778696,0.0,64.0,1.0,0.0,2.0,0.0,0.0,34.55758039060913,0.0,CIPHERTEXT
4.501629167387822,0.0,24.0,1.0,1.0,2.0,0.0,0.0,20.904918473044376,0.0,KEY
4.501629167387822,0.0,24.0,1.0,1.0,2.0,0.0,0.0,20.904918473044376,0.0,KEY
4.501629167387822,0.0,24.0,1.0,1.0,2.0,0.0,0.0,20.904918473044376,0.0,KEY
4.501629167387822,0.0,24.0,1.0,1.0,2.0,0.0,0.0,20.904918473044376,0.0,KEY
4.501629167387822,0.0,24.0,1.0,1.0,2.0,0.0,0.0,20.904918473044376,0.0,KEY
4.501629167387822,0.0,24.0,1.0,1.0,2.0,0.0,0.0,20.904918473044376,0.0,KEY
4.501629167387822,0.0,24.0,1.0,1.0,2.0,0.0,0.0,20.904918473044376,0.0,KEY
4.501629167387822,0.0,24.0,1.0,1.0,2.0,0.0,0.0,20.904918473044376,0.0,KEY
4.501629167387822,0.0,24.0,1.0,1.0,2.0,0.0,0.0,20.904918473044376,0.0,KEY
4.501629167387822,0.0,24.0,1.0,1.0,2.0,0.0,0.0,20.904918473044376,0.0,KEY
4.501629167387822,0.0,24.0,1.0,1.0,2.0,0.0,0.0,20.904918473044376,0.0,KEY
4.501629167387822,0.0,24.0,1.0,1.0,2.0,0.0,0.0,20.904918473044376,0.0,KEY
4.0,0.0,16.0,1.0,1.0,2.0,0.0,0.0,16.349851365001356,0.0,IV
5.875,0.0,64.0,1.0,0.0,2.0,0.0,0.0,35.38141090154217,0.0,PLAINTEXT
5.78125,0.0,64.0,1.0,0.0,2.0,0.0,0.0,34.81681391907075,0.0,CIPHERTEXT
4.875,0.0,32.0,1.0,0.0,2.0,0.0,0.0,24.59142133187246,0.0,KEY
4.875,0.0,32.0,1.0,0.0,2.0,0.0,0.0,24.59142133187246,0.0,KEY
4.875,0.0,32.0,1.0,0.0,2.0,0.0,0.0,24.59142133187246,0.0,KEY
4.875,0.0,32.0,1.0,0.0,2.0,0.0,0.0,24.59142133187246,0.0,KEY
4.875,0.0,32.0,1.0,0.0,2.0,0.0,0.0,24.59142133187246,0.0,KEY
4.875,0.0,32.0,1.0,0.0,2.0,0.0,0.0,24.59142133187246,0.0,KEY
4.875,0.0,32.0,1.0,0.0,2.0,0.0,0.0,24.59142133187246,0.0,KEY
4.875,0.0,32.0,1.0,0.0,2.0,0.0,0.0,24.59142133187246,0.0,KEY
4.875,0.0,32.0,1.0,0.0,2.0,0.0,0.0,24.59142133187246,0.0,KEY
4.875,0.0,32.0,1.0,0.0,2.0,0.0,0.0,24.59142133187246,0.0,KEY
4.875,0.0,32.0,1.0,0.0,2.0,0.0,0.0,24.59142133187246,0.0,KEY
4.875,0.0,32.0,1.0,0.0,2.0,0.0,0.0,24.59142133187246,0.0,KEY
4.0,0.0,16.0,1.0,1.0,2.0,0.0,0.0,16.349851365001356,0.0,IV
5.769454882778696,0.0,64.0,1.0,0.0,2.0,0.0,0.0,34.74577938476627,0.0,PLAINTEXT
5.8125,0.0,64.0,1.0,0.0,2.0,0.0,0.0,35.005012913227894,0.0,CIPHERTEXT
4.9375,0.0,32.0,1.0,0.0,2.0,0.0,0.0,24.906695964332364,0.0,KEY
4.418295834054489,0.0,24.0,1.0,1.0,2.0,0.0,0.0,20.517930457229816,0.0,IV
5.459962500721157,0.0,48.0,1.0,0.0,2.0,0.0,0.0,30.65610520129897,0.0,PLAINTEXT
5.84375,0.0,64.0,1.0,0.0,2.0,0.0,0.0,35.19321190738503,0.0,CIPHERTEXT
4.9375,0.0,32.0,1.0,0.0,2.0,0.0,0.0,24.906695964332364,0.0,KEY
5.0,0.0,32.0,1.0,0.0,2.0,0.0,0.0,25.221970596792268,0.0,KEY
5.3192356777594165,0.0,48.0,1.0,0.0,2.0,0.0,0.0,29.86596492308463,0.0,PLAINTEXT
6.264599089240288,0.0,96.0,0.0,0.0,2.0,0.0,0.0,41.34580798023076,0.0,CIPHERTEXT
4.875,0.0,32.0,1.0,0.0,2.0,0.0,0.0,24.59142133187246,0.0,KEY
4.75,0.0,32.0,1.0,0.0,2.0,0.0,0.0,23.960872066952653,0.0,KEY
5.84375,0.0,64.0,1.0,0.0,2.0,0.0,0.0,35.19321190738503,0.0,PLAINTEXT
5.6875,0.0,64.0,1.0,0.0,2.0,0.0,0.0,34.25221693659933,0.0,CIPHERTEXT
4.8125,0.0,32.0,1.0,0.0,2.0,0.0,0.0,24.276146699412557,0.0,KEY
4.9375,0.0,32.0,1.0,0.0,2.0,0.0,0.0,24.906695964332364,0.0,KEY
4.584962500721156,0.0,24.0,1.0,1.0,2.0,0.0,0.0,21.291906488858938,0.0,IV
5.459962500721157,0.0,48.0,1.0,0.0,2.0,0.0,0.0,30.65610520129897,0.0,PLAINTEXT
5.78125,0.0,64.0,1.0,0.0,2.0,0.0,0.0,34.81681391907075,0.0,CIPHERTEXT
5.0,0.0,32.0,1.0,0.0,2.0,0.0,0.0,25.221970596792268,0.0,KEY
5.75,0.0,64.0,1.0,0.0,2.0,0.0,0.0,34.62861492491361,0.0,PLAINTEXT
4.875,0.0,32.0,1.0,0.0,2.0,0.0,0.0,24.59142133187246,0.0,CIPHERTEXT
3.875,0.0,16.0,1.0,1.0,2.0,0.0,0.0,15.838918509845064,0.0,KEY
3.875,0.0,16.0,1.0,1.0,2.0,0.0,0.0,15.838918509845064,0.0,KEY
3.875,0.0,16.0,1.0,1.0,2.0,0.0,0.0,15.838918509845064,0.0,KEY
3.875,0.0,16.0,1.0,1.0,2.0,0.0,0.0,15.838918509845064,0.0,KEY
3.875,0.0,16.0,1.0,1.0,2.0,0.0,0.0,15.838918509845064,0.0,KEY
3.875,0.0,16.0,1.0,1.0,2.0,0.0,0.0,15.838918509845064,0.0,KEY
3.875,0.0,16.0,1.0,1.0,2.0,0.0,0.0,15.838918509845064,0.0,KEY
3.875,0.0,16.0,1.0,1.0,2.0,0.0,0.0,15.838918509845064,0.0,KEY
3.875,0.0,16.0,1.0,1.0,2.0,0.0,0.0,15.838918509845064,0.0,KEY
3.875,0.0,16.0,1.0,1.0,2.0,0.0,0.0,15.838918509845064,0.0,KEY
3.875,0.0,16.0,1.0,1.0,2.0,0.0,0.0,15.838918509845064,0.0,KEY
3.875,0.0,16.0,1.0,1.0,2.0,0.0,0.0,15.838918509845064,0.0,KEY
3.875,0.0,16.0,1.0,1.0,2.0,0.0,0.0,15.838918509845064,0.0,KEY
3.875,0.0,16.0,1.0,1.0,2.0,0.0,0.0,15.838918509845064,0.0,KEY
3.875,0.0,16.0,1.0,1.0,2.0,0.0,0.0,15.838918509845064,0.0,KEY
3.875,0.0,16.0,1.0,1.0,2.0,0.0,0.0,15.838918509845064,0.0,KEY
3.875,0.0,16.0,1.0,1.0,2.0,0.0,0.0,15.838918509845064,0.0,KEY
4.0,0.0,16.0,1.0,1.0,2.0,0.0,0.0,16.349851365001356,0.0,IV
5.706954882778696,0.0,64.0,1.0,0.0,2.0,0.0,0.0,34.36938139645199,0.0,PLAINTEXT
5.84375,0.0,64.0,1.0,0.0,2.0,0.0,0.0,35.19321190738503,0.0,CIPHERTEXT
4.501629167387822,0.0,24.0,1.0,1.0,2.0,0.0,0.0,20.904918473044376,0.0,KEY
4.501629167387822,0.0,24.0,1.0,1.0,2.0,0.0,0.0,20.904918473044376,0.0,KEY
4.501629167387822,0.0,24.0,1.0,1.0,2.0,0.0,0.0,20.904918473044376,0.0,KEY
4.501629167387822,0.0,24.0,1.0,1.0,2.0,0.0,0.0,20.904918473044376,0.0,KEY
4.501629167387822,0.0,24.0,1.0,1.0,2.0,0.0,0.0,20.904918473044376,0.0,KEY
4.501629167387822,0.0,24.0,1.0,1.0,2.0,0.0,0.0,20.904918473044376,0.0,KEY
4.501629167387822,0.0,24.0,1.0,1.0,2.0,0.0,0.0,20.904918473044376,0.0,KEY
4.501629167387822,0.0,24.0,1.0,1.0,2.0,0.0,0.0,20.904918473044376,0.0,KEY
4.501629167387822,0.0,24.0,1.0,1.0,2.0,0.0,0.0,20.904918473044376,0.0,KEY
4.501629167387822,0.0,24.0,1.0,1.0,2.0,0.0,0.0,20.904918473044376,0.0,KEY
4.501629167387822,0.0,24.0,1.0,1.0,2.0,0.0,0.0,20.904918473044376,0.0,KEY
4.501629167387822,0.0,24.0,1.0,1.0,2.0,0.0,0.0,20.904918473044376,0.0,KEY
4.0,0.0,16.0,1.0,1.0,2.0,0.0,0.0,16.349851365001356,0.0,IV
5.75,0.0,64.0,1.0,0.0,2.0,0.0,0.0,34.62861492491361,0.0,PLAINTEXT
5.738204882778696,0.0,64.0,1.0,0.0,2.0,0.0,0.0,34.55758039060913,0.0,CIPHERTEXT
4.9375,0.0,32.0,1.0,0.0,2.0,0.0,0.0,24.906695964332364,0.0,KEY
4.9375,0.0,32.0,1.0,0.0,2.0,0.0,0.0,24.906695964332364,0.0,KEY
4.9375,0.0,32.0,1.0,0.0,2.0,0.0,0.0,24.906695964332364,0.0,KEY
4.9375,0.0,32.0,1.0,0.0,2.0,0.0,0.0,24.906695964332364,0.0,KEY
4.9375,0.0,32.0,1.0,0.0,2.0,0.0,0.0,24.906695964332364,0.0,KEY
4.9375,0.0,32.0,1.0,0.0,2.0,0.0,0.0,24.906695964332364,0.0,KEY
4.9375,0.0,32.0,1.0,0.0,2.0,0.0,0.0,24.906695964332364,0.0,KEY
4.9375,0.0,32.0,1.0,0.0,2.0,0.0,0.0,24.906695964332364,0.0,KEY
4.9375,0.0,32.0,1.0,0.0,2.0,0.0,0.0,24.906695964332364,0.0,KEY
4.9375,0.0,32.0,1.0,0.0,2.0,0.0,0.0,24.906695964332364,0.0,KEY
4.9375,0.0,32.0,1.0,0.0,2.0,0.0,0.0,24.906695964332364,0.0,KEY
4.9375,0.0,32.0,1.0,0.0,2.0,0.0,0.0,24.906695964332364,0.0,KEY
3.875,0.0,16.0,1.0,1.0,2.0,0.0,0.0,15.838918509845064,0.0,IV
5.738204882778696,0.0,64.0,1.0,0.0,2.0,0.0,0.0,34.55758039060913,0.0,PLAINTEXT
5.675704882778696,0.0,64.0,1.0,0.0,2.0,0.0,0.0,34.18118240229486,0.0,CIPHERTEXT
4.9375,0.0,32.0,1.0,0.0,2.0,0.0,0.0,24.906695964332364,0.0,KEY
4.501629167387822,0.0,24.0,1.0,1.0,2.0,0.0,0.0,20.904918473044376,0.0,IV
5.543295834054491,0.0,48.0,1.0,0.0,2.0,0.0,0.0,31.123997688308574,0.0,PLAINTEXT
5.78125,0.0,64.0,1.0,0.0,2.0,0.0,0.0,34.81681391907075,0.0,CIPHERTEXT
4.875,0.0,32.0,1.0,0.0,2.0,0.0,0.0,24.59142133187246,0.0,KEY
5.0,0.0,32.0,1.0,0.0,2.0,0.0,0.0,25.221970596792268,0.0,KEY
5.459962500721157,0.0,48.0,1.0,0.0,2.0,0.0,0.0,30.65610520129897,0.0,PLAINTEXT
6.220175521464345,0.0,96.0,0.0,0.0,2.0,0.0,0.0,41.052616304770545,0.0,CIPHERTEXT
4.9375,0.0,32.0,1.0,0.0,2.0,0.0,0.0,24.906695964332364,0.0,KEY
4.875,0.0,32.0,1.0,0.0,2.0,0.0,0.0,24.59142133187246,0.0,KEY
5.831954882778696,0.0,64.0,1.0,0.0,2.0,0.0,0.0,35.122177373080554,0.0,PLAINTEXT
5.8125,0.0,64.0,1.0,0.0,2.0,0.0,0.0,35.005012913227894,0.0,CIPHERTEXT
4.8125,0.0,32.0,1.0,0.0,2.0,0.0,0.0,24.276146699412557,0.0,KEY
4.75,0.0,32.0,1.0,0.0,2.0,0.0,0.0,23.960872066952653,0.0,KEY
4.334962500721156,0.0,24.0,1.0,1.0,2.0,0.0,0.0,20.130942441415257,0.0,IV
5.543295834054491,0.0,48.0,1.0,0.0,2.0,0.0,0.0,31.123997688308574,0.0,PLAINTEXT
5.769454882778696,0.0,64.0,1.0,0.0,2.0,0.0,0.0,34.74577938476627,0.0,CIPHERTEXT
4.9375,0.0,32.0,1.0,0.0,2.0,0.0,0.0,24.906695964332364,0.0,KEY
5.675704882778696,0.0,64.0,1.0,0.0,2.0,0.0,0.0,34.18118240229486,0.0,PLAINTEXT
4.875,0.0,32.0,1.0,0.0,2.0,0.0,0.0,24.59142133187246,0.0,CIPHERTEXT
4.0,0.0,16.0,1.0,1.0,2.0,0.0,0.0,16.349851365001356,0.0,KEY
4.0,0.0,16.0,1.0,1.0,2.0,0.0,0.0,16.349851365001356,0.0,KEY
4.0,0.0,16.0,1.0,1.0,2.0,0.0,0.0,16.349851365001356,0.0,KEY
4.0,0.0,16.0,1.0,1.0,2.0,0.0,0.0,16.349851365001356,0.0,KEY
4.0,0.0,16.0,1.0,1.0,2.0,0.0,0.0,16.349851365001356,0.0,KEY
4.0,0.0,16.0,1.0,1.0,2.0,0.0,0.0,16.349851365001356,0.0,KEY
4.0,0.0,16.0,1.0,1.0,2.0,0.0,0.0,16.349851365001356,0.0,KEY
4.0,0.0,16.0,1.0,1.0,2.0,0.0,0.0,16.349851365001356,0.0,KEY
4.0,0.0,16.0,1.0,1.0,2.0,0.0,0.0,16.349851365001356,0.0,KEY
4.0,0.0,16.0,1.0,1.0,2.0,0.0,0.0,16.349851365001356,0.0,KEY
4.0,0.0,16.0,1.0,1.0,2.0,0.0,0.0,16.349851365001356,0.0,KEY
4.0,0.0,16.0,1.0,1.0,2.0,0.0,0.0,16.349851365001356,0.0,KEY
4.0,0.0,16.0,1.0,1.0,2.0,0.0,0.0,16.349851365001356,0.0,KEY
4.0,0.0,16.0,1.0,1.0,2.0,0.0,0.0,16.349851365001356,0.0,KEY
4.0,0.0,16.0,1.0,1.0,2.0,0.0,0.0,16.349851365001356,0.0,KEY
4.0,0.0,16.0,1.0,1.0,2.0,0.0,0.0,16.349851365001356,0.0,KEY
4.0,0.0,16.0,1.0,1.0,2.0,0.0,0.0,16.349851365001356,0.0,KEY
3.875,0.0,16.0,1.0,1.0,2.0,0.0,0.0,15.838918509845064,0.0,IV
5.78125,0.0,64.0,1.0,0.0,2.0,0.0,0.0,34.81681391907075,0.0,PLAINTEXT
5.78125,0.0,64.0,1.0,0.0,2.0,0.0,0.0,34.81681391907075,0.0,CIPHERTEXT
4.584962500721156,0.0,24.0,1.0,1.0,2.0,0.0,0.0,21.291906488858938,0.0,KEY
4.584962500721156,0.0,24.0,1.0,1.0,2.0,0.0,0.0,21.291906488858938,0.0,KEY
4.584962500721156,0.0,24.0,1.0,1.0,2.0,0.0,0.0,21.291906488858938,0.0,KEY
4.584962500721156,0.0,24.0,1.0,1.0,2.0,0.0,0.0,21.291906488858938,0.0,KEY
4.584962500721156,0.0,24.0,1.0,1.0,2.0,0.0,0.0,21.291906488858938,0.0,KEY
4.584962500721156,0.0,24.0,1.0,1.0,2.0,0.0,0.0,21.291906488858938,0.0,KEY
4.584962500721156,0.0,24.0,1.0,1.0,2.0,0.0,0.0,21.291906488858938,0.0,KEY
4.584962500721156,0.0,24.0,1.0,1.0,2.0,0.0,0.0,21.291906488858938,0.0,KEY
4.584962500721156,0.0,24.0,1.0,1.0,2.0,0.0,0.0,21.291906488858938,0.0,KEY
4.584962500721156,0.0,24.0,1.0,1.0,2.0,0.0,0.0,21.291906488858938,0.0,KEY
4.584962500721156,0.0,24.0,1.0,1.0,2.0,0.0,0.0,21.291906488858938,0.0,KEY
4.584962500721156,0.0,24.0,1.0,1.0,2.0,0.0,0.0,21.291906488858938,0.0,KEY
4.0,0.0,16.0,1.0,1.0,2.0,0.0,0.0,16.349851365001356,0.0,IV
5.71875,0.0,64.0,1.0,0.0,2.0,0.0,0.0,34.44041593075647,0.0,PLAINTEXT
5.519454882778696,0.0,64.0,1.0,0.0,2.0,0.0,0.0,33.240187431509156,0.0,CIPHERTEXT
4.875,0.0,32.0,1.0,0.0,2.0,0.0,0.0,24.59142133187246,0.0,KEY
4.875,0.0,32.0,1.0,0.0,2.0,0.0,0.0,24.59142133187246,0.0,KEY
4.875,0.0,32.0,1.0,0.0,2.0,0.0,0.0,24.59142133187246,0.0,KEY
4.875,0.0,32.0,1.0,0.0,2.0,0.0,0.0,24.59142133187246,0.0,KEY
4.0,0.0,16.0,1.0,1.0,2.0,0.0,0.0,16.349851365001356,0.0,IV
5.8125,0.0,64.0,1.0,0.0,2.0,0.0,0.0,35.005012913227894,0.0,PLAINTEXT
5.875,0.0,64.0,1.0,0.0,2.0,0.0,0.0,35.38141090154217,0.0,CIPHERTEXT
4.875,0.0,32.0,1.0,0.0,2.0,0.0,0.0,24.59142133187246,0.0,KEY
4.584962500721156,0.0,24.0,1.0,1.0,2.0,0.0,0.0,21.291906488858938,0.0,IV
5.334962500721156,0.0,48.0,1.0,0.0,2.0,0.0,0.0,29.954266470784564,0.0,PLAINTEXT
5.8125,0.0,64.0,1.0,0.0,2.0,0.0,0.0,35.005012913227894,0.0,CIPHERTEXT
5.0,0.0,32.0,1.0,0.0,2.0,0.0,0.0,25.221970596792268,0.0,KEY
4.8125,0.0,32.0,1.0,0.0,2.0,0.0,0.0,24.276146699412557,0.0,KEY
5.41829583405449,0.0,48.0,1.0,0.0,2.0,0.0,0.0,30.422158957794167,0.0,PLAINTEXT
6.277569011092751,0.0,96.0,0.0,0.0,2.0,0.0,0.0,41.431408334027,0.0,CIPHERTEXT
4.875,0.0,32.0,1.0,0.0,2.0,0.0,0.0,24.59142133187246,0.0,KEY
4.8125,0.0,32.0,1.0,0.0,2.0,0.0,0.0,24.276146699412557,0.0,KEY
5.75,0.0,64.0,1.0,0.0,2.0,0.0,0.0,34.62861492491361,0.0,PLAINTEXT
5.644454882778696,0.0,64.0,1.0,0.0,2.0,0.0,0.0,33.99298340813772,0.0,CIPHERTEXT
4.726409765557392,0.0,32.0,1.0,0.0,2.0,0.0,0.0,23.841873627056074,0.0,KEY
4.8125,0.0,32.0,1.0,0.0,2.0,0.0,0.0,24.276146699412557,0.0,KEY
4.251629167387823,0.0,24.0,1.0,1.0,2.0,0.0,0.0,19.7439544256007,0.0,IV
5.459962500721157,0.0,48.0,1.0,0.0,2.0,0.0,0.0,30.65610520129897,0.0,PLAINTEXT
5.706954882778696,0.0,64.0,1.0,0.0,2.0,0.0,0.0,34.36938139645199,0.0,CIPHERTEXT
4.6875,0.0,32.0,1.0,0.0,2.0,0.0,0.0,23.64559743449275,0.0,KEY
5.75,0.0,64.0,1.0,0.0,2.0,0.0,0.0,34.62861492491361,0.0,PLAINTEXT
4.6875,0.0,32.0,1.0,0.0,2.0,0.0,0.0,23.64559743449275,0.0,CIPHERTEXT
4.0,0.0,16.0,1.0,1.0,2.0,0.0,0.0,16.349851365001356,0.0,KEY
4.0,0.0,16.0,1.0,1.0,2.0,0.0,0.0,16.349851365001356,0.0,KEY
4.0,0.0,16.0,1.0,1.0,2.0,0.0,0.0,16.349851365001356,0.0,KEY
4.0,0.0,16.0,1.0,1.0,2.0,0.0,0.0,16.349851365001356,0.0,KEY
4.0,0.0,16.0,1.0,1.0,2.0,0.0,0.0,16.349851365001356,0.0,KEY
4.0,0.0,16.0,1.0,1.0,2.0,0.0,0.0,16.349851365001356,0.0,IV
5.675704882778696,0.0,64.0,1.0,0.0,2.0,0.0,0.0,34.18118240229486,0.0,PLAINTEXT
5.800704882778696,0.0,64.0,1.0,0.0,2.0,0.0,0.0,34.93397837892341,0.0,CIPHERTEXT
4.501629167387822,0.0,24.0,1.0,1.0,2.0,0.0,0.0,20.904918473044376,0.0,KEY
4.501629167387822,0.0,24.0,1.0,1.0,2.0,0.0,0.0,20.904918473044376,0.0,KEY
4.501629167387822,0.0,24.0,1.0,1.0,2.0,0.0,0.0,20.904918473044376,0.0,KEY
4.501629167387822,0.0,24.0,1.0,1.0,2.0,0.0,0.0,20.904918473044376,0.0,KEY
3.75,0.0,16.0,1.0,1.0,2.0,0.0,0.0,15.32798565468877,0.0,IV
5.675704882778696,0.0,64.0,1.0,0.0,2.0,0.0,0.0,34.18118240229486,0.0,PLAINTEXT
5.65625,0.0,64.0,1.0,0.0,2.0,0.0,0.0,34.06401794244219,0.0,CIPHERTEXT
4.9375,0.0,32.0,1.0,0.0,2.0,0.0,0.0,24.906695964332364,0.0,KEY
4.9375,0.0,32.0,1.0,0.0,2.0,0.0,0.0,24.906695964332364,0.0,KEY
4.9375,0.0,32.0,1.0,0.0,2.0,0.0,0.0,24.906695964332364,0.0,KEY
4.9375,0.0,32.0,1.0,0.0,2.0,0.0,0.0,24.906695964332364,0.0,KEY
4.0,0.0,16.0,1.0,1.0,2.0,0.0,0.0,16.349851365001356,0.0,IV
5.644454882778696,0.0,64.0,1.0,0.0,2.0,0.0,0.0,33.99298340813772,0.0,PLAINTEXT
5.706954882778696,0.0,64.0,1.0,0.0,2.0,0.0,0.0,34.36938139645199,0.0,CIPHERTEXT
4.875,0.0,32.0,1.0,0.0,2.0,0.0,0.0,24.59142133187246,0.0,KEY
4.501629167387822,0.0,24.0,1.0,1.0,2.0,0.0,0.0,20.904918473044376,0.0,IV
5.459962500721157,0.0,48.0,1.0,0.0,2.0,0.0,0.0,30.65610520129897,0.0,PLAINTEXT
5.706954882778696,0.0,64.0,1.0,0.0,2.0,0.0,0.0,34.36938139645199,0.0,CIPHERTEXT
4.875,0.0,32.0,1.0,0.0,2.0,0.0,0.0,24.59142133187246,0.0,KEY
4.875,0.0,32.0,1.0,0.0,2.0,0.0,0.0,24.59142133187246,0.0,KEY
5.376629167387823,0.0,48.0,1.0,0.0,2.0,0.0,0.0,30.188212714289367,0.0,PLAINTEXT
6.230795834054491,0.0,96.0,0.0,0.0,2.0,0.0,0.0,41.12270944222229,0.0,CIPHERTEXT
4.8125,0.0,32.0,1.0,0.0,2.0,0.0,0.0,24.276146699412557,0.0,KEY
4.9375,0.0,32.0,1.0,0.0,2.0,0.0,0.0,24.906695964332364,0.0,KEY
5.675704882778696,0.0,64.0,1.0,0.0,2.0,0.0,0.0,34.18118240229486,0.0,PLAINTEXT
5.695159765557392,0.0,64.0,1.0,0.0,2.0,0.0,0.0,34.29834686214752,0.0,CIPHERTEXT
4.875,0.0,32.0,1.0,0.0,2.0,0.0,0.0,24.59142133187246,0.0,KEY
5.0,0.0,32.0,1.0,0.0,2.0,0.0,0.0,25.221970596792268,0.0,KEY
4.584962500721156,0.0,24.0,1.0,1.0,2.0,0.0,0.0,21.291906488858938,0.0,IV
5.293295834054489,0.0,48.0,1.0,0.0,2.0,0.0,0.0,29.720320227279764,0.0,PLAINTEXT
5.875,0.0,64.0,1.0,0.0,2.0,0.0,0.0,35.38141090154217,0.0,CIPHERTEXT
5.0,0.0,32.0,1.0,0.0,2.0,0.0,0.0,25.221970596792268,0.0,KEY
5.800704882778696,0.0,64.0,1.0,0.0,2.0,0.0,0.0,34.93397837892341,0.0,PLAINTEXT
4.8125,0.0,32.0,1.0,0.0,2.0,0.0,0.0,24.276146699412557,0.0,CIPHERTEXT
3.875,0.0,16.0,1.0,1.0,2.0,0.0,0.0,15.838918509845064,0.0,KEY
3.875,0.0,16.0,1.0,1.0,2.0,0.0,0.0,15.838918509845064,0.0,KEY
3.875,0.0,16.0,1.0,1.0,2.0,0.0,0.0,15.838918509845064,0.0,KEY
3.875,0.0,16.0,1.0,1.0,2.0,0.0,0.0,15.838918509845064,0.0,KEY
3.875,0.0,16.0,1.0,1.0,2.0,0.0,0.0,15.838918509845064,0.0,KEY
4.0,0.0,16.0,1.0,1.0,2.0,0.0,0.0,16.349851365001356,0.0,IV
5.75,0.0,64.0,1.0,0.0,2.0,0.0,0.0,34.62861492491361,0.0,PLAINTEXT
5.875,0.0,64.0,1.0,0.0,2.0,0.0,0.0,35.38141090154217,0.0,CIPHERTEXT
4.501629167387822,0.0,24.0,1.0,1.0,2.0,0.0,0.0,20.904918473044376,0.0,KEY
4.501629167387822,0.0,24.0,1.0,1.0,2.0,0.0,0.0,20.904918473044376,0.0,KEY
4.501629167387822,0.0,24.0,1.0,1.0,2.0,0.0,0.0,20.904918473044376,0.0,KEY
4.501629167387822,0.0,24.0,1.0,1.0,2.0,0.0,0.0,20.904918473044376,0.0,KEY
4.501629167387822,0.0,24.0,1.0,1.0,2.0,0.0,0.0,20.904918473044376,0.0,KEY
4.501629167387822,0.0,24.0,1.0,1.0,2.0,0.0,0.0,20.904918473044376,0.0,KEY
3.875,0.0,16.0,1.0,1.0,2.0,0.0,0.0,15.838918509845064,0.0,IV
5.9375,0.0,64.0,1.0,0.0,2.0,0.0,0.0,35.75780888985645,0.0,PLAINTEXT
5.558364648336088,0.0,64.0,1.0,0.0,2.0,0.0,0.0,33.47451635121448,0.0,CIPHERTEXT
4.663909765557392,0.0,32.0,1.0,0.0,2.0,0.0,0.0,23.52659899459617,0.0,KEY
4.663909765557392,0.0,32.0,1.0,0.0,2.0,0.0,0.0,23.52659899459617,0.0,KEY
4.663909765557392,0.0,32.0,1.0,0.0,2.0,0.0,0.0,23.52659899459617,0.0,KEY
4.663909765557392,0.0,32.0,1.0,0.0,2.0,0.0,0.0,23.52659899459617,0.0,KEY
4.663909765557392,0.0,32.0,1.0,0.0,2.0,0.0,0.0,23.52659899459617,0.0,KEY
4.663909765557392,0.0,32.0,1.0,0.0,2.0,0.0,0.0,23.52659899459617,0.0,KEY
4.0,0.0,16.0,1.0,1.0,2.0,0.0,0.0,16.349851365001356,0.0,IV
5.738204882778696,0.0,64.0,1.0,0.0,2.0,0.0,0.0,34.55758039060913,0.0,PLAINTEXT
5.538909765557392,0.0,64.0,1.0,0.0,2.0,0.0,0.0,33.35735189136182,0.0,CIPHERTEXT
4.875,0.0,32.0,1.0,0.0,2.0,0.0,0.0,24.59142133187246,0.0,KEY
4.584962500721156,0.0,24.0,1.0,1.0,2.0,0.0,0.0,21.291906488858938,0.0,IV
5.459962500721156,0.0,48.0,1.0,0.0,2.0,0.0,0.0,30.656105201298967,0.0,PLAINTEXT
5.738204882778696,0.0,64.0,1.0,0.0,2.0,0.0,0.0,34.55758039060913,0.0,CIPHERTEXT
4.9375,0.0,32.0,1.0,0.0,2.0,0.0,0.0,24.906695964332364,0.0,KEY
4.9375,0.0,32.0,1.0,0.0,2.0,0.0,0.0,24.906695964332364,0.0,KEY
5.501629167387824,0.0,48.0,1.0,0.0,2.0,0.0,0.0,30.890051444803774,0.0,PLAINTEXT
6.334962500721158,0.0,96.0,0.0,0.0,2.0,0.0,0.0,41.81020036328345,0.0,CIPHERTEXT
4.875,0.0,32.0,1.0,0.0,2.0,0.0,0.0,24.59142133187246,0.0,KEY
4.9375,0.0,32.0,1.0,0.0,2.0,0.0,0.0,24.906695964332364,0.0,KEY
5.8125,0.0,64.0,1.0,0.0,2.0,0.0,0.0,35.005012913227894,0.0,PLAINTEXT
5.8125,0.0,64.0,1.0,0.0,2.0,0.0,0.0,35.005012913227894,0.0,CIPHERTEXT
4.875,0.0,32.0,1.0,0.0,2.0,0.0,0.0,24.59142133187246,0.0,KEY
4.9375,0.0,32.0,1.0,0.0,2.0,0.0,0.0,24.906695964332364,0.0,KEY
4.584962500721156,0.0,24.0,1.0,1.0,2.0,0.0,0.0,21.291906488858938,0.0,IV
5.41829583405449,0.0,48.0,1.0,0.0,2.0,0.0,0.0,30.422158957794167,0.0,PLAINTEXT
5.8125,0.0,64.0,1.0,0.0,2.0,0.0,0.0,35.005012913227894,0.0,CIPHERTEXT
4.788909765557392,0.0,32.0,1.0,0.0,2.0,0.0,0.0,24.157148259515978,0.0,KEY
5.75,0.0,64.0,1.0,0.0,2.0,0.0,0.0,34.62861492491361,0.0,PLAINTEXT
4.9375,0.0,32.0,1.0,0.0,2.0,0.0,0.0,24.906695964332364,0.0,CIPHERTEXT
4.0,0.0,16.0,1.0,1.0,2.0,0.0,0.0,16.349851365001356,0.0,KEY
4.0,0.0,16.0,1.0,1.0,2.0,0.0,0.0,16.349851365001356,0.0,KEY
4.0,0.0,16.0,1.0,1.0,2.0,0.0,0.0,16.349851365001356,0.0,KEY
4.0,0.0,16.0,1.0,1.0,2.0,0.0,0.0,16.349851365001356,0.0,KEY
4.0,0.0,16.0,1.0,1.0,2.0,0.0,0.0,16.349851365001356,0.0,KEY
4.0,0.0,16.0,1.0,1.0,2.0,0.0,0.0,16.349851365001356,0.0,KEY
4.0,0.0,16.0,1.0,1.0,2.0,0.0,0.0,16.349851365001356,0.0,KEY
4.0,0.0,16.0,1.0,1.0,2.0,0.0,0.0,16.349851365001356,0.0,KEY
4.0,0.0,16.0,1.0,1.0,2.0,0.0,0.0,16.349851365001356,0.0,IV
5.8125,0.0,64.0,1.0,0.0,2.0,0.0,0.0,35.005012913227894,0.0,PLAINTEXT
5.706954882778696,0.0,64.0,1.0,0.0,2.0,0.0,0.0,34.36938139645199,0.0,CIPHERTEXT
4.220175521464345,0.0,24.0,1.0,1.0,2.0,0.0,0.0,19.597888217287974,0.0,KEY
4.220175521464345,0.0,24.0,1.0,1.0,2.0,0.0,0.0,19.597888217287974,0.0,KEY
4.220175521464345,0.0,24.0,1.0,1.0,2.0,0.0,0.0,19.597888217287974,0.0,KEY
4.220175521464345,0.0,24.0,1.0,1.0,2.0,0.0,0.0,19.597888217287974,0.0,KEY
4.220175521464345,0.0,24.0,1.0,1.0,2.0,0.0,0.0,19.597888217287974,0.0,KEY
4.220175521464345,0.0,24.0,1.0,1.0,2.0,0.0,0.0,19.597888217287974,0.0,KEY
3.875,0.0,16.0,1.0,1.0,2.0,0.0,0.0,15.838918509845064,0.0,IV
5.875,0.0,64.0,1.0,0.0,2.0,0.0,0.0,35.38141090154217,0.0,PLAINTEXT
5.726409765557392,0.0,64.0,1.0,0.0,2.0,0.0,0.0,34.48654585630465,0.0,CIPHERTEXT
4.9375,0.0,32.0,1.0,0.0,2.0,0.0,0.0,24.906695964332364,0.0,KEY
4.9375,0.0,32.0,1.0,0.0,2.0,0.0,0.0,24.906695964332364,0.0,KEY
4.9375,0.0,32.0,1.0,0.0,2.0,0.0,0.0,24.906695964332364,0.0,KEY
4.9375,0.0,32.0,1.0,0.0,2.0,0.0,0.0,24.906695964332364,0.0,KEY
4.9375,0.0,32.0,1.0,0.0,2.0,0.0,0.0,24.906695964332364,0.0,KEY
4.9375,0.0,32.0,1.0,0.0,2.0,0.0,0.0,24.906695964332364,0.0,KEY
4.0,0.0,16.0,1.0,1.0,2.0,0.0,0.0,16.349851365001356,0.0,IV
5.706954882778696,0.0,64.0,1.0,0.0,2.0,0.0,0.0,34.36938139645199,0.0,PLAINTEXT
5.71875,0.0,64.0,1.0,0.0,2.0,0.0,0.0,34.44041593075647,0.0,CIPHERTEXT
5.0,0.0,32.0,1.0,0.0,2.0,0.0,0.0,25.221970596792268,0.0,KEY
4.418295834054489,0.0,24.0,1.0,1.0,2.0,0.0,0.0,20.517930457229816,0.0,IV
5.459962500721157,0.0,48.0,1.0,0.0,2.0,0.0,0.0,30.65610520129897,0.0,PLAINTEXT
5.738204882778696,0.0,64.0,1.0,0.0,2.0,0.0,0.0,34.55758039060913,0.0,CIPHERTEXT
4.8125,0.0,32.0,1.0,0.0,2.0,0.0,0.0,24.276146699412557,0.0,KEY
4.875,0.0,32.0,1.0,0.0,2.0,0.0,0.0,24.59142133187246,0.0,KEY
5.376629167387822,0.0,48.0,1.0,0.0,2.0,0.0,0.0,30.18821271428936,0.0,PLAINTEXT
6.16829583405449,0.0,96.0,0.0,0.0,2.0,0.0,0.0,40.710214889585586,0.0,CIPHERTEXT
4.875,0.0,32.0,1.0,0.0,2.0,0.0,0.0,24.59142133187246,0.0,KEY
5.0,0.0,32.0,1.0,0.0,2.0,0.0,0.0,25.221970596792268,0.0,KEY
5.84375,0.0,64.0,1.0,0.0,2.0,0.0,0.0,35.19321190738503,0.0,PLAINTEXT
5.706954882778696,0.0,64.0,1.0,0.0,2.0,0.0,0.0,34.36938139645199,0.0,CIPHERTEXT
4.9375,0.0,32.0,1.0,0.0,2.0,0.0,0.0,24.906695964332364,0.0,KEY
4.6875,0.0,32.0,1.0,0.0,2.0,0.0,0.0,23.64559743449275,0.0,KEY
4.501629167387822,0.0,24.0,1.0,1.0,2.0,0.0,0.0,20.904918473044376,0.0,IV
5.41829583405449,0.0,48.0,1.0,0.0,2.0,0.0,0.0,30.422158957794167,0.0,PLAINTEXT
5.738204882778696,0.0,64.0,1.0,0.0,2.0,0.0,0.0,34.55758039060913,0.0,CIPHERTEXT
4.9375,0.0,32.0,1.0,0.0,2.0,0.0,0.0,24.906695964332364,0.0,KEY
5.78125,0.0,64.0,1.0,0.0,2.0,0.0,0.0,34.81681391907075,0.0,PLAINTEXT
4.8125,0.0,32.0,1.0,0.0,2.0,0.0,0.0,24.276146699412557,0.0,CIPHERTEXT
4.0,0.0,16.0,1.0,1.0,2.0,0.0,0.0,16.349851365001356,0.0,KEY
4.0,0.0,16.0,1.0,1.0,2.0,0.0,0.0,16.349851365001356,0.0,KEY
4.0,0.0,16.0,1.0,1.0,2.0,0.0,0.0,16.349851365001356,0.0,KEY
4.0,0.0,16.0,1.0,1.0,2.0,0.0,0.0,16.349851365001356,0.0,KEY
4.0,0.0,16.0,1.0,1.0,2.0,0.0,0.0,16.349851365001356,0.0,KEY
4.0,0.0,16.0,1.0,1.0,2.0,0.0,0.0,16.349851365001356,0.0,KEY
4.0,0.0,16.0,1.0,1.0,2.0,0.0,0.0,16.349851365001356,0.0,KEY
4.0,0.0,16.0,1.0,1.0,2.0,0.0,0.0,16.349851365001356,0.0,KEY
3.875,0.0,16.0,1.0,1.0,2.0,0.0,0.0,15.838918509845064,0.0,IV
5.570159765557392,0.0,64.0,1.0,0.0,2.0,0.0,0.0,33.545550885518956,0.0,PLAINTEXT
5.8125,0.0,64.0,1.0,0.0,2.0,0.0,0.0,35.005012913227894,0.0,CIPHERTEXT
4.334962500721156,0.0,24.0,1.0,1.0,2.0,0.0,0.0,20.130942441415257,0.0,KEY
4.334962500721156,0.0,24.0,1.0,1.0,2.0,0.0,0.0,20.130942441415257,0.0,KEY
4.334962500721156,0.0,24.0,1.0,1.0,2.0,0.0,0.0,20.130942441415257,0.0,KEY
4.334962500721156,0.0,24.0,1.0,1.0,2.0,0.0,0.0,20.130942441415257,0.0,KEY
3.75,0.0,16.0,1.0,1.0,2.0,0.0,0.0,15.32798565468877,0.0,IV
5.75,0.0,64.0,1.0,0.0,2.0,0.0,0.0,34.62861492491361,0.0,PLAINTEXT
5.75,0.0,64.0,1.0,0.0,2.0,0.0,0.0,34.62861492491361,0.0,CIPHERTEXT
4.8125,0.0,32.0,1.0,0.0,2.0,0.0,0.0,24.276146699412557,0.0,KEY
4.8125,0.0,32.0,1.0,0.0,2.0,0.0,0.0,24.276146699412557,0.0,KEY
4.8125,0.0,32.0,1.0,0.0,2.0,0.0,0.0,24.276146699412557,0.0,KEY
4.8125,0.0,32.0,1.0,0.0,2.0,0.0,0.0,24.276146699412557,0.0,KEY
4.0,0.0,16.0,1.0,1.0,2.0,0.0,0.0,16.349851365001356,0.0,IV
5.75,0.0,64.0,1.0,0.0,2.0,0.0,0.0,34.62861492491361,0.0,PLAINTEXT
5.769454882778696,0.0,64.0,1.0,0.0,2.0,0.0,0.0,34.74577938476627,0.0,CIPHERTEXT
4.8125,0.0,32.0,1.0,0.0,2.0,0.0,0.0,24.276146699412557,0.0,KEY
4.584962500721156,0.0,24.0,1.0,1.0,2.0,0.0,0.0,21.291906488858938,0.0,IV
5.220175521464344,0.0,48.0,1.0,0.0,2.0,0.0,0.0,29.309770888375095,0.0,PLAINTEXT
5.75,0.0,64.0,1.0,0.0,2.0,0.0,0.0,34.62861492491361,0.0,CIPHERTEXT
5.0,0.0,32.0,1.0,0.0,2.0,0.0,0.0,25.221970596792268,0.0,KEY
4.788909765557392,0.0,32.0,1.0,0.0,2.0,0.0,0.0,24.157148259515978,0.0,KEY
5.418295834054489,0.0,48.0,1.0,0.0,2.0,0.0,0.0,30.422158957794164,0.0,PLAINTEXT
6.235902344426085,0.0,96.0,0.0,0.0,2.0,0.0,0.0,41.15641196560254,0.0,CIPHERTEXT
4.8125,0.0,32.0,1.0,0.0,2.0,0.0,0.0,24.276146699412557,0.0,KEY
4.8125,0.0,32.0,1.0,0.0,2.0,0.0,0.0,24.276146699412557,0.0,KEY
5.78125,0.0,64.0,1.0,0.0,2.0,0.0,0.0,34.81681391907075,0.0,PLAINTEXT
5.632659765557392,0.0,64.0,1.0,0.0,2.0,0.0,0.0,33.92194887383324,0.0,CIPHERTEXT
4.875,0.0,32.0,1.0,0.0,2.0,0.0,0.0,24.59142133187246,0.0,KEY
4.875,0.0,32.0,1.0,0.0,2.0,0.0,0.0,24.59142133187246,0.0,KEY
4.418295834054489,0.0,24.0,1.0,1.0,2.0,0.0,0.0,20.517930457229816,0.0,IV
5.334962500721156,0.0,48.0,1.0,0.0,2.0,0.0,0.0,29.954266470784564,0.0,PLAINTEXT
5.75,0.0,64.0,1.0,0.0,2.0,0.0,0.0,34.62861492491361,0.0,CIPHERTEXT
4.75,0.0,32.0,1.0,0.0,2.0,0.0,0.0,23.960872066952653,0.0,KEY
5.663909765557392,0.0,64.0,1.0,0.0,2.0,0.0,0.0,34.11014786799038,0.0,PLAINTEXT
4.9375,0.0,32.0,1.0,0.0,2.0,0.0,0.0,24.906695964332364,0.0,CIPHERTEXT
3.875,0.0,16.0,1.0,1.0,2.0,0.0,0.0,15.838918509845064,0.0,KEY
3.875,0.0,16.0,1.0,1.0,2.0,0.0,0.0,15.838918509845064,0.0,KEY
3.875,0.0,16.0,1.0,1.0,2.0,0.0,0.0,15.838918509845064,0.0,KEY
3.875,0.0,16.0,1.0,1.0,2.0,0.0,0.0,15.838918509845064,0.0,KEY
3.875,0.0,16.0,1.0,1.0,2.0,0.0,0.0,15.838918509845064,0.0,KEY
3.875,0.0,16.0,1.0,1.0,2.0,0.0,0.0,15.838918509845064,0.0,IV
5.875,0.0,64.0,1.0,0.0,2.0,0.0,0.0,35.38141090154217,0.0,PLAINTEXT
5.71875,0.0,64.0,1.0,0.0,2.0,0.0,0.0,34.44041593075647,0.0,CIPHERTEXT
4.584962500721156,0.0,24.0,1.0,1.0,2.0,0.0,0.0,21.291906488858938,0.0,KEY
4.584962500721156,0.0,24.0,1.0,1.0,2.0,0.0,0.0,21.291906488858938,0.0,KEY
4.584962500721156,0.0,24.0,1.0,1.0,2.0,0.0,0.0,21.291906488858938,0.0,KEY
4.584962500721156,0.0,24.0,1.0,1.0,2.0,0.0,0.0,21.291906488858938,0.0,KEY
4.0,0.0,16.0,1.0,1.0,2.0,0.0,0.0,16.349851365001356,0.0,IV
5.84375,0.0,64.0,1.0,0.0,2.0,0.0,0.0,35.19321190738503,0.0,PLAINTEXT
5.831954882778696,0.0,64.0,1.0,0.0,2.0,0.0,0.0,35.122177373080554,0.0,CIPHERTEXT
4.9375,0.0,32.0,1.0,0.0,2.0,0.0,0.0,24.906695964332364,0.0,KEY
4.9375,0.0,32.0,1.0,0.0,2.0,0.0,0.0,24.906695964332364,0.0,KEY
4.9375,0.0,32.0,1.0,0.0,2.0,0.0,0.0,24.906695964332364,0.0,KEY
4.9375,0.0,32.0,1.0,0.0,2.0,0.0,0.0,24.906695964332364,0.0,KEY
3.875,0.0,16.0,1.0,1.0,2.0,0.0,0.0,15.838918509845064,0.0,IV
5.663909765557392,0.0,64.0,1.0,0.0,2.0,0.0,0.0,34.11014786799038,0.0,PLAINTEXT
5.831954882778696,0.0,64.0,1.0,0.0,2.0,0.0,0.0,35.122177373080554,0.0,CIPHERTEXT
4.875,0.0,32.0,1.0,0.0,2.0,0.0,0.0,24.59142133187246,0.0,KEY
4.501629167387822,0.0,24.0,1.0,1.0,2.0,0.0,0.0,20.904918473044376,0.0,IV
5.543295834054491,0.0,48.0,1.0,0.0,2.0,0.0,0.0,31.123997688308574,0.0,PLAINTEXT
5.84375,0.0,64.0,1.0,0.0,2.0,0.0,0.0,35.19321190738503,0.0,CIPHERTEXT
4.75,0.0,32.0,1.0,0.0,2.0,0.0,0.0,23.960872066952653,0.0,KEY
4.875,0.0,32.0,1.0,0.0,2.0,0.0,0.0,24.59142133187246,0.0,KEY
5.501629167387824,0.0,48.0,1.0,0.0,2.0,0.0,0.0,30.890051444803774,0.0,PLAINTEXT
6.285432422573621,0.0,96.0,0.0,0.0,2.0,0.0,0.0,41.483306164442986,0.0,CIPHERTEXT
4.9375,0.0,32.0,1.0,0.0,2.0,0.0,0.0,24.906695964332364,0.0,KEY
4.851409765557392,0.0,32.0,1.0,0.0,2.0,0.0,0.0,24.47242289197588,0.0,KEY
5.84375,0.0,64.0,1.0,0.0,2.0,0.0,0.0,35.19321190738503,0.0,PLAINTEXT
5.769454882778696,0.0,64.0,1.0,0.0,2.0,0.0,0.0,34.74577938476627,0.0,CIPHERTEXT
5.0,0.0,32.0,1.0,0.0,2.0,0.0,0.0,25.221970596792268,0.0,KEY
4.8125,0.0,32.0,1.0,0.0,2.0,0.0,0.0,24.276146699412557,0.0,KEY
4.584962500721156,0.0,24.0,1.0,1.0,2.0,0.0,0.0,21.291906488858938,0.0,IV
5.2775690110927505,0.0,48.0,1.0,0.0,2.0,0.0,0.0,29.632018679579833,0.0,PLAINTEXT
5.75,0.0,64.0,1.0,0.0,2.0,0.0,0.0,34.62861492491361,0.0,CIPHERTEXT
4.875,0.0,32.0,1.0,0.0,2.0,0.0,0.0,24.59142133187246,0.0,KEY
5.75,0.0,64.0,1.0,0.0,2.0,0.0,0.0,34.62861492491361,0.0,PLAINTEXT
4.875,0.0,32.0,1.0,0.0,2.0,0.0,0.0,24.59142133187246,0.0,CIPHERTEXT
4.0,0.0,16.0,1.0,1.0,2.0,0.0,0.0,16.349851365001356,0.0,KEY
4.0,0.0,16.0,1.0,1.0,2.0,0.0,0.0,16.349851365001356,0.0,KEY
4.0,0.0,16.0,1.0,1.0,2.0,0.0,0.0,16.349851365001356,0.0,KEY
4.0,0.0,16.0,1.0,1.0,2.0,0.0,0.0,16.349851365001356,0.0,KEY
4.0,0.0,16.0,1.0,1.0,2.0,0.0,0.0,16.349851365001356,0.0,KEY
3.875,0.0,16.0,1.0,1.0,2.0,0.0,0.0,15.838918509845064,0.0,IV
5.90625,0.0,64.0,1.0,0.0,2.0,0.0,0.0,35.56960989569931,0.0,PLAINTEXT
5.738204882778696,0.0,64.0,1.0,0.0,2.0,0.0,0.0,34.55758039060913,0.0,CIPHERTEXT
4.334962500721156,0.0,24.0,1.0,1.0,2.0,0.0,0.0,20.130942441415257,0.0,KEY
4.334962500721156,0.0,24.0,1.0,1.0,2.0,0.0,0.0,20.130942441415257,0.0,KEY
4.334962500721156,0.0,24.0,1.0,1.0,2.0,0.0,0.0,20.130942441415257,0.0,KEY
4.334962500721156,0.0,24.0,1.0,1.0,2.0,0.0,0.0,20.130942441415257,0.0,KEY
3.875,0.0,16.0,1.0,1.0,2.0,0.0,0.0,15.838918509845064,0.0,IV
5.71875,0.0,64.0,1.0,0.0,2.0,0.0,0.0,34.44041593075647,0.0,PLAINTEXT
5.800704882778696,0.0,64.0,1.0,0.0,2.0,0.0,0.0,34.93397837892341,0.0,CIPHERTEXT
4.875,0.0,32.0,1.0,0.0,2.0,0.0,0.0,24.59142133187246,0.0,KEY
4.875,0.0,32.0,1.0,0.0,2.0,0.0,0.0,24.59142133187246,0.0,KEY
4.875,0.0,32.0,1.0,0.0,2.0,0.0,0.0,24.59142133187246,0.0,KEY
4.875,0.0,32.0,1.0,0.0,2.0,0.0,0.0,24.59142133187246,0.0,KEY
3.875,0.0,16.0,1.0,1.0,2.0,0.0,0.0,15.838918509845064,0.0,IV
5.800704882778696,0.0,64.0,1.0,0.0,2.0,0.0,0.0,34.93397837892341,0.0,PLAINTEXT
5.675704882778696,0.0,64.0,1.0,0.0,2.0,0.0,0.0,34.18118240229486,0.0,CIPHERTEXT
4.9375,0.0,32.0,1.0,0.0,2.0,0.0,0.0,24.906695964332364,0.0,KEY
4.584962500721156,0.0,24.0,1.0,1.0,2.0,0.0,0.0,21.291906488858938,0.0,IV
5.459962500721157,0.0,48.0,1.0,0.0,2.0,0.0,0.0,30.65610520129897,0.0,PLAINTEXT
5.78125,0.0,64.0,1.0,0.0,2.0,0.0,0.0,34.81681391907075,0.0,CIPHERTEXT
4.9375,0.0,32.0,1.0,0.0,2.0,0.0,0.0,24.906695964332364,0.0,KEY
4.875,0.0,32.0,1.0,0.0,2.0,0.0,0.0,24.59142133187246,0.0,KEY
5.376629167387823,0.0,48.0,1.0,0.0,2.0,0.0,0.0,30.188212714289367,0.0,PLAINTEXT
6.243765755906954,0.0,96.0,0.0,0.0,2.0,0.0,0.0,41.208309796018526,0.0,CIPHERTEXT
4.8125,0.0,32.0,1.0,0.0,2.0,0.0,0.0,24.276146699412557,0.0,KEY
4.875,0.0,32.0,1.0,0.0,2.0,0.0,0.0,24.59142133187246,0.0,KEY
5.78125,0.0,64.0,1.0,0.0,2.0,0.0,0.0,34.81681391907075,0.0,PLAINTEXT
5.875,0.0,64.0,1.0,0.0,2.0,0.0,0.0,35.38141090154217,0.0,CIPHERTEXT
4.875,0.0,32.0,1.0,0.0,2.0,0.0,0.0,24.59142133187246,0.0,KEY
4.875,0.0,32.0,1.0,0.0,2.0,0.0,0.0,24.59142133187246,0.0,KEY
4.501629167387822,0.0,24.0,1.0,1.0,2.0,0.0,0.0,20.904918473044376,0.0,IV
5.376629167387823,0.0,48.0,1.0,0.0,2.0,0.0,0.0,30.188212714289367,0.0,PLAINTEXT
5.8125,0.0,64.0,1.0,0.0,2.0,0.0,0.0,35.005012913227894,0.0,CIPHERTEXT
4.9375,0.0,32.0,1.0,0.0,2.0,0.0,0.0,24.906695964332364,0.0,KEY
5.78125,0.0,64.0,1.0,0.0,2.0,0.0,0.0,34.81681391907075,0.0,PLAINTEXT
5.0,0.0,32.0,1.0,0.0,2.0,0.0,0.0,25.221970596792268,0.0,CIPHERTEXT
4.0,0.0,16.0,1.0,1.0,2.0,0.0,0.0,16.349851365001356,0.0,KEY
4.0,0.0,16.0,1.0,1.0,2.0,0.0,0.0,16.349851365001356,0.0,KEY
4.0,0.0,16.0,1.0,1.0,2.0,0.0,0.0,16.349851365001356,0.0,KEY
4.0,0.0,16.0,1.0,1.0,2.0,0.0,0.0,16.349851365001356,0.0,KEY
4.0,0.0,16.0,1.0,1.0,2.0,0.0,0.0,16.349851365001356,0.0,KEY
4.0,0.0,16.0,1.0,1.0,2.0,0.0,0.0,16.349851365001356,0.0,IV
5.769454882778696,0.0,64.0,1.0,0.0,2.0,0.0,0.0,34.74577938476627,0.0,PLAINTEXT
5.71875,0.0,64.0,1.0,0.0,2.0,0.0,0.0,34.44041593075647,0.0,CIPHERTEXT
4.584962500721156,0.0,24.0,1.0,1.0,2.0,0.0,0.0,21.291906488858938,0.0,KEY
4.584962500721156,0.0,24.0,1.0,1.0,2.0,0.0,0.0,21.291906488858938,0.0,KEY
4.584962500721156,0.0,24.0,1.0,1.0,2.0,0.0,0.0,21.291906488858938,0.0,KEY
4.584962500721156,0.0,24.0,1.0,1.0,2.0,0.0,0.0,21.291906488858938,0.0,KEY
4.0,0.0,16.0,1.0,1.0,2.0,0.0,0.0,16.349851365001356,0.0,IV
5.875,0.0,64.0,1.0,0.0,2.0,0.0,0.0,35.38141090154217,0.0,PLAINTEXT
5.769454882778696,0.0,64.0,1.0,0.0,2.0,0.0,0.0,34.74577938476627,0.0,CIPHERTEXT
4.75,0.0,32.0,1.0,0.0,2.0,0.0,0.0,23.960872066952653,0.0,KEY
4.75,0.0,32.0,1.0,0.0,2.0,0.0,0.0,23.960872066952653,0.0,KEY
4.75,0.0,32.0,1.0,0.0,2.0,0.0,0.0,23.960872066952653,0.0,KEY
4.75,0.0,32.0,1.0,0.0,2.0,0.0,0.0,23.960872066952653,0.0,KEY
3.875,0.0,16.0,1.0,1.0,2.0,0.0,0.0,15.838918509845064,0.0,IV
5.8125,0.0,64.0,1.0,0.0,2.0,0.0,0.0,35.005012913227894,0.0,PLAINTEXT
5.601409765557392,0.0,64.0,1.0,0.0,2.0,0.0,0.0,33.7337498796761,0.0,CIPHERTEXT
4.9375,0.0,32.0,1.0,0.0,2.0,0.0,0.0,24.906695964332364,0.0,KEY
4.418295834054489,0.0,24.0,1.0,1.0,2.0,0.0,0.0,20.517930457229816,0.0,IV
5.459962500721157,0.0,48.0,1.0,0.0,2.0,0.0,0.0,30.65610520129897,0.0,PLAINTEXT
5.8125,0.0,64.0,1.0,0.0,2.0,0.0,0.0,35.005012913227894,0.0,CIPHERTEXT
4.6875,0.0,32.0,1.0,0.0,2.0,0.0,0.0,23.64559743449275,0.0,KEY
4.875,0.0,32.0,1.0,0.0,2.0,0.0,0.0,24.59142133187246,0.0,KEY
5.543295834054491,0.0,48.0,1.0,0.0,2.0,0.0,0.0,31.123997688308574,0.0,PLAINTEXT
6.202099089240288,0.0,96.0,0.0,0.0,2.0,0.0,0.0,40.933313427594065,0.0,CIPHERTEXT
4.8125,0.0,32.0,1.0,0.0,2.0,0.0,0.0,24.276146699412557,0.0,KEY
4.8125,0.0,32.0,1.0,0.0,2.0,0.0,0.0,24.276146699412557,0.0,KEY
5.8125,0.0,64.0,1.0,0.0,2.0,0.0,0.0,35.005012913227894,0.0,PLAINTEXT
5.757659765557392,0.0,64.0,1.0,0.0,2.0,0.0,0.0,34.67474485046179,0.0,CIPHERTEXT
4.875,0.0,32.0,1.0,0.0,2.0,0.0,0.0,24.59142133187246,0.0,KEY
5.0,0.0,32.0,1.0,0.0,2.0,0.0,0.0,25.221970596792268,0.0,KEY
4.584962500721156,0.0,24.0,1.0,1.0,2.0,0.0,0.0,21.291906488858938,0.0,IV
5.293295834054489,0.0,48.0,1.0,0.0,2.0,0.0,0.0,29.720320227279764,0.0,PLAINTEXT
5.484069531114783,0.0,64.0,1.0,0.0,2.0,0.0,0.0,33.02708382859572,0.0,CIPHERTEXT
4.9375,0.0,32.0,1.0,0.0,2.0,0.0,0.0,24.906695964332364,0.0,KEY
5.78125,0.0,64.0,1.0,0.0,2.0,0.0,0.0,34.81681391907075,0.0,PLAINTEXT
5.0,0.0,32.0,1.0,0.0,2.0,0.0,0.0,25.221970596792268,0.0,CIPHERTEXT
3.75,0.0,16.0,1.0,1.0,2.0,0.0,0.0,15.32798565468877,0.0,KEY
3.75,0.0,16.0,1.0,1.0,2.0,0.0,0.0,15.32798565468877,0.0,KEY
3.75,0.0,16.0,1.0,1.0,2.0,0.0,0.0,15.32798565468877,0.0,KEY
3.75,0.0,16.0,1.0,1.0,2.0,0.0,0.0,15.32798565468877,0.0,KEY
3.75,0.0,16.0,1.0,1.0,2.0,0.0,0.0,15.32798565468877,0.0,KEY
3.875,0.0,16.0,1.0,1.0,2.0,0.0,0.0,15.838918509845064,0.0,IV
5.738204882778696,0.0,64.0,1.0,0.0,2.0,0.0,0.0,34.55758039060913,0.0,PLAINTEXT
5.84375,0.0,64.0,1.0,0.0,2.0,0.0,0.0,35.19321190738503,0.0,CIPHERTEXT
4.501629167387822,0.0,24.0,1.0,1.0,2.0,0.0,0.0,20.904918473044376,0.0,KEY
4.501629167387822,0.0,24.0,1.0,1.0,2.0,0.0,0.0,20.904918473044376,0.0,KEY
4.501629167387822,0.0,24.0,1.0,1.0,2.0,0.0,0.0,20.904918473044376,0.0,KEY
4.501629167387822,0.0,24.0,1.0,1.0,2.0,0.0,0.0,20.904918473044376,0.0,KEY
3.75,0.0,16.0,1.0,1.0,2.0,0.0,0.0,15.32798565468877,0.0,IV
5.831954882778696,0.0,64.0,1.0,0.0,2.0,0.0,0.0,35.122177373080554,0.0,PLAINTEXT
5.78125,0.0,64.0,1.0,0.0,2.0,0.0,0.0,34.81681391907075,0.0,CIPHERTEXT
5.0,0.0,32.0,1.0,0.0,2.0,0.0,0.0,25.221970596792268,0.0,KEY
5.0,0.0,32.0,1.0,0.0,2.0,0.0,0.0,25.221970596792268,0.0,KEY
5.0,0.0,32.0,1.0,0.0,2.0,0.0,0.0,25.221970596792268,0.0,KEY
5.0,0.0,32.0,1.0,0.0,2.0,0.0,0.0,25.221970596792268,0.0,KEY
3.875,0.0,16.0,1.0,1.0,2.0,0.0,0.0,15.838918509845064,0.0,IV
5.75,0.0,64.0,1.0,0.0,2.0,0.0,0.0,34.62861492491361,0.0,PLAINTEXT
5.800704882778696,0.0,64.0,1.0,0.0,2.0,0.0,0.0,34.93397837892341,0.0,CIPHERTEXT
4.788909765557392,0.0,32.0,1.0,0.0,2.0,0.0,0.0,24.157148259515978,0.0,KEY
4.418295834054489,0.0,24.0,1.0,1.0,2.0,0.0,0.0,20.517930457229816,0.0,IV
5.41829583405449,0.0,48.0,1.0,0.0,2.0,0.0,0.0,30.422158957794167,0.0,PLAINTEXT
5.800704882778696,0.0,64.0,1.0,0.0,2.0,0.0,0.0,34.93397837892341,0.0,CIPHERTEXT
4.9375,0.0,32.0,1.0,0.0,2.0,0.0,0.0,24.906695964332364,0.0,KEY
4.9375,0.0,32.0,1.0,0.0,2.0,0.0,0.0,24.906695964332364,0.0,KEY
5.376629167387823,0.0,48.0,1.0,0.0,2.0,0.0,0.0,30.188212714289367,0.0,PLAINTEXT
6.29329583405449,0.0,96.0,0.0,0.0,2.0,0.0,0.0,41.53520399485898,0.0,CIPHERTEXT
5.0,0.0,32.0,1.0,0.0,2.0,0.0,0.0,25.221970596792268,0.0,KEY
4.9375,0.0,32.0,1.0,0.0,2.0,0.0,0.0,24.906695964332364,0.0,KEY
5.601409765557392,0.0,64.0,1.0,0.0,2.0,0.0,0.0,33.7337498796761,0.0,PLAINTEXT
5.625,0.0,64.0,1.0,0.0,2.0,0.0,0.0,33.87581894828506,0.0,CIPHERTEXT
4.875,0.0,32.0,1.0,0.0,2.0,0.0,0.0,24.59142133187246,0.0,KEY
4.9375,0.0,32.0,1.0,0.0,2.0,0.0,0.0,24.906695964332364,0.0,KEY
4.584962500721156,0.0,24.0,1.0,1.0,2.0,0.0,0.0,21.291906488858938,0.0,IV
5.2359023444260835,0.0,48.0,1.0,0.0,2.0,0.0,0.0,29.39807243607503,0.0,PLAINTEXT
5.788909765557392,0.0,64.0,1.0,0.0,2.0,0.0,0.0,34.86294384461893,0.0,CIPHERTEXT
5.0,0.0,32.0,1.0,0.0,2.0,0.0,0.0,25.221970596792268,0.0,KEY
5.644454882778696,0.0,64.0,1.0,0.0,2.0,0.0,0.0,33.99298340813772,0.0,PLAINTEXT
4.9375,0.0,32.0,1.0,0.0,2.0,0.0,0.0,24.906695964332364,0.0,CIPHERTEXT
4.0,0.0,16.0,1.0,1.0,2.0,0.0,0.0,16.349851365001356,0.0,KEY
4.0,0.0,16.0,1.0,1.0,2.0,0.0,0.0,16.349851365001356,0.0,KEY
4.0,0.0,16.0,1.0,1.0,2.0,0.0,0.0,16.349851365001356,0.0,KEY
4.0,0.0,16.0,1.0,1.0,2.0,0.0,0.0,16.349851365001356,0.0,KEY
4.0,0.0,16.0,1.0,1.0,2.0,0.0,0.0,16.349851365001356,0.0,KEY
4.0,0.0,16.0,1.0,1.0,2.0,0.0,0.0,16.349851365001356,0.0,IV
5.738204882778696,0.0,64.0,1.0,0.0,2.0,0.0,0.0,34.55758039060913,0.0,PLAINTEXT
5.84375,0.0,64.0,1.0,0.0,2.0,0.0,0.0,35.19321190738503,0.0,CIPHERTEXT
4.584962500721156,0.0,24.0,1.0,1.0,2.0,0.0,0.0,21.291906488858938,0.0,KEY
4.584962500721156,0.0,24.0,1.0,1.0,2.0,0.0,0.0,21.291906488858938,0.0,KEY
4.584962500721156,0.0,24.0,1.0,1.0,2.0,0.0,0.0,21.291906488858938,0.0,KEY
4.584962500721156,0.0,24.0,1.0,1.0,2.0,0.0,0.0,21.291906488858938,0.0,KEY
4.0,0.0,16.0,1.0,1.0,2.0,0.0,0.0,16.349851365001356,0.0,IV
5.84375,0.0,64.0,1.0,0.0,2.0,0.0,0.0,35.19321190738503,0.0,PLAINTEXT
5.75,0.0,64.0,1.0,0.0,2.0,0.0,0.0,34.62861492491361,0.0,CIPHERTEXT
4.726409765557392,0.0,32.0,1.0,0.0,2.0,0.0,0.0,23.841873627056074,0.0,KEY
4.726409765557392,0.0,32.0,1.0,0.0,2.0,0.0,0.0,23.841873627056074,0.0,KEY
4.726409765557392,0.0,32.0,1.0,0.0,2.0,0.0,0.0,23.841873627056074,0.0,KEY
4.726409765557392,0.0,32.0,1.0,0.0,2.0,0.0,0.0,23.841873627056074,0.0,KEY
3.875,0.0,16.0,1.0,1.0,2.0,0.0,0.0,15.838918509845064,0.0,IV
5.75,0.0,64.0,1.0,0.0,2.0,0.0,0.0,34.62861492491361,0.0,PLAINTEXT
5.769454882778696,0.0,64.0,1.0,0.0,2.0,0.0,0.0,34.74577938476627,0.0,CIPHERTEXT
5.0,0.0,32.0,1.0,0.0,2.0,0.0,0.0,25.221970596792268,0.0,KEY
4.418295834054489,0.0,24.0,1.0,1.0,2.0,0.0,0.0,20.517930457229816,0.0,IV
5.459962500721157,0.0,48.0,1.0,0.0,2.0,0.0,0.0,30.65610520129897,0.0,PLAINTEXT
5.570159765557392,0.0,64.0,1.0,0.0,2.0,0.0,0.0,33.545550885518956,0.0,CIPHERTEXT
4.9375,0.0,32.0,1.0,0.0,2.0,0.0,0.0,24.906695964332364,0.0,KEY
4.8125,0.0,32.0,1.0,0.0,2.0,0.0,0.0,24.276146699412557,0.0,KEY
5.543295834054491,0.0,48.0,1.0,0.0,2.0,0.0,0.0,31.123997688308574,0.0,PLAINTEXT
6.368765755906955,0.0,96.0,0.0,0.0,2.0,0.0,0.0,42.03329890129192,0.0,CIPHERTEXT
4.9375,0.0,32.0,1.0,0.0,2.0,0.0,0.0,24.906695964332364,0.0,KEY
5.0,0.0,32.0,1.0,0.0,2.0,0.0,0.0,25.221970596792268,0.0,KEY
5.84375,0.0,64.0,1.0,0.0,2.0,0.0,0.0,35.19321190738503,0.0,PLAINTEXT
5.8125,0.0,64.0,1.0,0.0,2.0,0.0,0.0,35.005012913227894,0.0,CIPHERTEXT
4.9375,0.0,32.0,1.0,0.0,2.0,0.0,0.0,24.906695964332364,0.0,KEY
4.9375,0.0,32.0,1.0,0.0,2.0,0.0,0.0,24.906695964332364,0.0,KEY
4.501629167387822,0.0,24.0,1.0,1.0,2.0,0.0,0.0,20.904918473044376,0.0,IV
5.444235677759418,0.0,48.0,1.0,0.0,2.0,0.0,0.0,30.56780365359904,0.0,PLAINTEXT
5.769454882778696,0.0,64.0,1.0,0.0,2.0,0.0,0.0,34.74577938476627,0.0,CIPHERTEXT
4.875,0.0,32.0,1.0,0.0,2.0,0.0,0.0,24.59142133187246,0.0,KEY
5.706954882778696,0.0,64.0,1.0,0.0,2.0,0.0,0.0,34.36938139645199,0.0,PLAINTEXT
4.875,0.0,32.0,1.0,0.0,2.0,0.0,0.0,24.59142133187246,0.0,CIPHERTEXT
4.0,0.0,16.0,1.0,1.0,2.0,0.0,0.0,16.349851365001356,0.0,KEY
4.0,0.0,16.0,1.0,1.0,2.0,0.0,0.0,16.349851365001356,0.0,KEY
4.0,0.0,16.0,1.0,1.0,2.0,0.0,0.0,16.349851365001356,0.0,KEY
4.0,0.0,16.0,1.0,1.0,2.0,0.0,0.0,16.349851365001356,0.0,KEY
4.0,0.0,16.0,1.0,1.0,2.0,0.0,0.0,16.349851365001356,0.0,KEY
3.875,0.0,16.0,1.0,1.0,2.0,0.0,0.0,15.838918509845064,0.0,IV
5.84375,0.0,64.0,1.0,0.0,2.0,0.0,0.0,35.19321190738503,0.0,PLAINTEXT
5.757659765557392,0.0,64.0,1.0,0.0,2.0,0.0,0.0,34.67474485046179,0.0,CIPHERTEXT
4.418295834054489,0.0,24.0,1.0,1.0,2.0,0.0,0.0,20.517930457229816,0.0,KEY
4.418295834054489,0.0,24.0,1.0,1.0,2.0,0.0,0.0,20.517930457229816,0.0,KEY
4.418295834054489,0.0,24.0,1.0,1.0,2.0,0.0,0.0,20.517930457229816,0.0,KEY
4.418295834054489,0.0,24.0,1.0,1.0,2.0,0.0,0.0,20.517930457229816,0.0,KEY
4.0,0.0,16.0,1.0,1.0,2.0,0.0,0.0,16.349851365001356,0.0,IV
5.8125,0.0,64.0,1.0,0.0,2.0,0.0,0.0,35.005012913227894,0.0,PLAINTEXT
5.875,0.0,64.0,1.0,0.0,2.0,0.0,0.0,35.38141090154217,0.0,CIPHERTEXT
4.75,0.0,32.0,1.0,0.0,2.0,0.0,0.0,23.960872066952653,0.0,KEY
4.75,0.0,32.0,1.0,0.0,2.0,0.0,0.0,23.960872066952653,0.0,KEY
4.75,0.0,32.0,1.0,0.0,2.0,0.0,0.0,23.960872066952653,0.0,KEY
4.75,0.0,32.0,1.0,0.0,2.0,0.0,0.0,23.960872066952653,0.0,KEY
3.875,0.0,16.0,1.0,1.0,2.0,0.0,0.0,15.838918509845064,0.0,IV
5.738204882778696,0.0,64.0,1.0,0.0,2.0,0.0,0.0,34.55758039060913,0.0,PLAINTEXT
5.706954882778696,0.0,64.0,1.0,0.0,2.0,0.0,0.0,34.36938139645199,0.0,CIPHERTEXT
4.9375,0.0,32.0,1.0,0.0,2.0,0.0,0.0,24.906695964332364,0.0,KEY
4.584962500721156,0.0,24.0,1.0,1.0,2.0,0.0,0.0,21.291906488858938,0.0,IV
5.293295834054489,0.0,48.0,1.0,0.0,2.0,0.0,0.0,29.720320227279764,0.0,PLAINTEXT
5.65625,0.0,64.0,1.0,0.0,2.0,0.0,0.0,34.06401794244219,0.0,CIPHERTEXT
4.9375,0.0,32.0,1.0,0.0,2.0,0.0,0.0,24.906695964332364,0.0,KEY
4.9375,0.0,32.0,1.0,0.0,2.0,0.0,0.0,24.906695964332364,0.0,KEY
5.41829583405449,0.0,48.0,1.0,0.0,2.0,0.0,0.0,30.422158957794167,0.0,PLAINTEXT
6.165538932945215,0.0,96.0,0.0,0.0,2.0,0.0,0.0,40.69201958254985,0.0,CIPHERTEXT
4.875,0.0,32.0,1.0,0.0,2.0,0.0,0.0,24.59142133187246,0.0,KEY
4.9375,0.0,32.0,1.0,0.0,2.0,0.0,0.0,24.906695964332364,0.0,KEY
5.75,0.0,64.0,1.0,0.0,2.0,0.0,0.0,34.62861492491361,0.0,PLAINTEXT
5.738204882778696,0.0,64.0,1.0,0.0,2.0,0.0,0.0,34.55758039060913,0.0,CIPHERTEXT
5.0,0.0,32.0,1.0,0.0,2.0,0.0,0.0,25.221970596792268,0.0,KEY
5.0,0.0,32.0,1.0,0.0,2.0,0.0,0.0,25.221970596792268,0.0,KEY
4.584962500721156,0.0,24.0,1.0,1.0,2.0,0.0,0.0,21.291906488858938,0.0,IV
5.41829583405449,0.0,48.0,1.0,0.0,2.0,0.0,0.0,30.422158957794167,0.0,PLAINTEXT
5.738204882778696,0.0,64.0,1.0,0.0,2.0,0.0,0.0,34.55758039060913,0.0,CIPHERTEXT
4.9375,0.0,32.0,1.0,0.0,2.0,0.0,0.0,24.906695964332364,0.0,KEY
5.8125,0.0,64.0,1.0,0.0,2.0,0.0,0.0,35.005012913227894,0.0,PLAINTEXT
4.9375,0.0,32.0,1.0,0.0,2.0,0.0,0.0,24.906695964332364,0.0,CIPHERTEXT
3.875,0.0,16.0,1.0,1.0,2.0,0.0,0.0,15.838918509845064,0.0,KEY
3.875,0.0,16.0,1.0,1.0,2.0,0.0,0.0,15.838918509845064,0.0,KEY
3.875,0.0,16.0,1.0,1.0,2.0,0.0,0.0,15.838918509845064,0.0,KEY
3.875,0.0,16.0,1.0,1.0,2.0,0.0,0.0,15.838918509845064,0.0,KEY
3.875,0.0,16.0,1.0,1.0,2.0,0.0,0.0,15.838918509845064,0.0,KEY
4.0,0.0,16.0,1.0,1.0,2.0,0.0,0.0,16.349851365001356,0.0,IV
5.84375,0.0,64.0,1.0,0.0,2.0,0.0,0.0,35.19321190738503,0.0,PLAINTEXT
5.831954882778696,0.0,64.0,1.0,0.0,2.0,0.0,0.0,35.122177373080554,0.0,CIPHERTEXT
4.16829583405449,0.0,24.0,1.0,1.0,2.0,0.0,0.0,19.35696640978614,0.0,KEY
4.16829583405449,0.0,24.0,1.0,1.0,2.0,0.0,0.0,19.35696640978614,0.0,KEY
4.16829583405449,0.0,24.0,1.0,1.0,2.0,0.0,0.0,19.35696640978614,0.0,KEY
4.16829583405449,0.0,24.0,1.0,1.0,2.0,0.0,0.0,19.35696640978614,0.0,KEY
4.0,0.0,16.0,1.0,1.0,2.0,0.0,0.0,16.349851365001356,0.0,IV
5.706954882778696,0.0,64.0,1.0,0.0,2.0,0.0,0.0,34.36938139645199,0.0,PLAINTEXT
5.570159765557392,0.0,64.0,1.0,0.0,2.0,0.0,0.0,33.545550885518956,0.0,CIPHERTEXT
4.875,0.0,32.0,1.0,0.0,2.0,0.0,0.0,24.59142133187246,0.0,KEY
4.875,0.0,32.0,1.0,0.0,2.0,0.0,0.0,24.59142133187246,0.0,KEY
4.875,0.0,32.0,1.0,0.0,2.0,0.0,0.0,24.59142133187246,0.0,KEY
4.875,0.0,32.0,1.0,0.0,2.0,0.0,0.0,24.59142133187246,0.0,KEY
4.0,0.0,16.0,1.0,1.0,2.0,0.0,0.0,16.349851365001356,0.0,IV
5.769454882778696,0.0,64.0,1.0,0.0,2.0,0.0,0.0,34.74577938476627,0.0,PLAINTEXT
5.84375,0.0,64.0,1.0,0.0,2.0,0.0,0.0,35.19321190738503,0.0,CIPHERTEXT
4.875,0.0,32.0,1.0,0.0,2.0,0.0,0.0,24.59142133187246,0.0,KEY
4.501629167387822,0.0,24.0,1.0,1.0,2.0,0.0,0.0,20.904918473044376,0.0,IV
5.376629167387822,0.0,48.0,1.0,0.0,2.0,0.0,0.0,30.18821271428936,0.0,PLAINTEXT
5.75,0.0,64.0,1.0,0.0,2.0,0.0,0.0,34.62861492491361,0.0,CIPHERTEXT
4.9375,0.0,32.0,1.0,0.0,2.0,0.0,0.0,24.906695964332364,0.0,KEY
4.875,0.0,32.0,1.0,0.0,2.0,0.0,0.0,24.59142133187246,0.0,KEY
5.501629167387824,0.0,48.0,1.0,0.0,2.0,0.0,0.0,30.890051444803774,0.0,PLAINTEXT
6.181265755906954,0.0,96.0,0.0,0.0,2.0,0.0,0.0,40.79581524338183,0.0,CIPHERTEXT
4.875,0.0,32.0,1.0,0.0,2.0,0.0,0.0,24.59142133187246,0.0,KEY
4.875,0.0,32.0,1.0,0.0,2.0,0.0,0.0,24.59142133187246,0.0,KEY
5.800704882778696,0.0,64.0,1.0,0.0,2.0,0.0,0.0,34.93397837892341,0.0,PLAINTEXT
5.769454882778696,0.0,64.0,1.0,0.0,2.0,0.0,0.0,34.74577938476627,0.0,CIPHERTEXT
4.75,0.0,32.0,1.0,0.0,2.0,0.0,0.0,23.960872066952653,0.0,KEY
4.875,0.0,32.0,1.0,0.0,2.0,0.0,0.0,24.59142133187246,0.0,KEY
4.501629167387822,0.0,24.0,1.0,1.0,2.0,0.0,0.0,20.904918473044376,0.0,IV
5.251629167387822,0.0,48.0,1.0,0.0,2.0,0.0,0.0,29.48637398377496,0.0,PLAINTEXT
5.78125,0.0,64.0,1.0,0.0,2.0,0.0,0.0,34.81681391907075,0.0,CIPHERTEXT
4.9375,0.0,32.0,1.0,0.0,2.0,0.0,0.0,24.906695964332364,0.0,KEY
5.769454882778696,0.0,64.0,1.0,0.0,2.0,0.0,0.0,34.74577938476627,0.0,PLAINTEXT
4.9375,0.0,32.0,1.0,0.0,2.0,0.0,0.0,24.906695964332364,0.0,CIPHERTEXT
3.75,0.0,16.0,1.0,1.0,2.0,0.0,0.0,15.32798565468877,0.0,KEY
3.75,0.0,16.0,1.0,1.0,2.0,0.0,0.0,15.32798565468877,0.0,KEY
4.0,0.0,16.0,1.0,1.0,2.0,0.0,0.0,16.349851365001356,0.0,IV
5.8125,0.0,64.0,1.0,0.0,2.0,0.0,0.0,35.005012913227894,0.0,PLAINTEXT
5.738204882778696,0.0,64.0,1.0,0.0,2.0,0.0,0.0,34.55758039060913,0.0,CIPHERTEXT
4.418295834054489,0.0,24.0,1.0,1.0,2.0,0.0,0.0,20.517930457229816,0.0,KEY
4.418295834054489,0.0,24.0,1.0,1.0,2.0,0.0,0.0,20.517930457229816,0.0,KEY
3.875,0.0,16.0,1.0,1.0,2.0,0.0,0.0,15.838918509845064,0.0,IV
5.706954882778696,0.0,64.0,1.0,0.0,2.0,0.0,0.0,34.36938139645199,0.0,PLAINTEXT
5.78125,0.0,64.0,1.0,0.0,2.0,0.0,0.0,34.81681391907075,0.0,CIPHERTEXT
4.9375,0.0,32.0,1.0,0.0,2.0,0.0,0.0,24.906695964332364,0.0,KEY
4.9375,0.0,32.0,1.0,0.0,2.0,0.0,0.0,24.906695964332364,0.0,KEY
4.0,0.0,16.0,1.0,1.0,2.0,0.0,0.0,16.349851365001356,0.0,IV
5.8125,0.0,64.0,1.0,0.0,2.0,0.0,0.0,35.005012913227894,0.0,PLAINTEXT
5.78125,0.0,64.0,1.0,0.0,2.0,0.0,0.0,34.81681391907075,0.0,CIPHERTEXT
5.0,0.0,32.0,1.0,0.0,2.0,0.0,0.0,25.221970596792268,0.0,KEY
4.501629167387822,0.0,24.0,1.0,1.0,2.0,0.0,0.0,20.904918473044376,0.0,IV
5.376629167387821,0.0,48.0,1.0,0.0,2.0,0.0,0.0,30.188212714289357,0.0,PLAINTEXT
5.71875,0.0,64.0,1.0,0.0,2.0,0.0,0.0,34.44041593075647,0.0,CIPHERTEXT
4.8125,0.0,32.0,1.0,0.0,2.0,0.0,0.0,24.276146699412557,0.0,KEY
4.9375,0.0,32.0,1.0,0.0,2.0,0.0,0.0,24.906695964332364,0.0,KEY
5.251629167387822,0.0,48.0,1.0,0.0,2.0,0.0,0.0,29.48637398377496,0.0,PLAINTEXT
6.222932422573622,0.0,96.0,0.0,0.0,2.0,0.0,0.0,41.0708116118063,0.0,CIPHERTEXT
4.75,0.0,32.0,1.0,0.0,2.0,0.0,0.0,23.960872066952653,0.0,KEY
4.8125,0.0,32.0,1.0,0.0,2.0,0.0,0.0,24.276146699412557,0.0,KEY
5.675704882778696,0.0,64.0,1.0,0.0,2.0,0.0,0.0,34.18118240229486,0.0,PLAINTEXT
5.65625,0.0,64.0,1.0,0.0,2.0,0.0,0.0,34.06401794244219,0.0,CIPHERTEXT
4.9375,0.0,32.0,1.0,0.0,2.0,0.0,0.0,24.906695964332364,0.0,KEY
4.9375,0.0,32.0,1.0,0.0,2.0,0.0,0.0,24.906695964332364,0.0,KEY
4.501629167387822,0.0,24.0,1.0,1.0,2.0,0.0,0.0,20.904918473044376,0.0,IV
5.459962500721156,0.0,48.0,1.0,0.0,2.0,0.0,0.0,30.656105201298967,0.0,PLAINTEXT
5.78125,0.0,64.0,1.0,0.0,2.0,0.0,0.0,34.81681391907075,0.0,CIPHERTEXT
4.875,0.0,32.0,1.0,0.0,2.0,0.0,0.0,24.59142133187246,0.0,KEY
5.71875,0.0,64.0,1.0,0.0,2.0,0.0,0.0,34.44041593075647,0.0,PLAINTEXT
4.9375,0.0,32.0,1.0,0.0,2.0,0.0,0.0,24.906695964332364,0.0,CIPHERTEXT
3.875,0.0,16.0,1.0,1.0,2.0,0.0,0.0,15.838918509845064,0.0,KEY
3.875,0.0,16.0,1.0,1.0,2.0,0.0,0.0,15.838918509845064,0.0,KEY
4.0,0.0,16.0,1.0,1.0,2.0,0.0,0.0,16.349851365001356,0.0,IV
5.71875,0.0,64.0,1.0,0.0,2.0,0.0,0.0,34.44041593075647,0.0,PLAINTEXT
5.769454882778696,0.0,64.0,1.0,0.0,2.0,0.0,0.0,34.74577938476627,0.0,CIPHERTEXT
4.501629167387822,0.0,24.0,1.0,1.0,2.0,0.0,0.0,20.904918473044376,0.0,KEY
4.501629167387822,0.0,24.0,1.0,1.0,2.0,0.0,0.0,20.904918473044376,0.0,KEY
3.75,0.0,16.0,1.0,1.0,2.0,0.0,0.0,15.32798565468877,0.0,IV
5.78125,0.0,64.0,1.0,0.0,2.0,0.0,0.0,34.81681391907075,0.0,PLAINTEXT
5.769454882778696,0.0,64.0,1.0,0.0,2.0,0.0,0.0,34.74577938476627,0.0,CIPHERTEXT
4.9375,0.0,32.0,1.0,0.0,2.0,0.0,0.0,24.906695964332364,0.0,KEY
4.9375,0.0,32.0,1.0,0.0,2.0,0.0,0.0,24.906695964332364,0.0,KEY
3.75,0.0,16.0,1.0,1.0,2.0,0.0,0.0,15.32798565468877,0.0,IV
5.84375,0.0,64.0,1.0,0.0,2.0,0.0,0.0,35.19321190738503,0.0,PLAINTEXT
5.78125,0.0,64.0,1.0,0.0,2.0,0.0,0.0,34.81681391907075,0.0,CIPHERTEXT
4.875,0.0,32.0,1.0,0.0,2.0,0.0,0.0,24.59142133187246,0.0,KEY
4.501629167387822,0.0,24.0,1.0,1.0,2.0,0.0,0.0,20.904918473044376,0.0,IV
5.459962500721155,0.0,48.0,1.0,0.0,2.0,0.0,0.0,30.65610520129896,0.0,PLAINTEXT
5.8125,0.0,64.0,1.0,0.0,2.0,0.0,0.0,35.005012913227894,0.0,CIPHERTEXT
4.8125,0.0,32.0,1.0,0.0,2.0,0.0,0.0,24.276146699412557,0.0,KEY
5.0,0.0,32.0,1.0,0.0,2.0,0.0,0.0,25.221970596792268,0.0,KEY
5.501629167387824,0.0,48.0,1.0,0.0,2.0,0.0,0.0,30.890051444803774,0.0,PLAINTEXT
6.110902344426084,0.0,96.0,0.0,0.0,2.0,0.0,0.0,40.33142286032914,0.0,CIPHERTEXT
4.851409765557392,0.0,32.0,1.0,0.0,2.0,0.0,0.0,24.47242289197588,0.0,KEY
4.9375,0.0,32.0,1.0,0.0,2.0,0.0,0.0,24.906695964332364,0.0,KEY
5.831954882778696,0.0,64.0,1.0,0.0,2.0,0.0,0.0,35.122177373080554,0.0,PLAINTEXT
5.71875,0.0,64.0,1.0,0.0,2.0,0.0,0.0,34.44041593075647,0.0,CIPHERTEXT
4.8125,0.0,32.0,1.0,0.0,2.0,0.0,0.0,24.276146699412557,0.0,KEY
4.875,0.0,32.0,1.0,0.0,2.0,0.0,0.0,24.59142133187246,0.0,KEY
4.584962500721156,0.0,24.0,1.0,1.0,2.0,0.0,0.0,21.291906488858938,0.0,IV
5.251629167387822,0.0,48.0,1.0,0.0,2.0,0.0,0.0,29.48637398377496,0.0,PLAINTEXT
5.75,0.0,64.0,1.0,0.0,2.0,0.0,0.0,34.62861492491361,0.0,CIPHERTEXT
4.8125,0.0,32.0,1.0,0.0,2.0,0.0,0.0,24.276146699412557,0.0,KEY
5.706954882778696,0.0,64.0,1.0,0.0,2.0,0.0,0.0,34.36938139645199,0.0,PLAINTEXT
4.9375,0.0,32.0,1.0,0.0,2.0,0.0,0.0,24.906695964332364,0.0,CIPHERTEXT
4.0,0.0,16.0,1.0,1.0,2.0,0.0,0.0,16.349851365001356,0.0,KEY
4.0,0.0,16.0,1.0,1.0,2.0,0.0,0.0,16.349851365001356,0.0,KEY
3.875,0.0,16.0,1.0,1.0,2.0,0.0,0.0,15.838918509845064,0.0,IV
5.84375,0.0,64.0,1.0,0.0,2.0,0.0,0.0,35.19321190738503,0.0,PLAINTEXT
5.75,0.0,64.0,1.0,0.0,2.0,0.0,0.0,34.62861492491361,0.0,CIPHERTEXT
4.584962500721156,0.0,24.0,1.0,1.0,2.0,0.0,0.0,21.291906488858938,0.0,KEY
4.584962500721156,0.0,24.0,1.0,1.0,2.0,0.0,0.0,21.291906488858938,0.0,KEY
4.0,0.0,16.0,1.0,1.0,2.0,0.0,0.0,16.349851365001356,0.0,IV
5.90625,0.0,64.0,1.0,0.0,2.0,0.0,0.0,35.56960989569931,0.0,PLAINTEXT
5.6875,0.0,64.0,1.0,0.0,2.0,0.0,0.0,34.25221693659933,0.0,CIPHERTEXT
4.875,0.0,32.0,1.0,0.0,2.0,0.0,0.0,24.59142133187246,0.0,KEY
4.875,0.0,32.0,1.0,0.0,2.0,0.0,0.0,24.59142133187246,0.0,KEY
3.875,0.0,16.0,1.0,1.0,2.0,0.0,0.0,15.838918509845064,0.0,IV
5.6875,0.0,64.0,1.0,0.0,2.0,0.0,0.0,34.25221693659933,0.0,PLAINTEXT
5.71875,0.0,64.0,1.0,0.0,2.0,0.0,0.0,34.44041593075647,0.0,CIPHERTEXT
4.8125,0.0,32.0,1.0,0.0,2.0,0.0,0.0,24.276146699412557,0.0,KEY
4.584962500721156,0.0,24.0,1.0,1.0,2.0,0.0,0.0,21.291906488858938,0.0,IV
5.501629167387824,0.0,48.0,1.0,0.0,2.0,0.0,0.0,30.890051444803774,0.0,PLAINTEXT
5.706954882778696,0.0,64.0,1.0,0.0,2.0,0.0,0.0,34.36938139645199,0.0,CIPHERTEXT
4.9375,0.0,32.0,1.0,0.0,2.0,0.0,0.0,24.906695964332364,0.0,KEY
4.875,0.0,32.0,1.0,0.0,2.0,0.0,0.0,24.59142133187246,0.0,KEY
5.41829583405449,0.0,48.0,1.0,0.0,2.0,0.0,0.0,30.422158957794167,0.0,PLAINTEXT
6.319235677759417,0.0,96.0,0.0,0.0,2.0,0.0,0.0,41.70640470245146,0.0,CIPHERTEXT
4.9375,0.0,32.0,1.0,0.0,2.0,0.0,0.0,24.906695964332364,0.0,KEY
4.8125,0.0,32.0,1.0,0.0,2.0,0.0,0.0,24.276146699412557,0.0,KEY
5.800704882778696,0.0,64.0,1.0,0.0,2.0,0.0,0.0,34.93397837892341,0.0,PLAINTEXT
5.800704882778696,0.0,64.0,1.0,0.0,2.0,0.0,0.0,34.93397837892341,0.0,CIPHERTEXT
5.0,0.0,32.0,1.0,0.0,2.0,0.0,0.0,25.221970596792268,0.0,KEY
4.8125,0.0,32.0,1.0,0.0,2.0,0.0,0.0,24.276146699412557,0.0,KEY
4.418295834054489,0.0,24.0,1.0,1.0,2.0,0.0,0.0,20.517930457229816,0.0,IV
5.459962500721157,0.0,48.0,1.0,0.0,2.0,0.0,0.0,30.65610520129897,0.0,PLAINTEXT
5.78125,0.0,64.0,1.0,0.0,2.0,0.0,0.0,34.81681391907075,0.0,CIPHERTEXT
4.9375,0.0,32.0,1.0,0.0,2.0,0.0,0.0,24.906695964332364,0.0,KEY
5.875,0.0,64.0,1.0,0.0,2.0,0.0,0.0,35.38141090154217,0.0,PLAINTEXT
4.851409765557392,0.0,32.0,1.0,0.0,2.0,0.0,0.0,24.47242289197588,0.0,CIPHERTEXT
4.0,0.0,16.0,1.0,1.0,2.0,0.0,0.0,16.349851365001356,0.0,KEY
4.0,0.0,16.0,1.0,1.0,2.0,0.0,0.0,16.349851365001356,0.0,KEY
3.875,0.0,16.0,1.0,1.0,2.0,0.0,0.0,15.838918509845064,0.0,IV
5.706954882778696,0.0,64.0,1.0,0.0,2.0,0.0,0.0,34.36938139645199,0.0,PLAINTEXT
5.800704882778696,0.0,64.0,1.0,0.0,2.0,0.0,0.0,34.93397837892341,0.0,CIPHERTEXT
4.334962500721156,0.0,24.0,1.0,1.0,2.0,0.0,0.0,20.130942441415257,0.0,KEY
4.334962500721156,0.0,24.0,1.0,1.0,2.0,0.0,0.0,20.130942441415257,0.0,KEY
3.75,0.0,16.0,1.0,1.0,2.0,0.0,0.0,15.32798565468877,0.0,IV
5.875,0.0,64.0,1.0,0.0,2.0,0.0,0.0,35.38141090154217,0.0,PLAINTEXT
5.738204882778696,0.0,64.0,1.0,0.0,2.0,0.0,0.0,34.55758039060913,0.0,CIPHERTEXT
4.875,0.0,32.0,1.0,0.0,2.0,0.0,0.0,24.59142133187246,0.0,KEY
4.875,0.0,32.0,1.0,0.0,2.0,0.0,0.0,24.59142133187246,0.0,KEY
4.0,0.0,16.0,1.0,1.0,2.0,0.0,0.0,16.349851365001356,0.0,IV
5.800704882778696,0.0,64.0,1.0,0.0,2.0,0.0,0.0,34.93397837892341,0.0,PLAINTEXT
5.75,0.0,64.0,1.0,0.0,2.0,0.0,0.0,34.62861492491361,0.0,CIPHERTEXT
4.8125,0.0,32.0,1.0,0.0,2.0,0.0,0.0,24.276146699412557,0.0,KEY
4.501629167387822,0.0,24.0,1.0,1.0,2.0,0.0,0.0,20.904918473044376,0.0,IV
5.501629167387823,0.0,48.0,1.0,0.0,2.0,0.0,0.0,30.890051444803767,0.0,PLAINTEXT
5.71875,0.0,64.0,1.0,0.0,2.0,0.0,0.0,34.44041593075647,0.0,CIPHERTEXT
4.875,0.0,32.0,1.0,0.0,2.0,0.0,0.0,24.59142133187246,0.0,KEY
4.875,0.0,32.0,1.0,0.0,2.0,0.0,0.0,24.59142133187246,0.0,KEY
5.334962500721155,0.0,48.0,1.0,0.0,2.0,0.0,0.0,29.95426647078456,0.0,PLAINTEXT
6.228038932945214,0.0,96.0,0.0,0.0,2.0,0.0,0.0,41.104514135186534,0.0,CIPHERTEXT
4.875,0.0,32.0,1.0,0.0,2.0,0.0,0.0,24.59142133187246,0.0,KEY
4.9375,0.0,32.0,1.0,0.0,2.0,0.0,0.0,24.906695964332364,0.0,KEY
5.625,0.0,64.0,1.0,0.0,2.0,0.0,0.0,33.87581894828506,0.0,PLAINTEXT
5.75,0.0,64.0,1.0,0.0,2.0,0.0,0.0,34.62861492491361,0.0,CIPHERTEXT
4.9375,0.0,32.0,1.0,0.0,2.0,0.0,0.0,24.906695964332364,0.0,KEY
4.75,0.0,32.0,1.0,0.0,2.0,0.0,0.0,23.960872066952653,0.0,KEY
4.501629167387822,0.0,24.0,1.0,1.0,2.0,0.0,0.0,20.904918473044376,0.0,IV
5.41829583405449,0.0,48.0,1.0,0.0,2.0,0.0,0.0,30.422158957794167,0.0,PLAINTEXT
5.78125,0.0,64.0,1.0,0.0,2.0,0.0,0.0,34.81681391907075,0.0,CIPHERTEXT
4.875,0.0,32.0,1.0,0.0,2.0,0.0,0.0,24.59142133187246,0.0,KEY
5.706954882778696,0.0,64.0,1.0,0.0,2.0,0.0,0.0,34.36938139645199,0.0,PLAINTEXT
4.9375,0.0,32.0,1.0,0.0,2.0,0.0,0.0,24.906695964332364,0.0,CIPHERTEXT
4.0,0.0,16.0,1.0,1.0,2.0,0.0,0.0,16.349851365001356,0.0,KEY
4.0,0.0,16.0,1.0,1.0,2.0,0.0,0.0,16.349851365001356,0.0,KEY
3.875,0.0,16.0,1.0,1.0,2.0,0.0,0.0,15.838918509845064,0.0,IV
5.800704882778696,0.0,64.0,1.0,0.0,2.0,0.0,0.0,34.93397837892341,0.0,PLAINTEXT
5.738204882778696,0.0,64.0,1.0,0.0,2.0,0.0,0.0,34.55758039060913,0.0,CIPHERTEXT
4.584962500721156,0.0,24.0,1.0,1.0,2.0,0.0,0.0,21.291906488858938,0.0,KEY
4.584962500721156,0.0,24.0,1.0,1.0,2.0,0.0,0.0,21.291906488858938,0.0,KEY
3.875,0.0,16.0,1.0,1.0,2.0,0.0,0.0,15.838918509845064,0.0,IV
5.78125,0.0,64.0,1.0,0.0,2.0,0.0,0.0,34.81681391907075,0.0,PLAINTEXT
5.90625,0.0,64.0,1.0,0.0,2.0,0.0,0.0,35.56960989569931,0.0,CIPHERTEXT
4.875,0.0,32.0,1.0,0.0,2.0,0.0,0.0,24.59142133187246,0.0,KEY
4.875,0.0,32.0,1.0,0.0,2.0,0.0,0.0,24.59142133187246,0.0,KEY
4.0,0.0,16.0,1.0,1.0,2.0,0.0,0.0,16.349851365001356,0.0,IV
5.84375,0.0,64.0,1.0,0.0,2.0,0.0,0.0,35.19321190738503,0.0,PLAINTEXT
5.613204882778696,0.0,64.0,1.0,0.0,2.0,0.0,0.0,33.80478441398058,0.0,CIPHERTEXT
4.875,0.0,32.0,1.0,0.0,2.0,0.0,0.0,24.59142133187246,0.0,KEY
4.584962500721156,0.0,24.0,1.0,1.0,2.0,0.0,0.0,21.291906488858938,0.0,IV
5.459962500721157,0.0,48.0,1.0,0.0,2.0,0.0,0.0,30.65610520129897,0.0,PLAINTEXT
5.831954882778696,0.0,64.0,1.0,0.0,2.0,0.0,0.0,35.122177373080554,0.0,CIPHERTEXT
4.875,0.0,32.0,1.0,0.0,2.0,0.0,0.0,24.59142133187246,0.0,KEY
4.9375,0.0,32.0,1.0,0.0,2.0,0.0,0.0,24.906695964332364,0.0,KEY
5.501629167387823,0.0,48.0,1.0,0.0,2.0,0.0,0.0,30.890051444803767,0.0,PLAINTEXT
6.194235677759418,0.0,96.0,0.0,0.0,2.0,0.0,0.0,40.88141559717807,0.0,CIPHERTEXT
4.8125,0.0,32.0,1.0,0.0,2.0,0.0,0.0,24.276146699412557,0.0,KEY
4.6875,0.0,32.0,1.0,0.0,2.0,0.0,0.0,23.64559743449275,0.0,KEY
5.84375,0.0,64.0,1.0,0.0,2.0,0.0,0.0,35.19321190738503,0.0,PLAINTEXT
5.8125,0.0,64.0,1.0,0.0,2.0,0.0,0.0,35.005012913227894,0.0,CIPHERTEXT
4.875,0.0,32.0,1.0,0.0,2.0,0.0,0.0,24.59142133187246,0.0,KEY
4.8125,0.0,32.0,1.0,0.0,2.0,0.0,0.0,24.276146699412557,0.0,KEY
4.501629167387822,0.0,24.0,1.0,1.0,2.0,0.0,0.0,20.904918473044376,0.0,IV
5.376629167387822,0.0,48.0,1.0,0.0,2.0,0.0,0.0,30.18821271428936,0.0,PLAINTEXT
5.538909765557392,0.0,64.0,1.0,0.0,2.0,0.0,0.0,33.35735189136182,0.0,CIPHERTEXT
4.875,0.0,32.0,1.0,0.0,2.0,0.0,0.0,24.59142133187246,0.0,KEY
5.8125,0.0,64.0,1.0,0.0,2.0,0.0,0.0,35.005012913227894,0.0,PLAINTEXT
4.875,0.0,32.0,1.0,0.0,2.0,0.0,0.0,24.59142133187246,0.0,CIPHERTEXT
3.75,0.0,16.0,1.0,1.0,2.0,0.0,0.0,15.32798565468877,0.0,KEY
3.75,0.0,16.0,1.0,1.0,2.0,0.0,0.0,15.32798565468877,0.0,KEY
4.0,0.0,16.0,1.0,1.0,2.0,0.0,0.0,16.349851365001356,0.0,IV
5.738204882778696,0.0,64.0,1.0,0.0,2.0,0.0,0.0,34.55758039060913,0.0,PLAINTEXT
5.769454882778696,0.0,64.0,1.0,0.0,2.0,0.0,0.0,34.74577938476627,0.0,CIPHERTEXT
4.584962500721156,0.0,24.0,1.0,1.0,2.0,0.0,0.0,21.291906488858938,0.0,KEY
4.584962500721156,0.0,24.0,1.0,1.0,2.0,0.0,0.0,21.291906488858938,0.0,KEY
4.0,0.0,16.0,1.0,1.0,2.0,0.0,0.0,16.349851365001356,0.0,IV
5.78125,0.0,64.0,1.0,0.0,2.0,0.0,0.0,34.81681391907075,0.0,PLAINTEXT
5.84375,0.0,64.0,1.0,0.0,2.0,0.0,0.0,35.19321190738503,0.0,CIPHERTEXT
4.875,0.0,32.0,1.0,0.0,2.0,0.0,0.0,24.59142133187246,0.0,KEY
4.875,0.0,32.0,1.0,0.0,2.0,0.0,0.0,24.59142133187246,0.0,KEY
3.875,0.0,16.0,1.0,1.0,2.0,0.0,0.0,15.838918509845064,0.0,IV
5.769454882778696,0.0,64.0,1.0,0.0,2.0,0.0,0.0,34.74577938476627,0.0,PLAINTEXT
5.75,0.0,64.0,1.0,0.0,2.0,0.0,0.0,34.62861492491361,0.0,CIPHERTEXT
4.875,0.0,32.0,1.0,0.0,2.0,0.0,0.0,24.59142133187246,0.0,KEY
4.584962500721156,0.0,24.0,1.0,1.0,2.0,0.0,0.0,21.291906488858938,0.0,IV
5.459962500721157,0.0,48.0,1.0,0.0,2.0,0.0,0.0,30.65610520129897,0.0,PLAINTEXT
5.78125,0.0,64.0,1.0,0.0,2.0,0.0,0.0,34.81681391907075,0.0,CIPHERTEXT
4.9375,0.0,32.0,1.0,0.0,2.0,0.0,0.0,24.906695964332364,0.0,KEY
4.726409765557392,0.0,32.0,1.0,0.0,2.0,0.0,0.0,23.841873627056074,0.0,KEY
5.41829583405449,0.0,48.0,1.0,0.0,2.0,0.0,0.0,30.422158957794167,0.0,PLAINTEXT
6.1395990892402885,0.0,96.0,0.0,0.0,2.0,0.0,0.0,40.52081887495737,0.0,CIPHERTEXT
4.8125,0.0,32.0,1.0,0.0,2.0,0.0,0.0,24.276146699412557,0.0,KEY
4.875,0.0,32.0,1.0,0.0,2.0,0.0,0.0,24.59142133187246,0.0,KEY
5.90625,0.0,64.0,1.0,0.0,2.0,0.0,0.0,35.56960989569931,0.0,PLAINTEXT
5.695159765557392,0.0,64.0,1.0,0.0,2.0,0.0,0.0,34.29834686214752,0.0,CIPHERTEXT
4.875,0.0,32.0,1.0,0.0,2.0,0.0,0.0,24.59142133187246,0.0,KEY
4.9375,0.0,32.0,1.0,0.0,2.0,0.0,0.0,24.906695964332364,0.0,KEY
4.584962500721156,0.0,24.0,1.0,1.0,2.0,0.0,0.0,21.291906488858938,0.0,IV
5.459962500721157,0.0,48.0,1.0,0.0,2.0,0.0,0.0,30.65610520129897,0.0,PLAINTEXT
5.695159765557392,0.0,64.0,1.0,0.0,2.0,0.0,0.0,34.29834686214752,0.0,CIPHERTEXT
4.9375,0.0,32.0,1.0,0.0,2.0,0.0,0.0,24.906695964332364,0.0,KEY
5.78125,0.0,64.0,1.0,0.0,2.0,0.0,0.0,34.81681391907075,0.0,PLAINTEXT
4.9375,0.0,32.0,1.0,0.0,2.0,0.0,0.0,24.906695964332364,0.0,CIPHERTEXT
3.875,0.0,16.0,1.0,1.0,2.0,0.0,0.0,15.838918509845064,0.0,KEY
3.875,0.0,16.0,1.0,1.0,2.0,0.0,0.0,15.838918509845064,0.0,KEY
4.0,0.0,16.0,1.0,1.0,2.0,0.0,0.0,16.349851365001356,0.0,IV
5.78125,0.0,64.0,1.0,0.0,2.0,0.0,0.0,34.81681391907075,0.0,PLAINTEXT
5.831954882778696,0.0,64.0,1.0,0.0,2.0,0.0,0.0,35.122177373080554,0.0,CIPHERTEXT
4.418295834054489,0.0,24.0,1.0,1.0,2.0,0.0,0.0,20.517930457229816,0.0,KEY
4.418295834054489,0.0,24.0,1.0,1.0,2.0,0.0,0.0,20.517930457229816,0.0,KEY
4.0,0.0,16.0,1.0,1.0,2.0,0.0,0.0,16.349851365001356,0.0,IV
5.78125,0.0,64.0,1.0,0.0,2.0,0.0,0.0,34.81681391907075,0.0,PLAINTEXT
5.706954882778696,0.0,64.0,1.0,0.0,2.0,0.0,0.0,34.36938139645199,0.0,CIPHERTEXT
5.0,0.0,32.0,1.0,0.0,2.0,0.0,0.0,25.221970596792268,0.0,KEY
5.0,0.0,32.0,1.0,0.0,2.0,0.0,0.0,25.221970596792268,0.0,KEY
4.0,0.0,16.0,1.0,1.0,2.0,0.0,0.0,16.349851365001356,0.0,IV
5.875,0.0,64.0,1.0,0.0,2.0,0.0,0.0,35.38141090154217,0.0,PLAINTEXT
5.78125,0.0,64.0,1.0,0.0,2.0,0.0,0.0,34.81681391907075,0.0,CIPHERTEXT
4.875,0.0,32.0,1.0,0.0,2.0,0.0,0.0,24.59142133187246,0.0,KEY
4.501629167387822,0.0,24.0,1.0,1.0,2.0,0.0,0.0,20.904918473044376,0.0,IV
5.41829583405449,0.0,48.0,1.0,0.0,2.0,0.0,0.0,30.422158957794167,0.0,PLAINTEXT
5.738204882778696,0.0,64.0,1.0,0.0,2.0,0.0,0.0,34.55758039060913,0.0,CIPHERTEXT
4.75,0.0,32.0,1.0,0.0,2.0,0.0,0.0,23.960872066952653,0.0,KEY
4.75,0.0,32.0,1.0,0.0,2.0,0.0,0.0,23.960872066952653,0.0,KEY
5.41829583405449,0.0,48.0,1.0,0.0,2.0,0.0,0.0,30.422158957794167,0.0,PLAINTEXT
6.181265755906954,0.0,96.0,0.0,0.0,2.0,0.0,0.0,40.79581524338183,0.0,CIPHERTEXT
4.9375,0.0,32.0,1.0,0.0,2.0,0.0,0.0,24.906695964332364,0.0,KEY
4.726409765557392,0.0,32.0,1.0,0.0,2.0,0.0,0.0,23.841873627056074,0.0,KEY
5.71875,0.0,64.0,1.0,0.0,2.0,0.0,0.0,34.44041593075647,0.0,PLAINTEXT
5.662349367586925,0.0,64.0,1.0,0.0,2.0,0.0,0.0,34.10075057747752,0.0,CIPHERTEXT
5.0,0.0,32.0,1.0,0.0,2.0,0.0,0.0,25.221970596792268,0.0,KEY
4.8125,0.0,32.0,1.0,0.0,2.0,0.0,0.0,24.276146699412557,0.0,KEY
4.501629167387822,0.0,24.0,1.0,1.0,2.0,0.0,0.0,20.904918473044376,0.0,IV
5.334962500721155,0.0,48.0,1.0,0.0,2.0,0.0,0.0,29.95426647078456,0.0,PLAINTEXT
5.875,0.0,64.0,1.0,0.0,2.0,0.0,0.0,35.38141090154217,0.0,CIPHERTEXT
4.8125,0.0,32.0,1.0,0.0,2.0,0.0,0.0,24.276146699412557,0.0,KEY
5.75,0.0,64.0,1.0,0.0,2.0,0.0,0.0,34.62861492491361,0.0,PLAINTEXT
5.0,0.0,32.0,1.0,0.0,2.0,0.0,0.0,25.221970596792268,0.0,CIPHERTEXT
4.0,0.0,16.0,1.0,1.0,2.0,0.0,0.0,16.349851365001356,0.0,KEY
4.0,0.0,16.0,1.0,1.0,2.0,0.0,0.0,16.349851365001356,0.0,KEY
4.0,0.0,16.0,1.0,1.0,2.0,0.0,0.0,16.349851365001356,0.0,IV
5.84375,0.0,64.0,1.0,0.0,2.0,0.0,0.0,35.19321190738503,0.0,PLAINTEXT
5.8125,0.0,64.0,1.0,0.0,2.0,0.0,0.0,35.005012913227894,0.0,CIPHERTEXT
4.584962500721156,0.0,24.0,1.0,1.0,2.0,0.0,0.0,21.291906488858938,0.0,KEY
4.584962500721156,0.0,24.0,1.0,1.0,2.0,0.0,0.0,21.291906488858938,0.0,KEY
4.0,0.0,16.0,1.0,1.0,2.0,0.0,0.0,16.349851365001356,0.0,IV
5.75,0.0,64.0,1.0,0.0,2.0,0.0,0.0,34.62861492491361,0.0,PLAINTEXT
5.71875,0.0,64.0,1.0,0.0,2.0,0.0,0.0,34.44041593075647,0.0,CIPHERTEXT
4.9375,0.0,32.0,1.0,0.0,2.0,0.0,0.0,24.906695964332364,0.0,KEY
4.9375,0.0,32.0,1.0,0.0,2.0,0.0,0.0,24.906695964332364,0.0,KEY
4.0,0.0,16.0,1.0,1.0,2.0,0.0,0.0,16.349851365001356,0.0,IV
5.875,0.0,64.0,1.0,0.0,2.0,0.0,0.0,35.38141090154217,0.0,PLAINTEXT
5.8125,0.0,64.0,1.0,0.0,2.0,0.0,0.0,35.005012913227894,0.0,CIPHERTEXT
4.8125,0.0,32.0,1.0,0.0,2.0,0.0,0.0,24.276146699412557,0.0,KEY
4.41829583405449,0.0,24.0,1.0,1.0,2.0,0.0,0.0,20.51793045722982,0.0,IV
5.2775690110927505,0.0,48.0,1.0,0.0,2.0,0.0,0.0,29.632018679579833,0.0,PLAINTEXT
5.75,0.0,64.0,1.0,0.0,2.0,0.0,0.0,34.62861492491361,0.0,CIPHERTEXT
4.788909765557392,0.0,32.0,1.0,0.0,2.0,0.0,0.0,24.157148259515978,0.0,KEY
4.9375,0.0,32.0,1.0,0.0,2.0,0.0,0.0,24.906695964332364,0.0,KEY
5.459962500721157,0.0,48.0,1.0,0.0,2.0,0.0,0.0,30.65610520129897,0.0,PLAINTEXT
6.181265755906955,0.0,96.0,0.0,0.0,2.0,0.0,0.0,40.79581524338183,0.0,CIPHERTEXT
5.0,0.0,32.0,1.0,0.0,2.0,0.0,0.0,25.221970596792268,0.0,KEY
5.0,0.0,32.0,1.0,0.0,2.0,0.0,0.0,25.221970596792268,0.0,KEY
5.71875,0.0,64.0,1.0,0.0,2.0,0.0,0.0,34.44041593075647,0.0,PLAINTEXT
5.800704882778696,0.0,64.0,1.0,0.0,2.0,0.0,0.0,34.93397837892341,0.0,CIPHERTEXT
5.0,0.0,32.0,1.0,0.0,2.0,0.0,0.0,25.221970596792268,0.0,KEY
4.9375,0.0,32.0,1.0,0.0,2.0,0.0,0.0,24.906695964332364,0.0,KEY
4.584962500721156,0.0,24.0,1.0,1.0,2.0,0.0,0.0,21.291906488858938,0.0,IV
5.376629167387822,0.0,48.0,1.0,0.0,2.0,0.0,0.0,30.18821271428936,0.0,PLAINTEXT
5.769454882778696,0.0,64.0,1.0,0.0,2.0,0.0,0.0,34.74577938476627,0.0,CIPHERTEXT
4.75,0.0,32.0,1.0,0.0,2.0,0.0,0.0,23.960872066952653,0.0,KEY
5.8125,0.0,64.0,1.0,0.0,2.0,0.0,0.0,35.005012913227894,0.0,PLAINTEXT
4.8125,0.0,32.0,1.0,0.0,2.0,0.0,0.0,24.276146699412557,0.0,CIPHERTEXT
3.75,0.0,16.0,1.0,1.0,2.0,0.0,0.0,15.32798565468877,0.0,KEY
3.75,0.0,16.0,1.0,1.0,2.0,0.0,0.0,15.32798565468877,0.0,KEY
3.75,0.0,16.0,1.0,1.0,2.0,0.0,0.0,15.32798565468877,0.0,IV
5.84375,0.0,64.0,1.0,0.0,2.0,0.0,0.0,35.19321190738503,0.0,PLAINTEXT
5.706954882778696,0.0,64.0,1.0,0.0,2.0,0.0,0.0,34.36938139645199,0.0,CIPHERTEXT
4.501629167387822,0.0,24.0,1.0,1.0,2.0,0.0,0.0,20.904918473044376,0.0,KEY
4.501629167387822,0.0,24.0,1.0,1.0,2.0,0.0,0.0,20.904918473044376,0.0,KEY
4.0,0.0,16.0,1.0,1.0,2.0,0.0,0.0,16.349851365001356,0.0,IV
5.644454882778696,0.0,64.0,1.0,0.0,2.0,0.0,0.0,33.99298340813772,0.0,PLAINTEXT
5.695159765557392,0.0,64.0,1.0,0.0,2.0,0.0,0.0,34.29834686214752,0.0,CIPHERTEXT
4.9375,0.0,32.0,1.0,0.0,2.0,0.0,0.0,24.906695964332364,0.0,KEY
4.9375,0.0,32.0,1.0,0.0,2.0,0.0,0.0,24.906695964332364,0.0,KEY
3.875,0.0,16.0,1.0,1.0,2.0,0.0,0.0,15.838918509845064,0.0,IV
5.75,0.0,64.0,1.0,0.0,2.0,0.0,0.0,34.62861492491361,0.0,PLAINTEXT
5.675704882778696,0.0,64.0,1.0,0.0,2.0,0.0,0.0,34.18118240229486,0.0,CIPHERTEXT
4.75,0.0,32.0,1.0,0.0,2.0,0.0,0.0,23.960872066952653,0.0,KEY
4.501629167387822,0.0,24.0,1.0,1.0,2.0,0.0,0.0,20.904918473044376,0.0,IV
5.459962500721157,0.0,48.0,1.0,0.0,2.0,0.0,0.0,30.65610520129897,0.0,PLAINTEXT
5.875,0.0,64.0,1.0,0.0,2.0,0.0,0.0,35.38141090154217,0.0,CIPHERTEXT
5.0,0.0,32.0,1.0,0.0,2.0,0.0,0.0,25.221970596792268,0.0,KEY
5.0,0.0,32.0,1.0,0.0,2.0,0.0,0.0,25.221970596792268,0.0,KEY
5.376629167387821,0.0,48.0,1.0,0.0,2.0,0.0,0.0,30.188212714289357,0.0,PLAINTEXT
6.181265755906955,0.0,96.0,0.0,0.0,2.0,0.0,0.0,40.79581524338183,0.0,CIPHERTEXT
4.9375,0.0,32.0,1.0,0.0,2.0,0.0,0.0,24.906695964332364,0.0,KEY
5.0,0.0,32.0,1.0,0.0,2.0,0.0,0.0,25.221970596792268,0.0,KEY
5.8125,0.0,64.0,1.0,0.0,2.0,0.0,0.0,35.005012913227894,0.0,PLAINTEXT
5.831954882778696,0.0,64.0,1.0,0.0,2.0,0.0,0.0,35.122177373080554,0.0,CIPHERTEXT
4.726409765557392,0.0,32.0,1.0,0.0,2.0,0.0,0.0,23.841873627056074,0.0,KEY
4.875,0.0,32.0,1.0,0.0,2.0,0.0,0.0,24.59142133187246,0.0,KEY
4.386842188131011,0.0,24.0,1.0,1.0,2.0,0.0,0.0,20.371864248917092,0.0,IV
5.501629167387824,0.0,48.0,1.0,0.0,2.0,0.0,0.0,30.890051444803774,0.0,PLAINTEXT
5.632659765557392,0.0,64.0,1.0,0.0,2.0,0.0,0.0,33.92194887383324,0.0,CIPHERTEXT
5.0,0.0,32.0,1.0,0.0,2.0,0.0,0.0,25.221970596792268,0.0,KEY
5.875,0.0,64.0,1.0,0.0,2.0,0.0,0.0,35.38141090154217,0.0,PLAINTEXT
4.9375,0.0,32.0,1.0,0.0,2.0,0.0,0.0,24.906695964332364,0.0,CIPHERTEXT
4.0,0.0,16.0,1.0,1.0,2.0,0.0,0.0,16.349851365001356,0.0,KEY
4.0,0.0,16.0,1.0,1.0,2.0,0.0,0.0,16.349851365001356,0.0,KEY
3.875,0.0,16.0,1.0,1.0,2.0,0.0,0.0,15.838918509845064,0.0,IV
5.71875,0.0,64.0,1.0,0.0,2.0,0.0,0.0,34.44041593075647,0.0,PLAINTEXT
5.65625,0.0,64.0,1.0,0.0,2.0,0.0,0.0,34.06401794244219,0.0,CIPHERTEXT
4.501629167387822,0.0,24.0,1.0,1.0,2.0,0.0,0.0,20.904918473044376,0.0,KEY
4.501629167387822,0.0,24.0,1.0,1.0,2.0,0.0,0.0,20.904918473044376,0.0,KEY
3.875,0.0,16.0,1.0,1.0,2.0,0.0,0.0,15.838918509845064,0.0,IV
5.738204882778696,0.0,64.0,1.0,0.0,2.0,0.0,0.0,34.55758039060913,0.0,PLAINTEXT
5.78125,0.0,64.0,1.0,0.0,2.0,0.0,0.0,34.81681391907075,0.0,CIPHERTEXT
4.9375,0.0,32.0,1.0,0.0,2.0,0.0,0.0,24.906695964332364,0.0,KEY
4.9375,0.0,32.0,1.0,0.0,2.0,0.0,0.0,24.906695964332364,0.0,KEY
4.0,0.0,16.0,1.0,1.0,2.0,0.0,0.0,16.349851365001356,0.0,IV
5.71875,0.0,64.0,1.0,0.0,2.0,0.0,0.0,34.44041593075647,0.0,PLAINTEXT
5.706954882778696,0.0,64.0,1.0,0.0,2.0,0.0,0.0,34.36938139645199,0.0,CIPHERTEXT
4.9375,0.0,32.0,1.0,0.0,2.0,0.0,0.0,24.906695964332364,0.0,KEY
4.501629167387822,0.0,24.0,1.0,1.0,2.0,0.0,0.0,20.904918473044376,0.0,IV
5.543295834054491,0.0,48.0,1.0,0.0,2.0,0.0,0.0,31.123997688308574,0.0,PLAINTEXT
5.875,0.0,64.0,1.0,0.0,2.0,0.0,0.0,35.38141090154217,0.0,CIPHERTEXT
4.9375,0.0,32.0,1.0,0.0,2.0,0.0,0.0,24.906695964332364,0.0,KEY
5.0,0.0,32.0,1.0,0.0,2.0,0.0,0.0,25.221970596792268,0.0,KEY
5.501629167387823,0.0,48.0,1.0,0.0,2.0,0.0,0.0,30.890051444803767,0.0,PLAINTEXT
6.160432422573621,0.0,96.0,0.0,0.0,2.0,0.0,0.0,40.6583170591696,0.0,CIPHERTEXT
4.875,0.0,32.0,1.0,0.0,2.0,0.0,0.0,24.59142133187246,0.0,KEY
4.875,0.0,32.0,1.0,0.0,2.0,0.0,0.0,24.59142133187246,0.0,KEY
5.663909765557392,0.0,64.0,1.0,0.0,2.0,0.0,0.0,34.11014786799038,0.0,PLAINTEXT
5.706954882778696,0.0,64.0,1.0,0.0,2.0,0.0,0.0,34.36938139645199,0.0,CIPHERTEXT
4.75,0.0,32.0,1.0,0.0,2.0,0.0,0.0,23.960872066952653,0.0,KEY
4.875,0.0,32.0,1.0,0.0,2.0,0.0,0.0,24.59142133187246,0.0,KEY
4.584962500721156,0.0,24.0,1.0,1.0,2.0,0.0,0.0,21.291906488858938,0.0,IV
5.3609023444260835,0.0,48.0,1.0,0.0,2.0,0.0,0.0,30.09991116658943,0.0,PLAINTEXT
5.675704882778696,0.0,64.0,1.0,0.0,2.0,0.0,0.0,34.18118240229486,0.0,CIPHERTEXT
4.6875,0.0,32.0,1.0,0.0,2.0,0.0,0.0,23.64559743449275,0.0,KEY
5.8125,0.0,64.0,1.0,0.0,2.0,0.0,0.0,35.005012913227894,0.0,PLAINTEXT
4.9375,0.0,32.0,1.0,0.0,2.0,0.0,0.0,24.906695964332364,0.0,CIPHERTEXT
4.0,0.0,16.0,1.0,1.0,2.0,0.0,0.0,16.349851365001356,0.0,KEY
4.0,0.0,16.0,1.0,1.0,2.0,0.0,0.0,16.349851365001356,0.0,KEY
4.0,0.0,16.0,1.0,1.0,2.0,0.0,0.0,16.349851365001356,0.0,IV
5.8125,0.0,64.0,1.0,0.0,2.0,0.0,0.0,35.005012913227894,0.0,PLAINTEXT
5.84375,0.0,64.0,1.0,0.0,2.0,0.0,0.0,35.19321190738503,0.0,CIPHERTEXT
4.584962500721156,0.0,24.0,1.0,1.0,2.0,0.0,0.0,21.291906488858938,0.0,KEY
4.584962500721156,0.0,24.0,1.0,1.0,2.0,0.0,0.0,21.291906488858938,0.0,KEY
4.0,0.0,16.0,1.0,1.0,2.0,0.0,0.0,16.349851365001356,0.0,IV
5.75,0.0,64.0,1.0,0.0,2.0,0.0,0.0,34.62861492491361,0.0,PLAINTEXT
5.6875,0.0,64.0,1.0,0.0,2.0,0.0,0.0,34.25221693659933,0.0,CIPHERTEXT
4.75,0.0,32.0,1.0,0.0,2.0,0.0,0.0,23.960872066952653,0.0,KEY
4.75,0.0,32.0,1.0,0.0,2.0,0.0,0.0,23.960872066952653,0.0,KEY
4.0,0.0,16.0,1.0,1.0,2.0,0.0,0.0,16.349851365001356,0.0,IV
5.738204882778696,0.0,64.0,1.0,0.0,2.0,0.0,0.0,34.55758039060913,0.0,PLAINTEXT
5.738204882778696,0.0,64.0,1.0,0.0,2.0,0.0,0.0,34.55758039060913,0.0,CIPHERTEXT
4.6875,0.0,32.0,1.0,0.0,2.0,0.0,0.0,23.64559743449275,0.0,KEY
4.501629167387822,0.0,24.0,1.0,1.0,2.0,0.0,0.0,20.904918473044376,0.0,IV
5.293295834054489,0.0,48.0,1.0,0.0,2.0,0.0,0.0,29.720320227279764,0.0,PLAINTEXT
5.875,0.0,64.0,1.0,0.0,2.0,0.0,0.0,35.38141090154217,0.0,CIPHERTEXT
4.875,0.0,32.0,1.0,0.0,2.0,0.0,0.0,24.59142133187246,0.0,KEY
4.875,0.0,32.0,1.0,0.0,2.0,0.0,0.0,24.59142133187246,0.0,KEY
5.459962500721157,0.0,48.0,1.0,0.0,2.0,0.0,0.0,30.65610520129897,0.0,PLAINTEXT
6.215069011092751,0.0,96.0,0.0,0.0,2.0,0.0,0.0,41.0189137813903,0.0,CIPHERTEXT
4.8125,0.0,32.0,1.0,0.0,2.0,0.0,0.0,24.276146699412557,0.0,KEY
4.8125,0.0,32.0,1.0,0.0,2.0,0.0,0.0,24.276146699412557,0.0,KEY
5.84375,0.0,64.0,1.0,0.0,2.0,0.0,0.0,35.19321190738503,0.0,PLAINTEXT
5.875,0.0,64.0,1.0,0.0,2.0,0.0,0.0,35.38141090154217,0.0,CIPHERTEXT
4.875,0.0,32.0,1.0,0.0,2.0,0.0,0.0,24.59142133187246,0.0,KEY
4.875,0.0,32.0,1.0,0.0,2.0,0.0,0.0,24.59142133187246,0.0,KEY
4.418295834054489,0.0,24.0,1.0,1.0,2.0,0.0,0.0,20.517930457229816,0.0,IV
5.459962500721157,0.0,48.0,1.0,0.0,2.0,0.0,0.0,30.65610520129897,0.0,PLAINTEXT
5.875,0.0,64.0,1.0,0.0,2.0,0.0,0.0,35.38141090154217,0.0,CIPHERTEXT
4.875,0.0,32.0,1.0,0.0,2.0,0.0,0.0,24.59142133187246,0.0,KEY
5.875,0.0,64.0,1.0,0.0,2.0,0.0,0.0,35.38141090154217,0.0,PLAINTEXT
4.788909765557392,0.0,32.0,1.0,0.0,2.0,0.0,0.0,24.157148259515978,0.0,CIPHERTEXT
3.75,0.0,16.0,1.0,1.0,2.0,0.0,0.0,15.32798565468877,0.0,KEY
3.75,0.0,16.0,1.0,1.0,2.0,0.0,0.0,15.32798565468877,0.0,KEY
3.875,0.0,16.0,1.0,1.0,2.0,0.0,0.0,15.838918509845064,0.0,IV
5.75,0.0,64.0,1.0,0.0,2.0,0.0,0.0,34.62861492491361,0.0,PLAINTEXT
5.675704882778696,0.0,64.0,1.0,0.0,2.0,0.0,0.0,34.18118240229486,0.0,CIPHERTEXT
4.501629167387822,0.0,24.0,1.0,1.0,2.0,0.0,0.0,20.904918473044376,0.0,KEY
4.501629167387822,0.0,24.0,1.0,1.0,2.0,0.0,0.0,20.904918473044376,0.0,KEY
4.0,0.0,16.0,1.0,1.0,2.0,0.0,0.0,16.349851365001356,0.0,IV
5.695159765557392,0.0,64.0,1.0,0.0,2.0,0.0,0.0,34.29834686214752,0.0,PLAINTEXT
5.71875,0.0,64.0,1.0,0.0,2.0,0.0,0.0,34.44041593075647,0.0,CIPHERTEXT
4.788909765557392,0.0,32.0,1.0,0.0,2.0,0.0,0.0,24.157148259515978,0.0,KEY
4.788909765557392,0.0,32.0,1.0,0.0,2.0,0.0,0.0,24.157148259515978,0.0,KEY
3.875,0.0,16.0,1.0,1.0,2.0,0.0,0.0,15.838918509845064,0.0,IV
5.8125,0.0,64.0,1.0,0.0,2.0,0.0,0.0,35.005012913227894,0.0,PLAINTEXT
5.75,0.0,64.0,1.0,0.0,2.0,0.0,0.0,34.62861492491361,0.0,CIPHERTEXT
4.875,0.0,32.0,1.0,0.0,2.0,0.0,0.0,24.59142133187246,0.0,KEY
4.584962500721156,0.0,24.0,1.0,1.0,2.0,0.0,0.0,21.291906488858938,0.0,IV
5.459962500721157,0.0,48.0,1.0,0.0,2.0,0.0,0.0,30.65610520129897,0.0,PLAINTEXT
5.84375,0.0,64.0,1.0,0.0,2.0,0.0,0.0,35.19321190738503,0.0,CIPHERTEXT
4.8125,0.0,32.0,1.0,0.0,2.0,0.0,0.0,24.276146699412557,0.0,KEY
4.6875,0.0,32.0,1.0,0.0,2.0,0.0,0.0,23.64559743449275,0.0,KEY
5.293295834054488,0.0,48.0,1.0,0.0,2.0,0.0,0.0,29.720320227279757,0.0,PLAINTEXT
6.152569011092752,0.0,96.0,0.0,0.0,2.0,0.0,0.0,40.606419228753616,0.0,CIPHERTEXT
4.851409765557392,0.0,32.0,1.0,0.0,2.0,0.0,0.0,24.47242289197588,0.0,KEY
4.8125,0.0,32.0,1.0,0.0,2.0,0.0,0.0,24.276146699412557,0.0,KEY
5.738204882778696,0.0,64.0,1.0,0.0,2.0,0.0,0.0,34.55758039060913,0.0,PLAINTEXT
5.84375,0.0,64.0,1.0,0.0,2.0,0.0,0.0,35.19321190738503,0.0,CIPHERTEXT
4.875,0.0,32.0,1.0,0.0,2.0,0.0,0.0,24.59142133187246,0.0,KEY
4.875,0.0,32.0,1.0,0.0,2.0,0.0,0.0,24.59142133187246,0.0,KEY
4.303508854797678,0.0,24.0,1.0,1.0,2.0,0.0,0.0,19.984876233102533,0.0,IV
5.41829583405449,0.0,48.0,1.0,0.0,2.0,0.0,0.0,30.422158957794167,0.0,PLAINTEXT
5.738204882778696,0.0,64.0,1.0,0.0,2.0,0.0,0.0,34.55758039060913,0.0,CIPHERTEXT
4.663909765557392,0.0,32.0,1.0,0.0,2.0,0.0,0.0,23.52659899459617,0.0,KEY
5.84375,0.0,64.0,1.0,0.0,2.0,0.0,0.0,35.19321190738503,0.0,PLAINTEXT
4.875,0.0,32.0,1.0,0.0,2.0,0.0,0.0,24.59142133187246,0.0,CIPHERTEXT
4.0,0.0,16.0,1.0,1.0,2.0,0.0,0.0,16.349851365001356,0.0,KEY
4.0,0.0,16.0,1.0,1.0,2.0,0.0,0.0,16.349851365001356,0.0,KEY
4.0,0.0,16.0,1.0,1.0,2.0,0.0,0.0,16.349851365001356,0.0,IV
5.875,0.0,64.0,1.0,0.0,2.0,0.0,0.0,35.38141090154217,0.0,PLAINTEXT
5.507659765557392,0.0,64.0,1.0,0.0,2.0,0.0,0.0,33.16915289720468,0.0,CIPHERTEXT
4.418295834054489,0.0,24.0,1.0,1.0,2.0,0.0,0.0,20.517930457229816,0.0,KEY
4.418295834054489,0.0,24.0,1.0,1.0,2.0,0.0,0.0,20.517930457229816,0.0,KEY
3.875,0.0,16.0,1.0,1.0,2.0,0.0,0.0,15.838918509845064,0.0,IV
5.875,0.0,64.0,1.0,0.0,2.0,0.0,0.0,35.38141090154217,0.0,PLAINTEXT
5.875,0.0,64.0,1.0,0.0,2.0,0.0,0.0,35.38141090154217,0.0,CIPHERTEXT
4.9375,0.0,32.0,1.0,0.0,2.0,0.0,0.0,24.906695964332364,0.0,KEY
4.9375,0.0,32.0,1.0,0.0,2.0,0.0,0.0,24.906695964332364,0.0,KEY
4.0,0.0,16.0,1.0,1.0,2.0,0.0,0.0,16.349851365001356,0.0,IV
5.6875,0.0,64.0,1.0,0.0,2.0,0.0,0.0,34.25221693659933,0.0,PLAINTEXT
5.769454882778696,0.0,64.0,1.0,0.0,2.0,0.0,0.0,34.74577938476627,0.0,CIPHERTEXT
4.9375,0.0,32.0,1.0,0.0,2.0,0.0,0.0,24.906695964332364,0.0,KEY
4.501629167387822,0.0,24.0,1.0,1.0,2.0,0.0,0.0,20.904918473044376,0.0,IV
5.459962500721157,0.0,48.0,1.0,0.0,2.0,0.0,0.0,30.65610520129897,0.0,PLAINTEXT
5.65625,0.0,64.0,1.0,0.0,2.0,0.0,0.0,34.06401794244219,0.0,CIPHERTEXT
4.75,0.0,32.0,1.0,0.0,2.0,0.0,0.0,23.960872066952653,0.0,KEY
4.851409765557392,0.0,32.0,1.0,0.0,2.0,0.0,0.0,24.47242289197588,0.0,KEY
5.501629167387824,0.0,48.0,1.0,0.0,2.0,0.0,0.0,30.890051444803774,0.0,PLAINTEXT
6.186372266278549,0.0,96.0,0.0,0.0,2.0,0.0,0.0,40.82951776676208,0.0,CIPHERTEXT
4.75,0.0,32.0,1.0,0.0,2.0,0.0,0.0,23.960872066952653,0.0,KEY
5.0,0.0,32.0,1.0,0.0,2.0,0.0,0.0,25.221970596792268,0.0,KEY
5.84375,0.0,64.0,1.0,0.0,2.0,0.0,0.0,35.19321190738503,0.0,PLAINTEXT
5.800704882778696,0.0,64.0,1.0,0.0,2.0,0.0,0.0,34.93397837892341,0.0,CIPHERTEXT
4.9375,0.0,32.0,1.0,0.0,2.0,0.0,0.0,24.906695964332364,0.0,KEY
4.75,0.0,32.0,1.0,0.0,2.0,0.0,0.0,23.960872066952653,0.0,KEY
4.501629167387822,0.0,24.0,1.0,1.0,2.0,0.0,0.0,20.904918473044376,0.0,IV
5.444235677759417,0.0,48.0,1.0,0.0,2.0,0.0,0.0,30.567803653599036,0.0,PLAINTEXT
5.75,0.0,64.0,1.0,0.0,2.0,0.0,0.0,34.62861492491361,0.0,CIPHERTEXT
4.8125,0.0,32.0,1.0,0.0,2.0,0.0,0.0,24.276146699412557,0.0,KEY
5.6875,0.0,64.0,1.0,0.0,2.0,0.0,0.0,34.25221693659933,0.0,PLAINTEXT
5.0,0.0,32.0,1.0,0.0,2.0,0.0,0.0,25.221970596792268,0.0,CIPHERTEXT
4.0,0.0,16.0,1.0,1.0,2.0,0.0,0.0,16.349851365001356,0.0,KEY
4.0,0.0,16.0,1.0,1.0,2.0,0.0,0.0,16.349851365001356,0.0,KEY
3.875,0.0,16.0,1.0,1.0,2.0,0.0,0.0,15.838918509845064,0.0,IV
5.9375,0.0,64.0,1.0,0.0,2.0,0.0,0.0,35.75780888985645,0.0,PLAINTEXT
5.71875,0.0,64.0,1.0,0.0,2.0,0.0,0.0,34.44041593075647,0.0,CIPHERTEXT
4.584962500721156,0.0,24.0,1.0,1.0,2.0,0.0,0.0,21.291906488858938,0.0,KEY
4.584962500721156,0.0,24.0,1.0,1.0,2.0,0.0,0.0,21.291906488858938,0.0,KEY
4.0,0.0,16.0,1.0,1.0,2.0,0.0,0.0,16.349851365001356,0.0,IV
5.769454882778696,0.0,64.0,1.0,0.0,2.0,0.0,0.0,34.74577938476627,0.0,PLAINTEXT
5.695159765557392,0.0,64.0,1.0,0.0,2.0,0.0,0.0,34.29834686214752,0.0,CIPHERTEXT
4.875,0.0,32.0,1.0,0.0,2.0,0.0,0.0,24.59142133187246,0.0,KEY
4.875,0.0,32.0,1.0,0.0,2.0,0.0,0.0,24.59142133187246,0.0,KEY
3.875,0.0,16.0,1.0,1.0,2.0,0.0,0.0,15.838918509845064,0.0,IV
5.738204882778696,0.0,64.0,1.0,0.0,2.0,0.0,0.0,34.55758039060913,0.0,PLAINTEXT
5.632659765557392,0.0,64.0,1.0,0.0,2.0,0.0,0.0,33.92194887383324,0.0,CIPHERTEXT
4.8125,0.0,32.0,1.0,0.0,2.0,0.0,0.0,24.276146699412557,0.0,KEY
4.418295834054489,0.0,24.0,1.0,1.0,2.0,0.0,0.0,20.517930457229816,0.0,IV
5.41829583405449,0.0,48.0,1.0,0.0,2.0,0.0,0.0,30.422158957794167,0.0,PLAINTEXT
5.738204882778696,0.0,64.0,1.0,0.0,2.0,0.0,0.0,34.55758039060913,0.0,CIPHERTEXT
4.9375,0.0,32.0,1.0,0.0,2.0,0.0,0.0,24.906695964332364,0.0,KEY
4.9375,0.0,32.0,1.0,0.0,2.0,0.0,0.0,24.906695964332364,0.0,KEY
5.543295834054491,0.0,48.0,1.0,0.0,2.0,0.0,0.0,31.123997688308574,0.0,PLAINTEXT
6.306265755906955,0.0,96.0,0.0,0.0,2.0,0.0,0.0,41.62080434865523,0.0,CIPHERTEXT
4.75,0.0,32.0,1.0,0.0,2.0,0.0,0.0,23.960872066952653,0.0,KEY
4.9375,0.0,32.0,1.0,0.0,2.0,0.0,0.0,24.906695964332364,0.0,KEY
5.875,0.0,64.0,1.0,0.0,2.0,0.0,0.0,35.38141090154217,0.0,PLAINTEXT
5.71875,0.0,64.0,1.0,0.0,2.0,0.0,0.0,34.44041593075647,0.0,CIPHERTEXT
4.9375,0.0,32.0,1.0,0.0,2.0,0.0,0.0,24.906695964332364,0.0,KEY
5.0,0.0,32.0,1.0,0.0,2.0,0.0,0.0,25.221970596792268,0.0,KEY
4.501629167387822,0.0,24.0,1.0,1.0,2.0,0.0,0.0,20.904918473044376,0.0,IV
5.543295834054491,0.0,48.0,1.0,0.0,2.0,0.0,0.0,31.123997688308574,0.0,PLAINTEXT
5.84375,0.0,64.0,1.0,0.0,2.0,0.0,0.0,35.19321190738503,0.0,CIPHERTEXT
4.875,0.0,32.0,1.0,0.0,2.0,0.0,0.0,24.59142133187246,0.0,KEY
5.90625,0.0,64.0,1.0,0.0,2.0,0.0,0.0,35.56960989569931,0.0,PLAINTEXT
4.8125,0.0,32.0,1.0,0.0,2.0,0.0,0.0,24.276146699412557,0.0,CIPHERTEXT
4.0,0.0,16.0,1.0,1.0,2.0,0.0,0.0,16.349851365001356,0.0,KEY
4.0,0.0,16.0,1.0,1.0,2.0,0.0,0.0,16.349851365001356,0.0,KEY
3.875,0.0,16.0,1.0,1.0,2.0,0.0,0.0,15.838918509845064,0.0,IV
5.78125,0.0,64.0,1.0,0.0,2.0,0.0,0.0,34.81681391907075,0.0,PLAINTEXT
5.683364648336088,0.0,64.0,1.0,0.0,2.0,0.0,0.0,34.22731232784304,0.0,CIPHERTEXT
4.501629167387822,0.0,24.0,1.0,1.0,2.0,0.0,0.0,20.904918473044376,0.0,KEY
4.501629167387822,0.0,24.0,1.0,1.0,2.0,0.0,0.0,20.904918473044376,0.0,KEY
4.0,0.0,16.0,1.0,1.0,2.0,0.0,0.0,16.349851365001356,0.0,IV
5.581954882778696,0.0,64.0,1.0,0.0,2.0,0.0,0.0,33.61658541982344,0.0,PLAINTEXT
5.706954882778696,0.0,64.0,1.0,0.0,2.0,0.0,0.0,34.36938139645199,0.0,CIPHERTEXT
4.9375,0.0,32.0,1.0,0.0,2.0,0.0,0.0,24.906695964332364,0.0,KEY
4.9375,0.0,32.0,1.0,0.0,2.0,0.0,0.0,24.906695964332364,0.0,KEY
4.0,0.0,16.0,1.0,1.0,2.0,0.0,0.0,16.349851365001356,0.0,IV
5.78125,0.0,64.0,1.0,0.0,2.0,0.0,0.0,34.81681391907075,0.0,PLAINTEXT
5.8125,0.0,64.0,1.0,0.0,2.0,0.0,0.0,35.005012913227894,0.0,CIPHERTEXT
4.6875,0.0,32.0,1.0,0.0,2.0,0.0,0.0,23.64559743449275,0.0,KEY
4.501629167387822,0.0,24.0,1.0,1.0,2.0,0.0,0.0,20.904918473044376,0.0,IV
5.418295834054489,0.0,48.0,1.0,0.0,2.0,0.0,0.0,30.422158957794164,0.0,PLAINTEXT
5.863204882778696,0.0,64.0,1.0,0.0,2.0,0.0,0.0,35.31037636723769,0.0,CIPHERTEXT
4.875,0.0,32.0,1.0,0.0,2.0,0.0,0.0,24.59142133187246,0.0,KEY
4.9375,0.0,32.0,1.0,0.0,2.0,0.0,0.0,24.906695964332364,0.0,KEY
5.41829583405449,0.0,48.0,1.0,0.0,2.0,0.0,0.0,30.422158957794167,0.0,PLAINTEXT
6.256735677759418,0.0,96.0,0.0,0.0,2.0,0.0,0.0,41.29391014981477,0.0,CIPHERTEXT
4.875,0.0,32.0,1.0,0.0,2.0,0.0,0.0,24.59142133187246,0.0,KEY
4.851409765557392,0.0,32.0,1.0,0.0,2.0,0.0,0.0,24.47242289197588,0.0,KEY
5.875,0.0,64.0,1.0,0.0,2.0,0.0,0.0,35.38141090154217,0.0,PLAINTEXT
5.78125,0.0,64.0,1.0,0.0,2.0,0.0,0.0,34.81681391907075,0.0,CIPHERTEXT
4.875,0.0,32.0,1.0,0.0,2.0,0.0,0.0,24.59142133187246,0.0,KEY
4.9375,0.0,32.0,1.0,0.0,2.0,0.0,0.0,24.906695964332364,0.0,KEY
4.584962500721156,0.0,24.0,1.0,1.0,2.0,0.0,0.0,21.291906488858938,0.0,IV
5.17850885479768,0.0,48.0,1.0,0.0,2.0,0.0,0.0,29.075824644870305,0.0,PLAINTEXT
5.78125,0.0,64.0,1.0,0.0,2.0,0.0,0.0,34.81681391907075,0.0,CIPHERTEXT
4.8125,0.0,32.0,1.0,0.0,2.0,0.0,0.0,24.276146699412557,0.0,KEY
5.78125,0.0,64.0,1.0,0.0,2.0,0.0,0.0,34.81681391907075,0.0,PLAINTEXT
4.726409765557392,0.0,32.0,1.0,0.0,2.0,0.0,0.0,23.841873627056074,0.0,CIPHERTEXT
3.75,0.0,16.0,1.0,1.0,2.0,0.0,0.0,15.32798565468877,0.0,KEY
3.75,0.0,16.0,1.0,1.0,2.0,0.0,0.0,15.32798565468877,0.0,KEY
3.875,0.0,16.0,1.0,1.0,2.0,0.0,0.0,15.838918509845064,0.0,IV
5.65625,0.0,64.0,1.0,0.0,2.0,0.0,0.0,34.06401794244219,0.0,PLAINTEXT
5.78125,0.0,64.0,1.0,0.0,2.0,0.0,0.0,34.81681391907075,0.0,CIPHERTEXT
4.501629167387822,0.0,24.0,1.0,1.0,2.0,0.0,0.0,20.904918473044376,0.0,KEY
4.501629167387822,0.0,24.0,1.0,1.0,2.0,0.0,0.0,20.904918473044376,0.0,KEY
3.875,0.0,16.0,1.0,1.0,2.0,0.0,0.0,15.838918509845064,0.0,IV
5.71875,0.0,64.0,1.0,0.0,2.0,0.0,0.0,34.44041593075647,0.0,PLAINTEXT
5.738204882778696,0.0,64.0,1.0,0.0,2.0,0.0,0.0,34.55758039060913,0.0,CIPHERTEXT
4.875,0.0,32.0,1.0,0.0,2.0,0.0,0.0,24.59142133187246,0.0,KEY
4.875,0.0,32.0,1.0,0.0,2.0,0.0,0.0,24.59142133187246,0.0,KEY
4.0,0.0,16.0,1.0,1.0,2.0,0.0,0.0,16.349851365001356,0.0,IV
5.6875,0.0,64.0,1.0,0.0,2.0,0.0,0.0,34.25221693659933,0.0,PLAINTEXT
5.706954882778696,0.0,64.0,1.0,0.0,2.0,0.0,0.0,34.36938139645199,0.0,CIPHERTEXT
4.875,0.0,32.0,1.0,0.0,2.0,0.0,0.0,24.59142133187246,0.0,KEY
4.584962500721156,0.0,24.0,1.0,1.0,2.0,0.0,0.0,21.291906488858938,0.0,IV
5.459962500721157,0.0,48.0,1.0,0.0,2.0,0.0,0.0,30.65610520129897,0.0,PLAINTEXT
5.769454882778696,0.0,64.0,1.0,0.0,2.0,0.0,0.0,34.74577938476627,0.0,CIPHERTEXT
4.851409765557392,0.0,32.0,1.0,0.0,2.0,0.0,0.0,24.47242289197588,0.0,KEY
4.9375,0.0,32.0,1.0,0.0,2.0,0.0,0.0,24.906695964332364,0.0,KEY
5.459962500721156,0.0,48.0,1.0,0.0,2.0,0.0,0.0,30.656105201298967,0.0,PLAINTEXT
6.256735677759417,0.0,96.0,0.0,0.0,2.0,0.0,0.0,41.293910149814764,0.0,CIPHERTEXT
4.8125,0.0,32.0,1.0,0.0,2.0,0.0,0.0,24.276146699412557,0.0,KEY
4.9375,0.0,32.0,1.0,0.0,2.0,0.0,0.0,24.906695964332364,0.0,KEY
5.8125,0.0,64.0,1.0,0.0,2.0,0.0,0.0,35.005012913227894,0.0,PLAINTEXT
5.738204882778696,0.0,64.0,1.0,0.0,2.0,0.0,0.0,34.55758039060913,0.0,CIPHERTEXT
4.875,0.0,32.0,1.0,0.0,2.0,0.0,0.0,24.59142133187246,0.0,KEY
4.9375,0.0,32.0,1.0,0.0,2.0,0.0,0.0,24.906695964332364,0.0,KEY
4.501629167387822,0.0,24.0,1.0,1.0,2.0,0.0,0.0,20.904918473044376,0.0,IV
5.2775690110927505,0.0,48.0,1.0,0.0,2.0,0.0,0.0,29.632018679579833,0.0,PLAINTEXT
5.738204882778696,0.0,64.0,1.0,0.0,2.0,0.0,0.0,34.55758039060913,0.0,CIPHERTEXT
4.8125,0.0,32.0,1.0,0.0,2.0,0.0,0.0,24.276146699412557,0.0,KEY
5.695159765557392,0.0,64.0,1.0,0.0,2.0,0.0,0.0,34.29834686214752,0.0,PLAINTEXT
4.9375,0.0,32.0,1.0,0.0,2.0,0.0,0.0,24.906695964332364,0.0,CIPHERTEXT
3.875,0.0,16.0,1.0,1.0,2.0,0.0,0.0,15.838918509845064,0.0,KEY
3.875,0.0,16.0,1.0,1.0,2.0,0.0,0.0,15.838918509845064,0.0,KEY
4.0,0.0,16.0,1.0,1.0,2.0,0.0,0.0,16.349851365001356,0.0,IV
5.75,0.0,64.0,1.0,0.0,2.0,0.0,0.0,34.62861492491361,0.0,PLAINTEXT
5.738204882778696,0.0,64.0,1.0,0.0,2.0,0.0,0.0,34.55758039060913,0.0,CIPHERTEXT
4.584962500721156,0.0,24.0,1.0,1.0,2.0,0.0,0.0,21.291906488858938,0.0,KEY
4.584962500721156,0.0,24.0,1.0,1.0,2.0,0.0,0.0,21.291906488858938,0.0,KEY
4.584962500721156,0.0,24.0,1.0,1.0,2.0,0.0,0.0,21.291906488858938,0.0,KEY
4.584962500721156,0.0,24.0,1.0,1.0,2.0,0.0,0.0,21.291906488858938,0.0,KEY
4.0,0.0,16.0,1.0,1.0,2.0,0.0,0.0,16.349851365001356,0.0,IV
5.84375,0.0,64.0,1.0,0.0,2.0,0.0,0.0,35.19321190738503,0.0,PLAINTEXT
5.769454882778696,0.0,64.0,1.0,0.0,2.0,0.0,0.0,34.74577938476627,0.0,CIPHERTEXT
5.0,0.0,32.0,1.0,0.0,2.0,0.0,0.0,25.221970596792268,0.0,KEY
5.0,0.0,32.0,1.0,0.0,2.0,0.0,0.0,25.221970596792268,0.0,KEY
5.0,0.0,32.0,1.0,0.0,2.0,0.0,0.0,25.221970596792268,0.0,KEY
5.0,0.0,32.0,1.0,0.0,2.0,0.0,0.0,25.221970596792268,0.0,KEY
4.0,0.0,16.0,1.0,1.0,2.0,0.0,0.0,16.349851365001356,0.0,IV
5.90625,0.0,64.0,1.0,0.0,2.0,0.0,0.0,35.56960989569931,0.0,PLAINTEXT
5.800704882778696,0.0,64.0,1.0,0.0,2.0,0.0,0.0,34.93397837892341,0.0,CIPHERTEXT
4.875,0.0,32.0,1.0,0.0,2.0,0.0,0.0,24.59142133187246,0.0,KEY
4.501629167387822,0.0,24.0,1.0,1.0,2.0,0.0,0.0,20.904918473044376,0.0,IV
5.293295834054489,0.0,48.0,1.0,0.0,2.0,0.0,0.0,29.720320227279764,0.0,PLAINTEXT
5.601409765557392,0.0,64.0,1.0,0.0,2.0,0.0,0.0,33.7337498796761,0.0,CIPHERTEXT
4.8125,0.0,32.0,1.0,0.0,2.0,0.0,0.0,24.276146699412557,0.0,KEY
4.9375,0.0,32.0,1.0,0.0,2.0,0.0,0.0,24.906695964332364,0.0,KEY
5.501629167387824,0.0,48.0,1.0,0.0,2.0,0.0,0.0,30.890051444803774,0.0,PLAINTEXT
6.327099089240287,0.0,96.0,0.0,0.0,2.0,0.0,0.0,41.75830253286745,0.0,CIPHERTEXT
4.8125,0.0,32.0,1.0,0.0,2.0,0.0,0.0,24.276146699412557,0.0,KEY
4.8125,0.0,32.0,1.0,0.0,2.0,0.0,0.0,24.276146699412557,0.0,KEY
5.769454882778696,0.0,64.0,1.0,0.0,2.0,0.0,0.0,34.74577938476627,0.0,PLAINTEXT
5.8125,0.0,64.0,1.0,0.0,2.0,0.0,0.0,35.005012913227894,0.0,CIPHERTEXT
4.8125,0.0,32.0,1.0,0.0,2.0,0.0,0.0,24.276146699412557,0.0,KEY
4.75,0.0,32.0,1.0,0.0,2.0,0.0,0.0,23.960872066952653,0.0,KEY
4.584962500721156,0.0,24.0,1.0,1.0,2.0,0.0,0.0,21.291906488858938,0.0,IV
5.334962500721156,0.0,48.0,1.0,0.0,2.0,0.0,0.0,29.954266470784564,0.0,PLAINTEXT
5.663909765557392,0.0,64.0,1.0,0.0,2.0,0.0,0.0,34.11014786799038,0.0,CIPHERTEXT
5.0,0.0,32.0,1.0,0.0,2.0,0.0,0.0,25.221970596792268,0.0,KEY
5.75,0.0,64.0,1.0,0.0,2.0,0.0,0.0,34.62861492491361,0.0,PLAINTEXT
4.875,0.0,32.0,1.0,0.0,2.0,0.0,0.0,24.59142133187246,0.0,CIPHERTEXT
3.875,0.0,16.0,1.0,1.0,2.0,0.0,0.0,15.838918509845064,0.0,KEY
3.875,0.0,16.0,1.0,1.0,2.0,0.0,0.0,15.838918509845064,0.0,KEY
3.875,0.0,16.0,1.0,1.0,2.0,0.0,0.0,15.838918509845064,0.0,KEY
3.875,0.0,16.0,1.0,1.0,2.0,0.0,0.0,15.838918509845064,0.0,KEY
3.875,0.0,16.0,1.0,1.0,2.0,0.0,0.0,15.838918509845064,0.0,KEY
3.75,0.0,16.0,1.0,1.0,2.0,0.0,0.0,15.32798565468877,0.0,IV
5.84375,0.0,64.0,1.0,0.0,2.0,0.0,0.0,35.19321190738503,0.0,PLAINTEXT
5.875,0.0,64.0,1.0,0.0,2.0,0.0,0.0,35.38141090154217,0.0,CIPHERTEXT
4.501629167387822,0.0,24.0,1.0,1.0,2.0,0.0,0.0,20.904918473044376,0.0,KEY
4.501629167387822,0.0,24.0,1.0,1.0,2.0,0.0,0.0,20.904918473044376,0.0,KEY
4.501629167387822,0.0,24.0,1.0,1.0,2.0,0.0,0.0,20.904918473044376,0.0,KEY
4.501629167387822,0.0,24.0,1.0,1.0,2.0,0.0,0.0,20.904918473044376,0.0,KEY
4.0,0.0,16.0,1.0,1.0,2.0,0.0,0.0,16.349851365001356,0.0,IV
5.581954882778696,0.0,64.0,1.0,0.0,2.0,0.0,0.0,33.61658541982344,0.0,PLAINTEXT
5.769454882778696,0.0,64.0,1.0,0.0,2.0,0.0,0.0,34.74577938476627,0.0,CIPHERTEXT
4.8125,0.0,32.0,1.0,0.0,2.0,0.0,0.0,24.276146699412557,0.0,KEY
4.8125,0.0,32.0,1.0,0.0,2.0,0.0,0.0,24.276146699412557,0.0,KEY
4.8125,0.0,32.0,1.0,0.0,2.0,0.0,0.0,24.276146699412557,0.0,KEY
4.8125,0.0,32.0,1.0,0.0,2.0,0.0,0.0,24.276146699412557,0.0,KEY
3.875,0.0,16.0,1.0,1.0,2.0,0.0,0.0,15.838918509845064,0.0,IV
5.90625,0.0,64.0,1.0,0.0,2.0,0.0,0.0,35.56960989569931,0.0,PLAINTEXT
5.6875,0.0,64.0,1.0,0.0,2.0,0.0,0.0,34.25221693659933,0.0,CIPHERTEXT
4.75,0.0,32.0,1.0,0.0,2.0,0.0,0.0,23.960872066952653,0.0,KEY
4.418295834054489,0.0,24.0,1.0,1.0,2.0,0.0,0.0,20.517930457229816,0.0,IV
5.376629167387823,0.0,48.0,1.0,0.0,2.0,0.0,0.0,30.188212714289367,0.0,PLAINTEXT
5.769454882778696,0.0,64.0,1.0,0.0,2.0,0.0,0.0,34.74577938476627,0.0,CIPHERTEXT
4.9375,0.0,32.0,1.0,0.0,2.0,0.0,0.0,24.906695964332364,0.0,KEY
4.8125,0.0,32.0,1.0,0.0,2.0,0.0,0.0,24.276146699412557,0.0,KEY
5.41829583405449,0.0,48.0,1.0,0.0,2.0,0.0,0.0,30.422158957794167,0.0,PLAINTEXT
6.222932422573621,0.0,96.0,0.0,0.0,2.0,0.0,0.0,41.07081161180629,0.0,CIPHERTEXT
4.8125,0.0,32.0,1.0,0.0,2.0,0.0,0.0,24.276146699412557,0.0,KEY
4.9375,0.0,32.0,1.0,0.0,2.0,0.0,0.0,24.906695964332364,0.0,KEY
5.714614648336088,0.0,64.0,1.0,0.0,2.0,0.0,0.0,34.41551132200018,0.0,PLAINTEXT
5.78125,0.0,64.0,1.0,0.0,2.0,0.0,0.0,34.81681391907075,0.0,CIPHERTEXT
4.75,0.0,32.0,1.0,0.0,2.0,0.0,0.0,23.960872066952653,0.0,KEY
4.875,0.0,32.0,1.0,0.0,2.0,0.0,0.0,24.59142133187246,0.0,KEY
4.584962500721156,0.0,24.0,1.0,1.0,2.0,0.0,0.0,21.291906488858938,0.0,IV
5.293295834054489,0.0,48.0,1.0,0.0,2.0,0.0,0.0,29.720320227279764,0.0,PLAINTEXT
5.90625,0.0,64.0,1.0,0.0,2.0,0.0,0.0,35.56960989569931,0.0,CIPHERTEXT
4.875,0.0,32.0,1.0,0.0,2.0,0.0,0.0,24.59142133187246,0.0,KEY
5.8125,0.0,64.0,1.0,0.0,2.0,0.0,0.0,35.005012913227894,0.0,PLAINTEXT
4.875,0.0,32.0,1.0,0.0,2.0,0.0,0.0,24.59142133187246,0.0,CIPHERTEXT
4.0,0.0,16.0,1.0,1.0,2.0,0.0,0.0,16.349851365001356,0.0,KEY
4.0,0.0,16.0,1.0,1.0,2.0,0.0,0.0,16.349851365001356,0.0,KEY
4.0,0.0,16.0,1.0,1.0,2.0,0.0,0.0,16.349851365001356,0.0,KEY
4.0,0.0,16.0,1.0,1.0,2.0,0.0,0.0,16.349851365001356,0.0,KEY
4.0,0.0,16.0,1.0,1.0,2.0,0.0,0.0,16.349851365001356,0.0,KEY
4.0,0.0,16.0,1.0,1.0,2.0,0.0,0.0,16.349851365001356,0.0,IV
5.75,0.0,64.0,1.0,0.0,2.0,0.0,0.0,34.62861492491361,0.0,PLAINTEXT
5.6875,0.0,64.0,1.0,0.0,2.0,0.0,0.0,34.25221693659933,0.0,CIPHERTEXT
4.584962500721156,0.0,24.0,1.0,1.0,2.0,0.0,0.0,21.291906488858938,0.0,KEY
4.584962500721156,0.0,24.0,1.0,1.0,2.0,0.0,0.0,21.291906488858938,0.0,KEY
4.584962500721156,0.0,24.0,1.0,1.0,2.0,0.0,0.0,21.291906488858938,0.0,KEY
4.584962500721156,0.0,24.0,1.0,1.0,2.0,0.0,0.0,21.291906488858938,0.0,KEY
4.0,0.0,16.0,1.0,1.0,2.0,0.0,0.0,16.349851365001356,0.0,IV
5.831954882778696,0.0,64.0,1.0,0.0,2.0,0.0,0.0,35.122177373080554,0.0,PLAINTEXT
5.644454882778696,0.0,64.0,1.0,0.0,2.0,0.0,0.0,33.99298340813772,0.0,CIPHERTEXT
4.875,0.0,32.0,1.0,0.0,2.0,0.0,0.0,24.59142133187246,0.0,KEY
4.875,0.0,32.0,1.0,0.0,2.0,0.0,0.0,24.59142133187246,0.0,KEY
4.875,0.0,32.0,1.0,0.0,2.0,0.0,0.0,24.59142133187246,0.0,KEY
4.875,0.0,32.0,1.0,0.0,2.0,0.0,0.0,24.59142133187246,0.0,KEY
4.0,0.0,16.0,1.0,1.0,2.0,0.0,0.0,16.349851365001356,0.0,IV
5.9375,0.0,64.0,1.0,0.0,2.0,0.0,0.0,35.75780888985645,0.0,PLAINTEXT
5.831954882778696,0.0,64.0,1.0,0.0,2.0,0.0,0.0,35.122177373080554,0.0,CIPHERTEXT
4.875,0.0,32.0,1.0,0.0,2.0,0.0,0.0,24.59142133187246,0.0,KEY
4.501629167387822,0.0,24.0,1.0,1.0,2.0,0.0,0.0,20.904918473044376,0.0,IV
5.459962500721157,0.0,48.0,1.0,0.0,2.0,0.0,0.0,30.65610520129897,0.0,PLAINTEXT
5.706954882778696,0.0,64.0,1.0,0.0,2.0,0.0,0.0,34.36938139645199,0.0,CIPHERTEXT
4.875,0.0,32.0,1.0,0.0,2.0,0.0,0.0,24.59142133187246,0.0,KEY
4.875,0.0,32.0,1.0,0.0,2.0,0.0,0.0,24.59142133187246,0.0,KEY
5.319235677759417,0.0,48.0,1.0,0.0,2.0,0.0,0.0,29.865964923084633,0.0,PLAINTEXT
6.2020990892402885,0.0,96.0,0.0,0.0,2.0,0.0,0.0,40.93331342759407,0.0,CIPHERTEXT
4.9375,0.0,32.0,1.0,0.0,2.0,0.0,0.0,24.906695964332364,0.0,KEY
4.9375,0.0,32.0,1.0,0.0,2.0,0.0,0.0,24.906695964332364,0.0,KEY
5.769454882778696,0.0,64.0,1.0,0.0,2.0,0.0,0.0,34.74577938476627,0.0,PLAINTEXT
5.675704882778696,0.0,64.0,1.0,0.0,2.0,0.0,0.0,34.18118240229486,0.0,CIPHERTEXT
4.9375,0.0,32.0,1.0,0.0,2.0,0.0,0.0,24.906695964332364,0.0,KEY
4.9375,0.0,32.0,1.0,0.0,2.0,0.0,0.0,24.906695964332364,0.0,KEY
4.501629167387822,0.0,24.0,1.0,1.0,2.0,0.0,0.0,20.904918473044376,0.0,IV
5.27756901109275,0.0,48.0,1.0,0.0,2.0,0.0,0.0,29.632018679579826,0.0,PLAINTEXT
5.875,0.0,64.0,1.0,0.0,2.0,0.0,0.0,35.38141090154217,0.0,CIPHERTEXT
4.875,0.0,32.0,1.0,0.0,2.0,0.0,0.0,24.59142133187246,0.0,KEY
5.831954882778696,0.0,64.0,1.0,0.0,2.0,0.0,0.0,35.122177373080554,0.0,PLAINTEXT
4.875,0.0,32.0,1.0,0.0,2.0,0.0,0.0,24.59142133187246,0.0,CIPHERTEXT
3.875,0.0,16.0,1.0,1.0,2.0,0.0,0.0,15.838918509845064,0.0,KEY
3.875,0.0,16.0,1.0,1.0,2.0,0.0,0.0,15.838918509845064,0.0,KEY
3.875,0.0,16.0,1.0,1.0,2.0,0.0,0.0,15.838918509845064,0.0,KEY
3.875,0.0,16.0,1.0,1.0,2.0,0.0,0.0,15.838918509845064,0.0,KEY
3.875,0.0,16.0,1.0,1.0,2.0,0.0,0.0,15.838918509845064,0.0,KEY
4.0,0.0,16.0,1.0,1.0,2.0,0.0,0.0,16.349851365001356,0.0,IV
5.875,0.0,64.0,1.0,0.0,2.0,0.0,0.0,35.38141090154217,0.0,PLAINTEXT
5.695159765557392,0.0,64.0,1.0,0.0,2.0,0.0,0.0,34.29834686214752,0.0,CIPHERTEXT
4.584962500721156,0.0,24.0,1.0,1.0,2.0,0.0,0.0,21.291906488858938,0.0,KEY
4.584962500721156,0.0,24.0,1.0,1.0,2.0,0.0,0.0,21.291906488858938,0.0,KEY
4.584962500721156,0.0,24.0,1.0,1.0,2.0,0.0,0.0,21.291906488858938,0.0,KEY
4.584962500721156,0.0,24.0,1.0,1.0,2.0,0.0,0.0,21.291906488858938,0.0,KEY
4.0,0.0,16.0,1.0,1.0,2.0,0.0,0.0,16.349851365001356,0.0,IV
5.71875,0.0,64.0,1.0,0.0,2.0,0.0,0.0,34.44041593075647,0.0,PLAINTEXT
5.738204882778696,0.0,64.0,1.0,0.0,2.0,0.0,0.0,34.55758039060913,0.0,CIPHERTEXT
4.9375,0.0,32.0,1.0,0.0,2.0,0.0,0.0,24.906695964332364,0.0,KEY
4.9375,0.0,32.0,1.0,0.0,2.0,0.0,0.0,24.906695964332364,0.0,KEY
4.9375,0.0,32.0,1.0,0.0,2.0,0.0,0.0,24.906695964332364,0.0,KEY
4.9375,0.0,32.0,1.0,0.0,2.0,0.0,0.0,24.906695964332364,0.0,KEY
4.0,0.0,16.0,1.0,1.0,2.0,0.0,0.0,16.349851365001356,0.0,IV
5.8125,0.0,64.0,1.0,0.0,2.0,0.0,0.0,35.005012913227894,0.0,PLAINTEXT
5.75,0.0,64.0,1.0,0.0,2.0,0.0,0.0,34.62861492491361,0.0,CIPHERTEXT
4.875,0.0,32.0,1.0,0.0,2.0,0.0,0.0,24.59142133187246,0.0,KEY
4.418295834054489,0.0,24.0,1.0,1.0,2.0,0.0,0.0,20.517930457229816,0.0,IV
5.459962500721157,0.0,48.0,1.0,0.0,2.0,0.0,0.0,30.65610520129897,0.0,PLAINTEXT
5.726409765557392,0.0,64.0,1.0,0.0,2.0,0.0,0.0,34.48654585630465,0.0,CIPHERTEXT
4.875,0.0,32.0,1.0,0.0,2.0,0.0,0.0,24.59142133187246,0.0,KEY
4.9375,0.0,32.0,1.0,0.0,2.0,0.0,0.0,24.906695964332364,0.0,KEY
5.360902344426084,0.0,48.0,1.0,0.0,2.0,0.0,0.0,30.099911166589436,0.0,PLAINTEXT
6.277569011092751,0.0,96.0,0.0,0.0,2.0,0.0,0.0,41.431408334027,0.0,CIPHERTEXT
4.8125,0.0,32.0,1.0,0.0,2.0,0.0,0.0,24.276146699412557,0.0,KEY
4.9375,0.0,32.0,1.0,0.0,2.0,0.0,0.0,24.906695964332364,0.0,KEY
5.8125,0.0,64.0,1.0,0.0,2.0,0.0,0.0,35.005012913227894,0.0,PLAINTEXT
5.90625,0.0,64.0,1.0,0.0,2.0,0.0,0.0,35.56960989569931,0.0,CIPHERTEXT
4.9375,0.0,32.0,1.0,0.0,2.0,0.0,0.0,24.906695964332364,0.0,KEY
4.6875,0.0,32.0,1.0,0.0,2.0,0.0,0.0,23.64559743449275,0.0,KEY
4.418295834054489,0.0,24.0,1.0,1.0,2.0,0.0,0.0,20.517930457229816,0.0,IV
5.501629167387823,0.0,48.0,1.0,0.0,2.0,0.0,0.0,30.890051444803767,0.0,PLAINTEXT
5.71875,0.0,64.0,1.0,0.0,2.0,0.0,0.0,34.44041593075647,0.0,CIPHERTEXT
5.0,0.0,32.0,1.0,0.0,2.0,0.0,0.0,25.221970596792268,0.0,KEY
5.75,0.0,64.0,1.0,0.0,2.0,0.0,0.0,34.62861492491361,0.0,PLAINTEXT
4.788909765557392,0.0,32.0,1.0,0.0,2.0,0.0,0.0,24.157148259515978,0.0,CIPHERTEXT
4.0,0.0,16.0,1.0,1.0,2.0,0.0,0.0,16.349851365001356,0.0,KEY
4.0,0.0,16.0,1.0,1.0,2.0,0.0,0.0,16.349851365001356,0.0,KEY
4.0,0.0,16.0,1.0,1.0,2.0,0.0,0.0,16.349851365001356,0.0,KEY
4.0,0.0,16.0,1.0,1.0,2.0,0.0,0.0,16.349851365001356,0.0,KEY
4.0,0.0,16.0,1.0,1.0,2.0,0.0,0.0,16.349851365001356,0.0,KEY
4.0,0.0,16.0,1.0,1.0,2.0,0.0,0.0,16.349851365001356,0.0,KEY
4.0,0.0,16.0,1.0,1.0,2.0,0.0,0.0,16.349851365001356,0.0,IV
5.738204882778696,0.0,64.0,1.0,0.0,2.0,0.0,0.0,34.55758039060913,0.0,PLAINTEXT
5.769454882778696,0.0,64.0,1.0,0.0,2.0,0.0,0.0,34.74577938476627,0.0,CIPHERTEXT
4.584962500721156,0.0,24.0,1.0,1.0,2.0,0.0,0.0,21.291906488858938,0.0,KEY
4.584962500721156,0.0,24.0,1.0,1.0,2.0,0.0,0.0,21.291906488858938,0.0,KEY
4.584962500721156,0.0,24.0,1.0,1.0,2.0,0.0,0.0,21.291906488858938,0.0,KEY
4.584962500721156,0.0,24.0,1.0,1.0,2.0,0.0,0.0,21.291906488858938,0.0,KEY
4.0,0.0,16.0,1.0,1.0,2.0,0.0,0.0,16.349851365001356,0.0,IV
5.65625,0.0,64.0,1.0,0.0,2.0,0.0,0.0,34.06401794244219,0.0,PLAINTEXT
5.675704882778696,0.0,64.0,1.0,0.0,2.0,0.0,0.0,34.18118240229486,0.0,CIPHERTEXT
4.8125,0.0,32.0,1.0,0.0,2.0,0.0,0.0,24.276146699412557,0.0,KEY
4.8125,0.0,32.0,1.0,0.0,2.0,0.0,0.0,24.276146699412557,0.0,KEY
4.8125,0.0,32.0,1.0,0.0,2.0,0.0,0.0,24.276146699412557,0.0,KEY
4.8125,0.0,32.0,1.0,0.0,2.0,0.0,0.0,24.276146699412557,0.0,KEY
3.875,0.0,16.0,1.0,1.0,2.0,0.0,0.0,15.838918509845064,0.0,IV
5.78125,0.0,64.0,1.0,0.0,2.0,0.0,0.0,34.81681391907075,0.0,PLAINTEXT
5.800704882778696,0.0,64.0,1.0,0.0,2.0,0.0,0.0,34.93397837892341,0.0,CIPHERTEXT
-0.0,0.0,48.0,1.0,0.0,1.0,0.0,0.0,-0.0,0.0,NON_CRYPTO
4.101227480952955,0.0,24.0,1.0,1.0,3.0,0.0,0.0,19.04551062309758,0.0,NON_CRYPTO
2.75,0.0,16.0,1.0,1.0,2.0,0.0,0.0,11.240522813438432,0.0,NON_CRYPTO
2.75,0.0,8.0,1.0,1.0,1.0,0.0,0.0,8.71729375396636,0.0,NON_CRYPTO
3.347067094075591,0.0,32.0,1.0,0.0,2.0,0.0,0.0,16.883925566453097,0.0,NON_CRYPTO
1.0,0.0,8.0,1.0,1.0,1.0,0.0,0.0,3.169925001442312,0.0,NON_CRYPTO
5.770109984646715,0.0,128.0,1.0,0.0,3.0,0.0,0.0,40.4555523911449,0.0,NON_CRYPTO
2.7117666049245943,0.0,48.0,1.0,0.0,1.0,0.0,0.0,15.225782651612997,0.0,NON_CRYPTO
2.7020049474208716,0.0,48.0,1.0,0.0,1.0,0.0,0.0,15.170973777131964,0.0,NON_CRYPTO
3.84375,0.0,64.0,1.0,0.0,3.0,0.0,0.0,23.148476281328122,0.0,NON_CRYPTO
3.4632902433192947,0.0,128.0,1.0,0.0,2.0,0.0,0.0,24.28191494740167,0.0,NON_CRYPTO
4.627367633875558,0.0,64.0,1.0,0.0,1.0,0.0,0.0,27.867709897301797,0.0,NON_CRYPTO
2.5,0.0,16.0,1.0,1.0,1.0,0.0,0.0,10.218657103125848,0.0,NON_CRYPTO
3.5,0.0,16.0,1.0,1.0,3.0,0.0,0.0,14.306119944376187,0.0,NON_CRYPTO
2.9056390622295662,0.0,16.0,1.0,1.0,1.0,0.0,0.0,11.876691696948834,0.0,NON_CRYPTO
2.375,0.0,16.0,1.0,1.0,1.0,0.0,0.0,9.707724247969555,0.0,NON_CRYPTO
3.855085633816027,9002.0,256.0,1.0,0.0,1.0,0.0,0.0,30.86236818932223,0.0,NON_CRYPTO
3.1722853655857572,0.0,64.0,1.0,0.0,1.0,0.0,0.0,19.104669279444867,0.0,NON_CRYPTO
4.544105126722911,0.0,64.0,1.0,0.0,1.0,0.0,0.0,27.36627245419365,0.0,NON_CRYPTO
2.774397470347699,0.0,16.0,1.0,1.0,1.0,0.0,0.0,11.34024656690516,0.0,NON_CRYPTO
3.6258145836939115,0.0,24.0,1.0,1.0,1.0,0.0,0.0,16.837761497462438,0.0,NON_CRYPTO
5.636260891309929,0.0,128.0,1.0,0.0,1.0,0.0,0.0,39.51710597982834,0.0,NON_CRYPTO
2.132375569858962,26626.0,256.0,1.0,0.0,1.0,0.0,0.0,17.07099821016419,0.0,NON_CRYPTO
3.334962500721156,0.0,24.0,1.0,1.0,3.0,0.0,0.0,15.487086251640534,0.0,NON_CRYPTO
3.8737340530666216,0.0,48.0,1.0,0.0,1.0,0.0,0.0,21.749892721237465,0.0,NON_CRYPTO
3.6426983644135142,0.0,128.0,1.0,0.0,1.0,0.0,0.0,25.53978605586174,0.0,NON_CRYPTO
0.5769384388695526,0.0,64.0,1.0,0.0,1.0,0.0,0.0,3.4745354843468785,0.0,NON_CRYPTO
4.291811349988299,5194.0,256.0,1.0,0.0,3.0,0.0,0.0,34.35863030397525,0.0,NON_CRYPTO
3.0,0.0,8.0,1.0,1.0,1.0,0.0,0.0,9.509775004326936,0.0,NON_CRYPTO
2.646782221599798,0.0,16.0,1.0,1.0,1.0,0.0,0.0,10.818623979671194,0.0,NON_CRYPTO
4.836658370803036,3038.0,256.0,1.0,0.0,1.0,0.0,0.0,38.720470989364856,0.0,NON_CRYPTO
3.202819531114783,0.0,16.0,1.0,1.0,1.0,0.0,0.0,13.09140582066251,0.0,NON_CRYPTO
3.431005649659104,0.0,48.0,1.0,0.0,1.0,0.0,0.0,19.264101196355867,0.0,NON_CRYPTO
1.5693421980488407,0.0,48.0,1.0,0.0,2.0,0.0,0.0,8.811401088170225,0.0,NON_CRYPTO
2.3514892117991653,0.0,48.0,1.0,0.0,2.0,0.0,0.0,13.202929625819486,0.0,NON_CRYPTO
3.117492461184755,0.0,24.0,1.0,1.0,1.0,0.0,0.0,14.477186662448865,0.0,NON_CRYPTO
-0.0,0.0,8.0,1.0,1.0,1.0,0.0,0.0,-0.0,0.0,NON_CRYPTO
3.9146435407304283,12606.0,256.0,1.0,0.0,1.0,0.0,0.0,31.339166431014764,0.0,NON_CRYPTO
2.347153578280767,0.0,64.0,1.0,0.0,2.0,0.0,0.0,14.135422162072652,0.0,NON_CRYPTO
3.756866543182522,0.0,48.0,1.0,0.0,1.0,0.0,0.0,21.09371556303398,0.0,NON_CRYPTO
2.646782221599798,0.0,16.0,1.0,1.0,1.0,0.0,0.0,10.818623979671194,0.0,NON_CRYPTO
5.693471105026928,1954.0,256.0,1.0,0.0,1.0,0.0,0.0,45.579792048529576,0.0,NON_CRYPTO
3.5680303358642105,0.0,24.0,1.0,1.0,1.0,0.0,0.0,16.569419760507003,0.0,NON_CRYPTO
6.676002685807026,1008.0,256.0,1.0,0.0,1.0,0.0,0.0,53.44557099198099,0.0,NON_CRYPTO
4.954448698502606,0.0,48.0,1.0,0.0,3.0,0.0,0.0,27.817791879646364,0.0,NON_CRYPTO
1.8891285492800673,0.0,128.0,1.0,0.0,1.0,0.0,0.0,13.2451095737106,0.0,NON_CRYPTO
4.409170365515676,0.0,128.0,1.0,0.0,1.0,0.0,0.0,30.913695440508018,0.0,NON_CRYPTO
0.20062232431271465,0.0,32.0,1.0,0.0,3.0,0.0,0.0,1.0120180729750823,0.0,NON_CRYPTO
2.770054798865899,0.0,32.0,1.0,0.0,1.0,0.0,0.0,13.973248137699803,0.0,NON_CRYPTO
3.0,0.0,8.0,1.0,1.0,3.0,0.0,0.0,9.509775004326936,0.0,NON_CRYPTO
3.452819531114783,0.0,16.0,1.0,1.0,1.0,0.0,0.0,14.113271530975094,0.0,NON_CRYPTO
4.806127542695028,0.0,48.0,1.0,0.0,3.0,0.0,0.0,26.985011626043008,0.0,NON_CRYPTO
3.886842188131012,0.0,24.0,1.0,1.0,3.0,0.0,0.0,18.049936154029734,0.0,NON_CRYPTO
0.8786711613738623,51830.0,256.0,1.0,0.0,1.0,0.0,0.0,7.034311420163288,0.0,NON_CRYPTO
4.2386085007312415,0.0,32.0,1.0,0.0,1.0,0.0,0.0,21.381211795351426,0.0,NON_CRYPTO
1.6825586805999415,0.0,128.0,1.0,0.0,2.0,0.0,0.0,11.7968012802713,0.0,NON_CRYPTO
3.125,0.0,16.0,1.0,1.0,1.0,0.0,0.0,12.77332137890731,0.0,NON_CRYPTO
3.2244322443615148,0.0,64.0,1.0,0.0,1.0,0.0,0.0,19.418716963733885,0.0,NON_CRYPTO
3.5581573285181993,0.0,32.0,1.0,0.0,3.0,0.0,0.0,17.94874790372939,0.0,NON_CRYPTO
3.646961732636933,16688.0,256.0,1.0,0.0,1.0,0.0,0.0,29.196206376768874,0.0,NON_CRYPTO
2.0598225451324987,0.0,24.0,1.0,1.0,1.0,0.0,0.0,9.56551967605108,0.0,NON_CRYPTO
3.6270062395525264,11348.0,256.0,1.0,0.0,2.0,0.0,0.0,29.03645019144108,0.0,NON_CRYPTO
3.577819531114783,0.0,16.0,1.0,1.0,1.0,0.0,0.0,14.624204386131387,0.0,NON_CRYPTO
1.8716407621868583,0.0,32.0,1.0,0.0,2.0,0.0,0.0,9.44129365432696,0.0,NON_CRYPTO
5.329608774981381,2836.0,256.0,1.0,0.0,1.0,0.0,0.0,42.666846846590055,0.0,NON_CRYPTO
3.580865129773783,0.0,128.0,1.0,0.0,3.0,0.0,0.0,25.106259195864673,0.0,NON_CRYPTO
4.951536240829388,0.0,128.0,1.0,0.0,3.0,0.0,0.0,34.71634584791901,0.0,NON_CRYPTO
2.8077070472275922,25776.0,256.0,1.0,0.0,1.0,0.0,0.0,22.47744846422987,0.0,NON_CRYPTO
4.3699956192315605,0.0,48.0,1.0,0.0,3.0,0.0,0.0,24.536257422039778,0.0,NON_CRYPTO
2.4056390622295662,0.0,8.0,1.0,1.0,1.0,0.0,0.0,7.62569540780774,0.0,NON_CRYPTO
7.161451990232819,254.0,256.0,1.0,0.0,1.0,0.0,0.0,57.33189586088122,0.0,NON_CRYPTO
2.7551230440172545,0.0,24.0,1.0,1.0,1.0,0.0,0.0,12.794395201550508,0.0,NON_CRYPTO
3.25,0.0,16.0,1.0,1.0,3.0,0.0,0.0,13.284254234063603,0.0,NON_CRYPTO
2.912101752714581,0.0,32.0,1.0,0.0,2.0,0.0,0.0,14.689788956366879,0.0,NON_CRYPTO
2.75,0.0,8.0,1.0,1.0,1.0,0.0,0.0,8.71729375396636,0.0,NON_CRYPTO
1.8047152169886416,0.0,128.0,1.0,0.0,2.0,0.0,0.0,12.653268517627856,0.0,NON_CRYPTO
4.789313383509937,0.0,64.0,1.0,0.0,1.0,0.0,0.0,28.843006767356645,0.0,NON_CRYPTO
3.994944653487167,0.0,128.0,1.0,0.0,3.0,0.0,0.0,28.00946483843663,0.0,NON_CRYPTO
3.2806390622295662,0.0,16.0,1.0,1.0,1.0,0.0,0.0,13.40949026241771,0.0,NON_CRYPTO
2.952819531114783,0.0,16.0,1.0,1.0,1.0,0.0,0.0,12.069540110349925,0.0,NON_CRYPTO
2.655672129520887,0.0,48.0,1.0,0.0,1.0,0.0,0.0,14.910828448363322,0.0,NON_CRYPTO
4.803508854797678,0.0,48.0,1.0,0.0,1.0,0.0,0.0,26.970308453327092,0.0,NON_CRYPTO
4.0,0.0,16.0,1.0,1.0,2.0,0.0,0.0,16.349851365001356,0.0,NON_CRYPTO
4.136842188131012,0.0,24.0,1.0,1.0,1.0,0.0,0.0,19.210900201473414,0.0,NON_CRYPTO
1.1808927290103626,0.0,32.0,1.0,0.0,1.0,0.0,0.0,5.956888337813028,0.0,NON_CRYPTO
3.084913050787616,0.0,128.0,1.0,0.0,1.0,0.0,0.0,21.629026462293034,0.0,NON_CRYPTO
2.75,0.0,8.0,1.0,1.0,2.0,0.0,0.0,8.71729375396636,0.0,NON_CRYPTO
1.6980629946886163,0.0,128.0,1.0,0.0,1.0,0.0,0.0,11.90550554978646,0.0,NON_CRYPTO
3.479436370344098,0.0,64.0,1.0,0.0,2.0,0.0,0.0,20.95444560424085,0.0,NON_CRYPTO
1.0,0.0,8.0,1.0,1.0,3.0,0.0,0.0,3.169925001442312,0.0,NON_CRYPTO
3.6875,0.0,32.0,1.0,0.0,1.0,0.0,0.0,18.601203315134295,0.0,NON_CRYPTO
3.9906015629507228,0.0,24.0,1.0,1.0,1.0,0.0,0.0,18.531779769033403,0.0,NON_CRYPTO
2.542481250360578,0.0,24.0,1.0,1.0,1.0,0.0,0.0,11.806917291873152,0.0,NON_CRYPTO
1.290852082972755,0.0,24.0,1.0,1.0,1.0,0.0,0.0,5.994531435596625,0.0,NON_CRYPTO
0.8166890883150209,0.0,24.0,1.0,1.0,2.0,0.0,0.0,3.792586677893186,0.0,NON_CRYPTO
2.9126878900165245,0.0,32.0,1.0,0.0,1.0,0.0,0.0,14.692745663925939,0.0,NON_CRYPTO
1.7987949406953985,0.0,16.0,1.0,1.0,3.0,0.0,0.0,7.352507479121549,0.0,NON_CRYPTO
1.061278124459133,0.0,8.0,1.0,1.0,1.0,0.0,0.0,3.3641720602068115,0.0,NON_CRYPTO
4.351409765557392,0.0,32.0,1.0,0.0,1.0,0.0,0.0,21.950225832296656,0.0,NON_CRYPTO
3.1123808614573036,15730.0,256.0,1.0,0.0,1.0,0.0,0.0,24.916552630923782,0.0,NON_CRYPTO
0.6685644431995964,0.0,32.0,1.0,0.0,2.0,0.0,0.0,3.372502545688203,0.0,NON_CRYPTO
3.474874739988983,0.0,48.0,1.0,0.0,1.0,0.0,0.0,19.51041340968342,0.0,NON_CRYPTO
-0.0,0.0,48.0,1.0,0.0,1.0,0.0,0.0,-0.0,0.0,NON_CRYPTO
-0.0,0.0,128.0,1.0,0.0,1.0,0.0,0.0,-0.0,0.0,NON_CRYPTO
2.390083115665613,0.0,64.0,1.0,0.0,1.0,0.0,0.0,14.393959626247351,0.0,NON_CRYPTO
1.5825187496394217,0.0,48.0,1.0,0.0,2.0,0.0,0.0,8.885383602097352,0.0,NON_CRYPTO
2.542481250360578,0.0,48.0,1.0,0.0,1.0,0.0,0.0,14.27529450487788,0.0,NON_CRYPTO
3.1436488268300087,0.0,128.0,1.0,0.0,2.0,0.0,0.0,22.040836336149894,0.0,NON_CRYPTO
3.7692475629608078,0.0,32.0,1.0,0.0,1.0,0.0,0.0,19.01357024100568,0.0,NON_CRYPTO
3.875,0.0,16.0,1.0,1.0,1.0,0.0,0.0,15.838918509845064,0.0,NON_CRYPTO
4.561251800205135,0.0,64.0,1.0,0.0,1.0,0.0,0.0,27.469536028673502,0.0,NON_CRYPTO
3.4056390622295662,0.0,16.0,1.0,1.0,1.0,0.0,0.0,13.920423117574003,0.0,NON_CRYPTO
4.08939784226676,0.0,128.0,1.0,0.0,1.0,0.0,0.0,28.671697609969755,0.0,NON_CRYPTO
4.317033254096205,0.0,48.0,1.0,0.0,1.0,0.0,0.0,24.238889109146672,0.0,NON_CRYPTO
1.436278124459133,0.0,32.0,1.0,0.0,3.0,0.0,0.0,7.245152924784839,0.0,NON_CRYPTO
4.347794209361694,0.0,48.0,1.0,0.0,1.0,0.0,0.0,24.411602947490202,0.0,NON_CRYPTO
2.0,0.0,8.0,1.0,1.0,1.0,0.0,0.0,6.339850002884624,0.0,NON_CRYPTO
4.163909765557392,0.0,32.0,1.0,0.0,1.0,0.0,0.0,21.004401934916945,0.0,NON_CRYPTO
4.716578664259099,0.0,64.0,1.0,0.0,1.0,0.0,0.0,28.40497153525074,0.0,NON_CRYPTO
4.959876711320615,2910.0,256.0,1.0,0.0,1.0,0.0,0.0,39.70691076112332,0.0,NON_CRYPTO
5.924671734138225,1638.0,256.0,1.0,0.0,3.0,0.0,0.0,47.43069748073204,0.0,NON_CRYPTO
2.25,0.0,16.0,1.0,1.0,1.0,0.0,0.0,9.196791392813264,0.0,NON_CRYPTO
3.592299252776281,0.0,64.0,1.0,0.0,1.0,0.0,0.0,21.634147394686043,0.0,NON_CRYPTO
3.396240625180289,0.0,24.0,1.0,1.0,3.0,0.0,0.0,15.771653049207865,0.0,NON_CRYPTO
1.1808927290103626,0.0,32.0,1.0,0.0,2.0,0.0,0.0,5.956888337813028,0.0,NON_CRYPTO
3.625,0.0,16.0,1.0,1.0,1.0,0.0,0.0,14.81705279953248,0.0,NON_CRYPTO
2.4408196734376775,0.0,128.0,1.0,0.0,1.0,0.0,0.0,17.11314141997953,0.0,NON_CRYPTO
3.3636085007312415,0.0,32.0,1.0,0.0,1.0,0.0,0.0,16.96736694091278,0.0,NON_CRYPTO
3.577819531114783,0.0,16.0,1.0,1.0,1.0,0.0,0.0,14.624204386131387,0.0,NON_CRYPTO
2.93228292455405,25362.0,256.0,1.0,0.0,1.0,0.0,0.0,23.474756165991927,0.0,NON_CRYPTO
3.202819531114783,0.0,16.0,1.0,1.0,1.0,0.0,0.0,13.09140582066251,0.0,NON_CRYPTO
5.991391095512129,1648.0,256.0,1.0,0.0,3.0,0.0,0.0,47.96482763805351,0.0,NON_CRYPTO
5.489926062065523,2040.0,256.0,1.0,0.0,1.0,0.0,0.0,43.95028685573103,0.0,NON_CRYPTO
-0.0,0.0,128.0,1.0,0.0,1.0,0.0,0.0,-0.0,0.0,NON_CRYPTO
3.6391410829675497,9074.0,256.0,1.0,0.0,1.0,0.0,0.0,29.133597191785015,0.0,NON_CRYPTO
2.96358466292899,24274.0,256.0,1.0,0.0,3.0,0.0,0.0,23.725346131158787,0.0,NON_CRYPTO
3.6084585933443494,0.0,32.0,1.0,0.0,1.0,0.0,0.0,18.202487308214714,0.0,NON_CRYPTO
4.5011242064697266,0.0,64.0,1.0,0.0,1.0,0.0,0.0,27.107425543486524,0.0,NON_CRYPTO
2.207518749639422,0.0,24.0,1.0,1.0,2.0,0.0,0.0,10.25139960955679,0.0,NON_CRYPTO
5.721941882301683,0.0,128.0,1.0,0.0,3.0,0.0,0.0,40.1178348791414,0.0,NON_CRYPTO
2.8125,0.0,32.0,1.0,0.0,3.0,0.0,0.0,14.18735846069565,0.0,NON_CRYPTO
5.373236527963546,2610.0,256.0,1.0,0.0,1.0,0.0,0.0,43.01611425689025,0.0,NON_CRYPTO
3.030424904299591,0.0,48.0,1.0,0.0,1.0,0.0,0.0,17.0149565420228,0.0,NON_CRYPTO
5.374553147223471,0.0,128.0,1.0,0.0,1.0,0.0,0.0,37.68221351153403,0.0,NON_CRYPTO
-0.0,0.0,32.0,1.0,0.0,1.0,0.0,0.0,-0.0,0.0,NON_CRYPTO
2.83295406854682,0.0,48.0,1.0,0.0,3.0,0.0,0.0,15.906215096596062,0.0,NON_CRYPTO
2.5,0.0,8.0,1.0,1.0,1.0,0.0,0.0,7.92481250360578,0.0,NON_CRYPTO
4.306878162368886,5254.0,256.0,1.0,0.0,3.0,0.0,0.0,34.479249547047374,0.0,NON_CRYPTO
3.0,0.0,8.0,1.0,1.0,1.0,0.0,0.0,9.509775004326936,0.0,NON_CRYPTO
2.75,0.0,8.0,1.0,1.0,1.0,0.0,0.0,8.71729375396636,0.0,NON_CRYPTO
4.66355028591571,0.0,128.0,1.0,0.0,1.0,0.0,0.0,32.69721087164913,0.0,NON_CRYPTO
2.2902930388928713,0.0,32.0,1.0,0.0,1.0,0.0,0.0,11.5531407369988,0.0,NON_CRYPTO
3.800500142322894,0.0,64.0,1.0,0.0,1.0,0.0,0.0,22.888009730535455,0.0,NON_CRYPTO
4.207745497103758,0.0,128.0,1.0,0.0,1.0,0.0,0.0,29.501459913178337,0.0,NON_CRYPTO
4.209106667816771,0.0,128.0,1.0,0.0,1.0,0.0,0.0,29.511003390380697,0.0,NON_CRYPTO
-0.0,0.0,16.0,1.0,1.0,1.0,0.0,0.0,-0.0,0.0,NON_CRYPTO
2.75,0.0,8.0,1.0,1.0,2.0,0.0,0.0,8.71729375396636,0.0,NON_CRYPTO
3.0,0.0,8.0,1.0,1.0,3.0,0.0,0.0,9.509775004326936,0.0,NON_CRYPTO
3.970175521464345,0.0,24.0,1.0,1.0,3.0,0.0,0.0,18.436924169844293,0.0,NON_CRYPTO
5.980743397881326,1878.0,256.0,1.0,0.0,3.0,0.0,0.0,47.879586168507956,0.0,NON_CRYPTO
3.433735692740438,0.0,64.0,1.0,0.0,3.0,0.0,0.0,20.679219314406975,0.0,NON_CRYPTO
2.7806390622295662,0.0,16.0,1.0,1.0,1.0,0.0,0.0,11.365758841792541,0.0,NON_CRYPTO
3.375,0.0,16.0,1.0,1.0,1.0,0.0,0.0,13.795187089219894,0.0,NON_CRYPTO
4.172791886651839,0.0,128.0,1.0,0.0,1.0,0.0,0.0,29.256392206902397,0.0,NON_CRYPTO
4.452819531114783,0.0,32.0,1.0,0.0,1.0,0.0,0.0,22.461776657319877,0.0,NON_CRYPTO
1.498778124459133,0.0,32.0,1.0,0.0,1.0,0.0,0.0,7.560427557244743,0.0,NON_CRYPTO
-0.0,0.0,48.0,1.0,0.0,1.0,0.0,0.0,-0.0,0.0,NON_CRYPTO
4.321873587245975,0.0,64.0,1.0,0.0,1.0,0.0,0.0,26.02791238380798,0.0,NON_CRYPTO
2.75,0.0,128.0,1.0,0.0,2.0,0.0,0.0,19.28087495241395,0.0,NON_CRYPTO
3.23305291668038,0.0,128.0,1.0,0.0,3.0,0.0,0.0,22.667668727655126,0.0,NON_CRYPTO
3.6694143193406807,11582.0,256.0,1.0,0.0,1.0,0.0,0.0,29.3759533560773,0.0,NON_CRYPTO
4.056665699965088,0.0,48.0,1.0,0.0,1.0,0.0,0.0,22.777000839878493,0.0,NON_CRYPTO
5.006454059232692,5256.0,256.0,1.0,0.0,2.0,0.0,0.0,40.07979152100459,0.0,NON_CRYPTO
6.1513047014451745,1234.0,256.0,1.0,0.0,3.0,0.0,0.0,49.24503592746121,0.0,NON_CRYPTO
4.195982616074133,0.0,48.0,1.0,0.0,1.0,0.0,0.0,23.55922490020772,0.0,NON_CRYPTO
5.857463423255846,0.0,128.0,1.0,0.0,3.0,0.0,0.0,41.06800720077618,0.0,NON_CRYPTO
4.600150091406188,3244.0,256.0,1.0,0.0,1.0,0.0,0.0,36.82707450173784,0.0,NON_CRYPTO
0.5435644431995964,0.0,8.0,1.0,1.0,1.0,0.0,0.0,1.7230585183934701,0.0,NON_CRYPTO
3.078626767019874,0.0,32.0,1.0,0.0,1.0,0.0,0.0,15.52980675925458,0.0,NON_CRYPTO
4.495614454101657,0.0,64.0,1.0,0.0,1.0,0.0,0.0,27.07424378816731,0.0,NON_CRYPTO
4.582108306496812,0.0,64.0,1.0,0.0,1.0,0.0,0.0,27.59514158085672,0.0,NON_CRYPTO
-0.0,65280.0,256.0,1.0,0.0,1.0,0.0,0.0,-0.0,0.0,NON_CRYPTO
4.361440501696144,0.0,48.0,1.0,0.0,1.0,0.0,0.0,24.488222919396115,0.0,NON_CRYPTO
0.4488644887230294,0.0,32.0,1.0,0.0,2.0,0.0,0.0,2.2642493873032885,0.0,NON_CRYPTO
1.6896763215021657,0.0,24.0,1.0,1.0,2.0,0.0,0.0,7.8466138443236195,0.0,NON_CRYPTO
5.943215721102885,1522.0,256.0,1.0,0.0,3.0,0.0,0.0,47.57915367801626,0.0,NON_CRYPTO
3.5684210940655055,0.0,48.0,1.0,0.0,1.0,0.0,0.0,20.035649044797957,0.0,NON_CRYPTO
4.665873781480403,0.0,64.0,1.0,0.0,3.0,0.0,0.0,28.09960808124094,0.0,NON_CRYPTO
3.8349625007211556,0.0,24.0,1.0,1.0,1.0,0.0,0.0,17.809014346527896,0.0,NON_CRYPTO
3.970175521464345,0.0,24.0,1.0,1.0,1.0,0.0,0.0,18.436924169844293,0.0,NON_CRYPTO
3.0120523991468593,22204.0,256.0,1.0,0.0,1.0,0.0,0.0,24.113360630068417,0.0,NON_CRYPTO
1.061278124459133,0.0,8.0,1.0,1.0,1.0,0.0,0.0,3.3641720602068115,0.0,NON_CRYPTO
4.977719969293428,0.0,64.0,1.0,0.0,1.0,0.0,0.0,29.97766052534173,0.0,NON_CRYPTO
5.256842884909352,2020.0,256.0,1.0,0.0,1.0,0.0,0.0,42.08431045068548,0.0,NON_CRYPTO
3.553508854797678,0.0,48.0,1.0,0.0,3.0,0.0,0.0,19.951921148183082,0.0,NON_CRYPTO
3.702819531114783,0.0,16.0,1.0,1.0,3.0,0.0,0.0,15.13513724128768,0.0,NON_CRYPTO
0.7151622139132228,0.0,128.0,1.0,0.0,1.0,0.0,0.0,5.014164806237223,0.0,NON_CRYPTO
2.9842842218205385,0.0,128.0,1.0,0.0,1.0,0.0,0.0,20.923494873957736,0.0,NON_CRYPTO
4.079783547037795,0.0,128.0,1.0,0.0,1.0,0.0,0.0,28.60428960121875,0.0,NON_CRYPTO
2.75,0.0,8.0,1.0,1.0,1.0,0.0,0.0,8.71729375396636,0.0,NON_CRYPTO
3.836897470347699,0.0,32.0,1.0,0.0,1.0,0.0,0.0,19.354823036003257,0.0,NON_CRYPTO
4.0,0.0,16.0,1.0,1.0,3.0,0.0,0.0,16.349851365001356,0.0,NON_CRYPTO
4.639993089658095,3856.0,256.0,1.0,0.0,1.0,0.0,0.0,37.1460425866568,0.0,NON_CRYPTO
1.561278124459133,0.0,32.0,1.0,0.0,2.0,0.0,0.0,7.875702189704645,0.0,NON_CRYPTO
4.552013366353979,6838.0,256.0,1.0,0.0,1.0,0.0,0.0,36.44170995394208,0.0,NON_CRYPTO
4.663909765557392,0.0,32.0,1.0,0.0,1.0,0.0,0.0,23.52659899459617,0.0,NON_CRYPTO
2.521782221599798,0.0,32.0,1.0,0.0,2.0,0.0,0.0,12.720863408940717,0.0,NON_CRYPTO
4.6755565745877545,0.0,48.0,1.0,0.0,3.0,0.0,0.0,26.251893526055447,0.0,NON_CRYPTO
4.829448698502606,0.0,48.0,1.0,0.0,3.0,0.0,0.0,27.115953149131965,0.0,NON_CRYPTO
3.7015436463164995,18044.0,256.0,1.0,0.0,3.0,0.0,0.0,29.633168684863993,0.0,NON_CRYPTO
4.224322307537703,0.0,128.0,1.0,0.0,1.0,0.0,0.0,29.617683698300795,0.0,NON_CRYPTO
4.500506504073642,3506.0,256.0,1.0,0.0,1.0,0.0,0.0,36.02936535281867,0.0,NON_CRYPTO
4.120003516331224,0.0,64.0,1.0,0.0,1.0,0.0,0.0,24.812176566317213,0.0,NON_CRYPTO
3.0,0.0,8.0,1.0,1.0,3.0,0.0,0.0,9.509775004326936,0.0,NON_CRYPTO
-0.0,0.0,48.0,1.0,0.0,1.0,0.0,0.0,-0.0,0.0,NON_CRYPTO
2.280672129520887,0.0,24.0,1.0,1.0,2.0,0.0,0.0,10.591113385522272,0.0,NON_CRYPTO
4.408363578382301,7726.0,256.0,1.0,0.0,1.0,0.0,0.0,35.291703684869525,0.0,NON_CRYPTO
5.905366141105823,0.0,128.0,1.0,0.0,3.0,0.0,0.0,41.40386404177479,0.0,NON_CRYPTO
4.696889457033807,6056.0,256.0,1.0,0.0,1.0,0.0,0.0,37.60153354207975,0.0,NON_CRYPTO
4.404347988018161,0.0,64.0,1.0,0.0,1.0,0.0,0.0,26.524603560417205,0.0,NON_CRYPTO
2.75,0.0,24.0,1.0,1.0,2.0,0.0,0.0,12.770604521880491,0.0,NON_CRYPTO
5.347866261200691,2668.0,256.0,1.0,0.0,1.0,0.0,0.0,42.81300942647394,0.0,NON_CRYPTO
4.638771934678663,0.0,128.0,1.0,0.0,1.0,0.0,0.0,32.5234842201115,0.0,NON_CRYPTO
1.7016816264565557,30616.0,256.0,1.0,0.0,2.0,0.0,0.0,13.62302420367277,0.0,NON_CRYPTO
2.9256645498905214,0.0,128.0,1.0,0.0,2.0,0.0,0.0,20.51249903241803,0.0,NON_CRYPTO
3.0,0.0,8.0,1.0,1.0,1.0,0.0,0.0,9.509775004326936,0.0,NON_CRYPTO
4.995672606578152,3460.0,256.0,1.0,0.0,1.0,0.0,0.0,39.99347925895743,0.0,NON_CRYPTO
0.6685644431995964,0.0,32.0,1.0,0.0,2.0,0.0,0.0,3.372502545688203,0.0,NON_CRYPTO
5.256942566874206,3564.0,256.0,1.0,0.0,1.0,0.0,0.0,42.08510846707043,0.0,NON_CRYPTO
2.75,0.0,8.0,1.0,1.0,1.0,0.0,0.0,8.71729375396636,0.0,NON_CRYPTO
4.298820843207336,7530.0,256.0,1.0,0.0,1.0,0.0,0.0,34.41474567496698,0.0,NON_CRYPTO
3.2806390622295662,0.0,16.0,1.0,1.0,1.0,0.0,0.0,13.40949026241771,0.0,NON_CRYPTO
3.875,0.0,16.0,1.0,1.0,3.0,0.0,0.0,15.838918509845064,0.0,NON_CRYPTO
3.688721875540867,0.0,24.0,1.0,1.0,2.0,0.0,0.0,17.129893914087887,0.0,NON_CRYPTO
4.099874739988983,0.0,48.0,1.0,0.0,1.0,0.0,0.0,23.01960706225542,0.0,NON_CRYPTO
0.6284787215602865,53786.0,256.0,1.0,0.0,1.0,0.0,0.0,5.031364681969014,0.0,NON_CRYPTO
4.642477361582818,0.0,128.0,1.0,0.0,3.0,0.0,0.0,32.549463810214895,0.0,NON_CRYPTO
2.117492461184755,0.0,24.0,1.0,1.0,1.0,0.0,0.0,9.83333047267414,0.0,NON_CRYPTO
3.1079489207631976,0.0,128.0,1.0,0.0,1.0,0.0,0.0,21.790536181718217,0.0,NON_CRYPTO
1.9909782485721583,33996.0,256.0,1.0,0.0,1.0,0.0,0.0,15.939024343680304,0.0,NON_CRYPTO
5.861787443899424,2058.0,256.0,1.0,0.0,3.0,0.0,0.0,46.92726946303767,0.0,NON_CRYPTO
3.890319531114783,0.0,32.0,1.0,0.0,1.0,0.0,0.0,19.624304965180748,0.0,NON_CRYPTO
4.1174884237886324,0.0,128.0,1.0,0.0,1.0,0.0,0.0,28.868647060756594,0.0,NON_CRYPTO
1.760424939027962,0.0,128.0,1.0,0.0,1.0,0.0,0.0,12.342739313639667,0.0,NON_CRYPTO
3.4085589891525365,8698.0,256.0,1.0,0.0,1.0,0.0,0.0,27.287643520935017,0.0,NON_CRYPTO
5.041049368153728,0.0,128.0,1.0,0.0,1.0,0.0,0.0,35.343942725933594,0.0,NON_CRYPTO
3.938721875540867,0.0,24.0,1.0,1.0,1.0,0.0,0.0,18.290857961531568,0.0,NON_CRYPTO
3.0342518043182154,0.0,64.0,1.0,0.0,1.0,0.0,0.0,18.27338040294953,0.0,NON_CRYPTO
0.8186247276871171,47848.0,256.0,1.0,0.0,1.0,0.0,0.0,6.553602216549139,0.0,NON_CRYPTO
1.8454544956041912,35570.0,256.0,1.0,0.0,1.0,0.0,0.0,14.77401581442912,0.0,NON_CRYPTO
3.970175521464345,0.0,24.0,1.0,1.0,1.0,0.0,0.0,18.436924169844293,0.0,NON_CRYPTO
3.0629072918469555,0.0,24.0,1.0,1.0,1.0,0.0,0.0,14.223700985949623,0.0,NON_CRYPTO
4.491118358901741,0.0,128.0,1.0,0.0,1.0,0.0,0.0,31.488251445263646,0.0,NON_CRYPTO
5.159774413893478,0.0,64.0,1.0,0.0,2.0,0.0,0.0,31.074059352719843,0.0,NON_CRYPTO
4.4137505228161915,3952.0,256.0,1.0,0.0,1.0,0.0,0.0,35.33482953947462,0.0,NON_CRYPTO
1.9237949406953985,0.0,16.0,1.0,1.0,2.0,0.0,0.0,7.863440334277841,0.0,NON_CRYPTO
3.327819531114783,0.0,16.0,1.0,1.0,2.0,0.0,0.0,13.602338675818803,0.0,NON_CRYPTO
3.729573958513622,0.0,48.0,1.0,0.0,3.0,0.0,0.0,20.94047561922216,0.0,NON_CRYPTO
0.6912047231656377,0.0,64.0,1.0,0.0,2.0,0.0,0.0,4.16268907700598,0.0,NON_CRYPTO
2.3740943517801094,0.0,128.0,1.0,0.0,1.0,0.0,0.0,16.645315026147106,0.0,NON_CRYPTO
5.496541187412377,0.0,128.0,1.0,0.0,3.0,0.0,0.0,38.53749938374215,0.0,NON_CRYPTO
4.220175521464345,0.0,24.0,1.0,1.0,1.0,0.0,0.0,19.597888217287974,0.0,NON_CRYPTO
3.476964706674473,0.0,128.0,1.0,0.0,1.0,0.0,0.0,24.377789717580782,0.0,NON_CRYPTO
3.6875,0.0,32.0,1.0,0.0,1.0,0.0,0.0,18.601203315134295,0.0,NON_CRYPTO
4.168295834054489,0.0,24.0,1.0,1.0,1.0,0.0,0.0,19.356966409786136,0.0,NON_CRYPTO
3.2336628525506557,0.0,48.0,1.0,0.0,1.0,0.0,0.0,18.15607865076583,0.0,NON_CRYPTO
1.5451936105874193,0.0,24.0,1.0,1.0,1.0,0.0,0.0,7.175656912926742,0.0,NON_CRYPTO
1.4512377755992936,0.0,64.0,1.0,0.0,1.0,0.0,0.0,8.739887668820197,0.0,NON_CRYPTO
3.718161624109911,6108.0,256.0,1.0,0.0,3.0,0.0,0.0,29.766205975844887,0.0,NON_CRYPTO
5.561763965112352,0.0,128.0,1.0,0.0,3.0,0.0,0.0,38.99479110042663,0.0,NON_CRYPTO
3.253928031846024,0.0,32.0,1.0,0.0,2.0,0.0,0.0,16.41409542865971,0.0,NON_CRYPTO
3.774943312595187,0.0,64.0,1.0,0.0,1.0,0.0,0.0,22.734097101780264,0.0,NON_CRYPTO
4.391150648454356,0.0,48.0,1.0,0.0,1.0,0.0,0.0,24.65503677286955,0.0,NON_CRYPTO
4.140319531114783,0.0,32.0,1.0,0.0,1.0,0.0,0.0,20.885403495020363,0.0,NON_CRYPTO
3.456299804820707,0.0,64.0,1.0,0.0,1.0,0.0,0.0,20.815108696728753,0.0,NON_CRYPTO
4.334962500721156,0.0,24.0,1.0,1.0,3.0,0.0,0.0,20.130942441415257,0.0,NON_CRYPTO
4.545386663777842,7008.0,256.0,1.0,0.0,1.0,0.0,0.0,36.388659061118354,0.0,NON_CRYPTO
4.722678031846025,0.0,64.0,1.0,0.0,1.0,0.0,0.0,28.44170417028607,0.0,NON_CRYPTO
2.60845859334435,0.0,16.0,1.0,1.0,3.0,0.0,0.0,10.66197757323516,0.0,NON_CRYPTO
5.317208230831258,0.0,128.0,1.0,0.0,1.0,0.0,0.0,37.28015527076498,0.0,NON_CRYPTO
3.918295834054489,0.0,24.0,1.0,1.0,3.0,0.0,0.0,18.196002362342455,0.0,NON_CRYPTO
3.7749433125951875,0.0,64.0,1.0,0.0,1.0,0.0,0.0,22.734097101780268,0.0,NON_CRYPTO
2.0802485866188762,0.0,48.0,1.0,0.0,1.0,0.0,0.0,11.679992217495753,0.0,NON_CRYPTO
3.242776133044094,21016.0,256.0,1.0,0.0,2.0,0.0,0.0,25.960448218237797,0.0,NON_CRYPTO
1.8931558784658322,0.0,24.0,1.0,1.0,2.0,0.0,0.0,8.79154364442196,0.0,NON_CRYPTO
5.771373188813238,0.0,128.0,1.0,0.0,3.0,0.0,0.0,40.46440900262639,0.0,NON_CRYPTO
2.611162905659513,0.0,64.0,1.0,0.0,1.0,0.0,0.0,15.725383437617705,0.0,NON_CRYPTO
5.156785155184977,0.0,128.0,1.0,0.0,1.0,0.0,0.0,36.15539263039494,0.0,NON_CRYPTO
3.75,0.0,16.0,1.0,1.0,3.0,0.0,0.0,15.32798565468877,0.0,NON_CRYPTO
3.7879865967934268,0.0,48.0,1.0,0.0,1.0,0.0,0.0,21.26844563439252,0.0,NON_CRYPTO
4.302418704467279,0.0,64.0,1.0,0.0,1.0,0.0,0.0,25.91074792395532,0.0,NON_CRYPTO
0.6685644431995964,0.0,64.0,1.0,0.0,2.0,0.0,0.0,4.02634098366054,0.0,NON_CRYPTO
3.75,0.0,16.0,1.0,1.0,1.0,0.0,0.0,15.32798565468877,0.0,NON_CRYPTO
4.526199288367502,4168.0,256.0,1.0,0.0,1.0,0.0,0.0,36.23505213749874,0.0,NON_CRYPTO
4.892065451287426,0.0,128.0,1.0,0.0,1.0,0.0,0.0,34.29938262738086,0.0,NON_CRYPTO
2.75,0.0,8.0,1.0,1.0,3.0,0.0,0.0,8.71729375396636,0.0,NON_CRYPTO
4.438442150977819,6756.0,256.0,1.0,0.0,1.0,0.0,0.0,35.53250144404491,0.0,NON_CRYPTO
5.759421972504131,0.0,128.0,1.0,0.0,3.0,0.0,0.0,40.380616309104525,0.0,NON_CRYPTO
4.982187377485003,0.0,128.0,1.0,0.0,1.0,0.0,0.0,34.93124793264856,0.0,NON_CRYPTO
1.9164294924201093,0.0,128.0,1.0,0.0,1.0,0.0,0.0,13.436522690352822,0.0,NON_CRYPTO
3.1927202760552826,21284.0,256.0,1.0,0.0,2.0,0.0,0.0,25.55971982069723,0.0,NON_CRYPTO
2.75,0.0,8.0,1.0,1.0,1.0,0.0,0.0,8.71729375396636,0.0,NON_CRYPTO
4.116729296672174,0.0,32.0,1.0,0.0,1.0,0.0,0.0,20.766405055123776,0.0,NON_CRYPTO
3.0008145836939115,0.0,48.0,1.0,0.0,1.0,0.0,0.0,16.848703183430686,0.0,NON_CRYPTO
3.8789280318460246,0.0,32.0,1.0,0.0,1.0,0.0,0.0,19.566841753258746,0.0,NON_CRYPTO
4.058364648336087,0.0,64.0,1.0,0.0,1.0,0.0,0.0,24.440964631671793,0.0,NON_CRYPTO
2.6639097655573916,0.0,32.0,1.0,0.0,3.0,0.0,0.0,13.437810755879262,0.0,NON_CRYPTO
4.1371987351738495,0.0,32.0,1.0,0.0,3.0,0.0,0.0,20.869660970328198,0.0,NON_CRYPTO
3.875,0.0,16.0,1.0,1.0,3.0,0.0,0.0,15.838918509845064,0.0,NON_CRYPTO
0.5435644431995964,0.0,8.0,1.0,1.0,1.0,0.0,0.0,1.7230585183934701,0.0,NON_CRYPTO
3.1686450333085068,0.0,32.0,1.0,0.0,1.0,0.0,0.0,15.983894372355802,0.0,NON_CRYPTO
2.75,0.0,8.0,1.0,1.0,1.0,0.0,0.0,8.71729375396636,0.0,NON_CRYPTO
3.0,0.0,8.0,1.0,1.0,3.0,0.0,0.0,9.509775004326936,0.0,NON_CRYPTO
1.443244478734427,0.0,128.0,1.0,0.0,1.0,0.0,0.0,10.118915025541941,0.0,NON_CRYPTO
2.8522170014624826,0.0,16.0,1.0,1.0,1.0,0.0,0.0,11.658331008660362,0.0,NON_CRYPTO
2.75,0.0,8.0,1.0,1.0,1.0,0.0,0.0,8.71729375396636,0.0,NON_CRYPTO
4.632801240940385,6358.0,256.0,1.0,0.0,1.0,0.0,0.0,37.08846734600821,0.0,NON_CRYPTO
2.771782221599798,0.0,16.0,1.0,1.0,1.0,0.0,0.0,11.329556834827487,0.0,NON_CRYPTO
3.8553885422075336,0.0,24.0,1.0,1.0,1.0,0.0,0.0,17.903869945717005,0.0,NON_CRYPTO
3.4174223967771704,0.0,48.0,1.0,0.0,3.0,0.0,0.0,19.18783517268457,0.0,NON_CRYPTO
4.197780173029465,0.0,64.0,1.0,0.0,1.0,0.0,0.0,25.280576200221667,0.0,NON_CRYPTO
6.556602441389348,0.0,128.0,1.0,0.0,1.0,0.0,0.0,45.96982974004364,0.0,NON_CRYPTO
2.75,0.0,32.0,1.0,0.0,1.0,0.0,0.0,13.872083828235747,0.0,NON_CRYPTO
2.216917186688699,0.0,32.0,1.0,0.0,1.0,0.0,0.0,11.183004019637162,0.0,NON_CRYPTO
4.453529344380164,6054.0,256.0,1.0,0.0,1.0,0.0,0.0,35.65328384992516,0.0,NON_CRYPTO
3.956497368726378,0.0,64.0,1.0,0.0,1.0,0.0,0.0,23.82748240574951,0.0,NON_CRYPTO
0.5435644431995964,0.0,16.0,1.0,1.0,1.0,0.0,0.0,2.221799463403281,0.0,NON_CRYPTO
3.125,0.0,16.0,1.0,1.0,1.0,0.0,0.0,12.77332137890731,0.0,NON_CRYPTO
4.136842188131012,0.0,24.0,1.0,1.0,1.0,0.0,0.0,19.210900201473414,0.0,NON_CRYPTO
1.3683927290103626,0.0,64.0,1.0,0.0,2.0,0.0,0.0,8.240964326774176,0.0,NON_CRYPTO
2.75,0.0,8.0,1.0,1.0,1.0,0.0,0.0,8.71729375396636,0.0,NON_CRYPTO
2.0550416913014384,0.0,32.0,1.0,0.0,2.0,0.0,0.0,10.366440222637426,0.0,NON_CRYPTO
3.5,0.0,16.0,1.0,1.0,1.0,0.0,0.0,14.306119944376187,0.0,NON_CRYPTO
3.797401247283877,0.0,64.0,1.0,0.0,1.0,0.0,0.0,22.869347044796527,0.0,NON_CRYPTO
5.292996282685734,0.0,128.0,1.0,0.0,3.0,0.0,0.0,37.11039980002018,0.0,NON_CRYPTO
4.379247855285173,0.0,48.0,1.0,0.0,1.0,0.0,0.0,24.58820604289007,0.0,NON_CRYPTO
3.35310136613957,0.0,64.0,1.0,0.0,1.0,0.0,0.0,20.193609741260683,0.0,NON_CRYPTO
4.303508854797678,0.0,24.0,1.0,1.0,3.0,0.0,0.0,19.984876233102533,0.0,NON_CRYPTO
5.428525809545999,0.0,128.0,1.0,0.0,1.0,0.0,0.0,38.06062811265749,0.0,NON_CRYPTO
4.9375,0.0,32.0,1.0,0.0,1.0,0.0,0.0,24.906695964332364,0.0,NON_CRYPTO
4.522729102437745,0.0,64.0,1.0,0.0,1.0,0.0,0.0,27.23753817356815,0.0,NON_CRYPTO
4.988608500731241,0.0,64.0,1.0,0.0,1.0,0.0,0.0,30.043235266603958,0.0,NON_CRYPTO
3.702819531114783,0.0,16.0,1.0,1.0,1.0,0.0,0.0,15.13513724128768,0.0,NON_CRYPTO
0.8166890883150209,0.0,24.0,1.0,1.0,2.0,0.0,0.0,3.792586677893186,0.0,NON_CRYPTO
1.8563429881688325,0.0,48.0,1.0,0.0,2.0,0.0,0.0,10.422827249725785,0.0,NON_CRYPTO
4.980308261243081,2628.0,256.0,1.0,0.0,1.0,0.0,0.0,39.87047807876069,0.0,NON_CRYPTO
4.436641344913578,0.0,48.0,1.0,0.0,1.0,0.0,0.0,24.910453834094806,0.0,NON_CRYPTO
5.5922337661271175,0.0,128.0,1.0,0.0,3.0,0.0,0.0,39.20842179976868,0.0,NON_CRYPTO
4.351409765557392,0.0,32.0,1.0,0.0,1.0,0.0,0.0,21.950225832296656,0.0,NON_CRYPTO
3.553508854797678,0.0,48.0,1.0,0.0,3.0,0.0,0.0,19.951921148183082,0.0,NON_CRYPTO
1.7987949406953985,0.0,16.0,1.0,1.0,1.0,0.0,0.0,7.352507479121549,0.0,NON_CRYPTO
4.07271818553831,0.0,128.0,1.0,0.0,1.0,0.0,0.0,28.554752746104143,0.0,NON_CRYPTO
4.000080698897306,0.0,64.0,1.0,0.0,1.0,0.0,0.0,24.0899572505555,0.0,NON_CRYPTO
3.0,0.0,8.0,1.0,1.0,1.0,0.0,0.0,9.509775004326936,0.0,NON_CRYPTO
1.1523407476311187,48664.0,256.0,1.0,0.0,2.0,0.0,0.0,9.225207378272112,0.0,NON_CRYPTO
4.121268266288633,0.0,64.0,1.0,0.0,2.0,0.0,0.0,24.819793355752243,0.0,NON_CRYPTO
5.574192746993403,0.0,128.0,1.0,0.0,2.0,0.0,0.0,39.08193211470277,0.0,NON_CRYPTO
5.548602478383273,2812.0,256.0,1.0,0.0,1.0,0.0,0.0,44.420028214663134,0.0,NON_CRYPTO
3.570517682792879,0.0,64.0,1.0,0.0,1.0,0.0,0.0,21.502970768700774,0.0,NON_CRYPTO
2.646782221599798,0.0,16.0,1.0,1.0,1.0,0.0,0.0,10.818623979671194,0.0,NON_CRYPTO
4.96401327532797,0.0,128.0,1.0,0.0,1.0,0.0,0.0,34.80382517226232,0.0,NON_CRYPTO
4.092186670550004,0.0,128.0,1.0,0.0,2.0,0.0,0.0,28.691250718839928,0.0,NON_CRYPTO
2.617492461184755,0.0,24.0,1.0,1.0,1.0,0.0,0.0,12.155258567561503,0.0,NON_CRYPTO
2.375,0.0,16.0,1.0,1.0,1.0,0.0,0.0,9.707724247969555,0.0,NON_CRYPTO
3.5746987351738495,0.0,32.0,1.0,0.0,1.0,0.0,0.0,18.03218927818907,0.0,NON_CRYPTO
3.5535088547976783,0.0,24.0,1.0,1.0,1.0,0.0,0.0,16.50198409077149,0.0,NON_CRYPTO
3.0220552088742005,0.0,24.0,1.0,1.0,2.0,0.0,0.0,14.033989787571404,0.0,NON_CRYPTO
4.251629167387822,0.0,24.0,1.0,1.0,3.0,0.0,0.0,19.743954425600695,0.0,NON_CRYPTO
1.7987949406953985,0.0,16.0,1.0,1.0,3.0,0.0,0.0,7.352507479121549,0.0,NON_CRYPTO
-0.0,65280.0,256.0,1.0,0.0,1.0,0.0,0.0,-0.0,0.0,NON_CRYPTO
4.444909571322962,0.0,64.0,1.0,0.0,1.0,0.0,0.0,26.76888033415751,0.0,NON_CRYPTO
4.105388542207534,0.0,24.0,1.0,1.0,1.0,0.0,0.0,19.064833993160686,0.0,NON_CRYPTO
3.0,0.0,8.0,1.0,1.0,1.0,0.0,0.0,9.509775004326936,0.0,NON_CRYPTO
2.8526058955406657,20442.0,256.0,1.0,0.0,1.0,0.0,0.0,22.836891786515544,0.0,NON_CRYPTO
3.5,0.0,16.0,1.0,1.0,2.0,0.0,0.0,14.306119944376187,0.0,NON_CRYPTO
4.330949913805552,0.0,128.0,1.0,0.0,1.0,0.0,0.0,30.365274077546477,0.0,NON_CRYPTO
-0.0,0.0,8.0,1.0,1.0,3.0,0.0,0.0,-0.0,0.0,NON_CRYPTO
1.7327593751988053,0.0,64.0,1.0,0.0,2.0,0.0,0.0,10.43531428892058,0.0,NON_CRYPTO
3.8512274809529554,0.0,24.0,1.0,1.0,1.0,0.0,0.0,17.8845465756539,0.0,NON_CRYPTO
3.834962500721156,0.0,24.0,1.0,1.0,1.0,0.0,0.0,17.809014346527896,0.0,NON_CRYPTO
1.5825187496394217,0.0,48.0,1.0,0.0,1.0,0.0,0.0,8.885383602097352,0.0,NON_CRYPTO
3.0,0.0,8.0,1.0,1.0,1.0,0.0,0.0,9.509775004326936,0.0,NON_CRYPTO
2.8840430388928713,0.0,64.0,1.0,0.0,1.0,0.0,0.0,17.3687679688172,0.0,NON_CRYPTO
1.4016610556164644,0.0,128.0,1.0,0.0,1.0,0.0,0.0,9.827364196003485,0.0,NON_CRYPTO
3.501629167387823,0.0,24.0,1.0,1.0,3.0,0.0,0.0,16.261062283269656,0.0,NON_CRYPTO
3.034159127851422,0.0,24.0,1.0,1.0,2.0,0.0,0.0,14.090198646634306,0.0,NON_CRYPTO
3.25,0.0,16.0,1.0,1.0,1.0,0.0,0.0,13.284254234063603,0.0,NON_CRYPTO
4.273433853458243,0.0,128.0,1.0,0.0,1.0,0.0,0.0,29.962015907614855,0.0,NON_CRYPTO
-0.0,0.0,16.0,1.0,1.0,1.0,0.0,0.0,-0.0,0.0,NON_CRYPTO
4.0,0.0,128.0,1.0,0.0,1.0,0.0,0.0,28.044909021693016,0.0,NON_CRYPTO
0.954434002924965,0.0,8.0,1.0,1.0,1.0,0.0,0.0,3.025484208098512,0.0,NON_CRYPTO
4.202383339614043,0.0,64.0,1.0,0.0,3.0,0.0,0.0,25.308298162498637,0.0,NON_CRYPTO
4.601409765557392,0.0,32.0,1.0,0.0,3.0,0.0,0.0,23.211324362136267,0.0,NON_CRYPTO
3.125,0.0,16.0,1.0,1.0,3.0,0.0,0.0,12.77332137890731,0.0,NON_CRYPTO
3.327819531114783,0.0,16.0,1.0,1.0,1.0,0.0,0.0,13.602338675818803,0.0,NON_CRYPTO
3.312907291846956,0.0,24.0,1.0,1.0,1.0,0.0,0.0,15.384665033393306,0.0,NON_CRYPTO
2.4591479170272446,0.0,24.0,1.0,1.0,1.0,0.0,0.0,11.419929276058589,0.0,NON_CRYPTO
4.303508854797678,0.0,24.0,1.0,1.0,3.0,0.0,0.0,19.984876233102533,0.0,NON_CRYPTO
4.351409765557392,0.0,32.0,1.0,0.0,3.0,0.0,0.0,21.950225832296656,0.0,NON_CRYPTO
-0.0,65280.0,256.0,1.0,0.0,1.0,0.0,0.0,-0.0,0.0,NON_CRYPTO
3.59251679687952,19156.0,256.0,1.0,0.0,1.0,0.0,0.0,28.760340662490044,0.0,NON_CRYPTO
4.827368167875317,0.0,48.0,1.0,0.0,1.0,0.0,0.0,27.10427157333794,0.0,NON_CRYPTO
2.75,0.0,8.0,1.0,1.0,3.0,0.0,0.0,8.71729375396636,0.0,NON_CRYPTO
3.9162799787950355,0.0,64.0,1.0,0.0,1.0,0.0,0.0,23.58527849110298,0.0,NON_CRYPTO
2.9056390622295662,0.0,16.0,1.0,1.0,2.0,0.0,0.0,11.876691696948834,0.0,NON_CRYPTO
3.1525182662886326,0.0,32.0,1.0,0.0,1.0,0.0,0.0,15.902544603636485,0.0,NON_CRYPTO
1.9862949406953985,0.0,64.0,1.0,0.0,1.0,0.0,0.0,11.962198718025231,0.0,NON_CRYPTO
4.006819956104106,0.0,64.0,1.0,0.0,1.0,0.0,0.0,24.130543536241454,0.0,NON_CRYPTO
2.0,0.0,8.0,1.0,1.0,3.0,0.0,0.0,6.339850002884624,0.0,NON_CRYPTO
3.269454882778696,0.0,64.0,1.0,0.0,2.0,0.0,0.0,19.689859852195138,0.0,NON_CRYPTO
2.75,0.0,8.0,1.0,1.0,3.0,0.0,0.0,8.71729375396636,0.0,NON_CRYPTO
3.5581573285181993,0.0,32.0,1.0,0.0,3.0,0.0,0.0,17.94874790372939,0.0,NON_CRYPTO
4.528730320957341,0.0,128.0,1.0,0.0,1.0,0.0,0.0,31.75195745875781,0.0,NON_CRYPTO
2.7755605789184146,0.0,48.0,1.0,0.0,1.0,0.0,0.0,15.58396730539133,0.0,NON_CRYPTO
3.327819531114783,0.0,16.0,1.0,1.0,1.0,0.0,0.0,13.602338675818803,0.0,NON_CRYPTO
5.440691882301683,0.0,128.0,1.0,0.0,3.0,0.0,0.0,38.14592721355361,0.0,NON_CRYPTO
4.620194638244986,6608.0,256.0,1.0,0.0,1.0,0.0,0.0,36.987543617987996,0.0,NON_CRYPTO
2.57744026632827,0.0,48.0,1.0,0.0,3.0,0.0,0.0,14.47157923597226,0.0,NON_CRYPTO
3.544355320957341,0.0,128.0,1.0,0.0,1.0,0.0,0.0,24.850280629200544,0.0,NON_CRYPTO
3.625,0.0,16.0,1.0,1.0,1.0,0.0,0.0,14.81705279953248,0.0,NON_CRYPTO
1.9968223079436398,37914.0,256.0,1.0,0.0,1.0,0.0,0.0,15.985809688851582,0.0,NON_CRYPTO
3.3100989715563496,0.0,48.0,1.0,0.0,1.0,0.0,0.0,18.585245280593064,0.0,NON_CRYPTO
3.5,0.0,16.0,1.0,1.0,1.0,0.0,0.0,14.306119944376187,0.0,NON_CRYPTO
3.625,0.0,16.0,1.0,1.0,3.0,0.0,0.0,14.81705279953248,0.0,NON_CRYPTO
3.955994701699026,0.0,64.0,1.0,0.0,1.0,0.0,0.0,23.824455160023316,0.0,NON_CRYPTO
3.0572660449350533,0.0,64.0,1.0,0.0,2.0,0.0,0.0,18.411980624881668,0.0,NON_CRYPTO
4.303508854797678,0.0,24.0,1.0,1.0,1.0,0.0,0.0,19.984876233102533,0.0,NON_CRYPTO
4.0252260921499,8434.0,256.0,1.0,0.0,1.0,0.0,0.0,32.224448819370984,0.0,NON_CRYPTO
4.413909765557392,0.0,32.0,1.0,0.0,1.0,0.0,0.0,22.265500464756556,0.0,NON_CRYPTO
4.027518266288633,0.0,32.0,1.0,0.0,1.0,0.0,0.0,20.316389458075133,0.0,NON_CRYPTO
4.387380345401073,0.0,48.0,1.0,0.0,1.0,0.0,0.0,24.63386761520099,0.0,NON_CRYPTO
4.654507761808246,5466.0,256.0,1.0,0.0,1.0,0.0,0.0,37.262241602345554,0.0,NON_CRYPTO
2.5,0.0,8.0,1.0,1.0,1.0,0.0,0.0,7.92481250360578,0.0,NON_CRYPTO
3.5212778406185934,0.0,128.0,1.0,0.0,1.0,0.0,0.0,24.688479170063022,0.0,NON_CRYPTO
5.6170393723205345,2124.0,256.0,1.0,0.0,1.0,0.0,0.0,44.96790829283785,0.0,NON_CRYPTO
2.4591479170272446,0.0,24.0,1.0,1.0,1.0,0.0,0.0,11.419929276058589,0.0,NON_CRYPTO
-0.0,0.0,48.0,1.0,0.0,1.0,0.0,0.0,-0.0,0.0,NON_CRYPTO
3.328099143036546,0.0,128.0,1.0,0.0,2.0,0.0,0.0,23.334059420408607,0.0,NON_CRYPTO
5.363204882778696,0.0,64.0,1.0,0.0,1.0,0.0,0.0,32.29919246072346,0.0,NON_CRYPTO
2.6229580228808174,0.0,64.0,1.0,0.0,2.0,0.0,0.0,15.796417971922187,0.0,NON_CRYPTO
5.091080951159926,0.0,128.0,1.0,0.0,1.0,0.0,0.0,35.694725524338615,0.0,NON_CRYPTO
3.792087390758848,7498.0,256.0,1.0,0.0,1.0,0.0,0.0,30.358027908147594,0.0,NON_CRYPTO
4.091487244482157,0.0,64.0,1.0,0.0,1.0,0.0,0.0,24.640441088585824,0.0,NON_CRYPTO
2.4056390622295662,0.0,8.0,1.0,1.0,1.0,0.0,0.0,7.62569540780774,0.0,NON_CRYPTO
5.615460685455938,2410.0,256.0,1.0,0.0,1.0,0.0,0.0,44.95526991851914,0.0,NON_CRYPTO
3.875,0.0,16.0,1.0,1.0,3.0,0.0,0.0,15.838918509845064,0.0,NON_CRYPTO
-0.0,0.0,64.0,1.0,0.0,1.0,0.0,0.0,-0.0,0.0,NON_CRYPTO
2.75,0.0,8.0,1.0,1.0,1.0,0.0,0.0,8.71729375396636,0.0,NON_CRYPTO
6.041430778716078,1252.0,256.0,1.0,0.0,3.0,0.0,0.0,48.36542655434493,0.0,NON_CRYPTO
4.991029381053474,2466.0,256.0,1.0,0.0,1.0,0.0,0.0,39.95630733870962,0.0,NON_CRYPTO
3.5739348962840563,0.0,24.0,1.0,1.0,2.0,0.0,0.0,16.596839689960603,0.0,NON_CRYPTO
4.080939174130871,0.0,128.0,1.0,0.0,1.0,0.0,0.0,28.61239196539083,0.0,NON_CRYPTO
5.098569248338447,2964.0,256.0,1.0,0.0,3.0,0.0,0.0,40.81723114026325,0.0,NON_CRYPTO
2.091917186688699,0.0,16.0,1.0,1.0,1.0,0.0,0.0,8.550633767563006,0.0,NON_CRYPTO
4.839661719245795,0.0,48.0,1.0,0.0,1.0,0.0,0.0,27.1732962972369,0.0,NON_CRYPTO
4.7720552088742,0.0,48.0,1.0,0.0,3.0,0.0,0.0,26.793705357927227,0.0,NON_CRYPTO
2.8217114918933284,0.0,32.0,1.0,0.0,1.0,0.0,0.0,14.233824856232873,0.0,NON_CRYPTO
3.577819531114783,0.0,16.0,1.0,1.0,3.0,0.0,0.0,14.624204386131387,0.0,NON_CRYPTO
3.6954577337587464,6058.0,256.0,1.0,0.0,3.0,0.0,0.0,29.584447153887396,0.0,NON_CRYPTO
3.2806390622295662,0.0,16.0,1.0,1.0,1.0,0.0,0.0,13.40949026241771,0.0,NON_CRYPTO
2.5805576533947314,0.0,24.0,1.0,1.0,1.0,0.0,0.0,11.983738631787661,0.0,NON_CRYPTO
0.9255636700495734,0.0,32.0,1.0,0.0,1.0,0.0,0.0,4.668907934289896,0.0,NON_CRYPTO
4.418295834054489,0.0,24.0,1.0,1.0,3.0,0.0,0.0,20.517930457229816,0.0,NON_CRYPTO
4.457344930434182,8132.0,256.0,1.0,0.0,1.0,0.0,0.0,35.68382999930877,0.0,NON_CRYPTO
4.160180611208111,0.0,64.0,1.0,0.0,1.0,0.0,0.0,25.05413780932477,0.0,NON_CRYPTO
-0.0,0.0,24.0,1.0,1.0,1.0,0.0,0.0,-0.0,0.0,NON_CRYPTO
1.9237949406953985,0.0,16.0,1.0,1.0,1.0,0.0,0.0,7.863440334277841,0.0,NON_CRYPTO
1.4502995870832969,32352.0,256.0,1.0,0.0,1.0,0.0,0.0,11.610553978039787,0.0,NON_CRYPTO
3.577819531114783,0.0,16.0,1.0,1.0,1.0,0.0,0.0,14.624204386131387,0.0,NON_CRYPTO
2.952819531114783,0.0,16.0,1.0,1.0,1.0,0.0,0.0,12.069540110349925,0.0,NON_CRYPTO
2.3987916913014384,0.0,64.0,1.0,0.0,1.0,0.0,0.0,14.446405871853871,0.0,NON_CRYPTO
3.6572682296173897,0.0,24.0,1.0,1.0,1.0,0.0,0.0,16.983827705775163,0.0,NON_CRYPTO
3.334962500721156,0.0,24.0,1.0,1.0,3.0,0.0,0.0,15.487086251640534,0.0,NON_CRYPTO
3.929229296672175,0.0,32.0,1.0,0.0,1.0,0.0,0.0,19.820581157744073,0.0,NON_CRYPTO
4.125423825492615,0.0,48.0,1.0,0.0,1.0,0.0,0.0,23.16305776414081,0.0,NON_CRYPTO
4.625,0.0,32.0,1.0,0.0,3.0,0.0,0.0,23.330322802032846,0.0,NON_CRYPTO
3.0068699823319704,0.0,48.0,1.0,0.0,1.0,0.0,0.0,16.882702489773838,0.0,NON_CRYPTO
3.274397470347699,0.0,16.0,1.0,1.0,1.0,0.0,0.0,13.38397798753033,0.0,NON_CRYPTO
-0.0,0.0,24.0,1.0,1.0,1.0,0.0,0.0,-0.0,0.0,NON_CRYPTO
2.6660563421790613,0.0,24.0,1.0,1.0,1.0,0.0,0.0,12.380782246916395,0.0,NON_CRYPTO
2.75,0.0,8.0,1.0,1.0,1.0,0.0,0.0,8.71729375396636,0.0,NON_CRYPTO
2.75,0.0,8.0,1.0,1.0,2.0,0.0,0.0,8.71729375396636,0.0,NON_CRYPTO
-0.0,0.0,48.0,1.0,0.0,1.0,0.0,0.0,-0.0,0.0,NON_CRYPTO
5.677870707677981,0.0,128.0,1.0,0.0,3.0,0.0,0.0,39.80884185844118,0.0,NON_CRYPTO
1.5251252600110161,0.0,48.0,1.0,0.0,1.0,0.0,0.0,8.56313581089262,0.0,NON_CRYPTO
3.0379042098073286,17628.0,256.0,1.0,0.0,1.0,0.0,0.0,24.32032052013298,0.0,NON_CRYPTO
5.384462321952784,0.0,128.0,1.0,0.0,1.0,0.0,0.0,37.751688987474935,0.0,NON_CRYPTO
1.1535529449228283,0.0,64.0,1.0,0.0,3.0,0.0,0.0,6.947120126127427,0.0,NON_CRYPTO
3.875,0.0,16.0,1.0,1.0,1.0,0.0,0.0,15.838918509845064,0.0,NON_CRYPTO
3.6932597174309194,6136.0,256.0,1.0,0.0,3.0,0.0,0.0,29.566850660413817,0.0,NON_CRYPTO
3.25,0.0,16.0,1.0,1.0,3.0,0.0,0.0,13.284254234063603,0.0,NON_CRYPTO
0.9029394431995964,0.0,128.0,1.0,0.0,1.0,0.0,0.0,6.330713634157707,0.0,NON_CRYPTO
3.2610276044371003,0.0,24.0,1.0,1.0,1.0,0.0,0.0,15.14374322589147,0.0,NON_CRYPTO
2.3527930388928713,0.0,64.0,1.0,0.0,1.0,0.0,0.0,14.169385068145832,0.0,NON_CRYPTO
4.334962500721156,0.0,24.0,1.0,1.0,1.0,0.0,0.0,20.130942441415257,0.0,NON_CRYPTO
4.774624356791667,3218.0,256.0,1.0,0.0,1.0,0.0,0.0,38.2238499639104,0.0,NON_CRYPTO
3.7824156286861546,0.0,48.0,1.0,0.0,1.0,0.0,0.0,21.237166264919367,0.0,NON_CRYPTO
0.6685644431995964,0.0,16.0,1.0,1.0,2.0,0.0,0.0,2.7327323185595733,0.0,NON_CRYPTO
4.215018266288633,0.0,32.0,1.0,0.0,3.0,0.0,0.0,21.262213355454843,0.0,NON_CRYPTO
1.5487949406953985,0.0,8.0,1.0,1.0,1.0,0.0,0.0,4.909563804617707,0.0,NON_CRYPTO
2.894633551778977,24226.0,256.0,1.0,0.0,1.0,0.0,0.0,23.173349423042048,0.0,NON_CRYPTO
5.093769577808214,7428.0,256.0,1.0,0.0,1.0,0.0,0.0,40.77880678003837,0.0,NON_CRYPTO
4.506328385912462,0.0,48.0,1.0,0.0,1.0,0.0,0.0,25.301726349198496,0.0,NON_CRYPTO
4.492795667592912,0.0,128.0,1.0,0.0,1.0,0.0,0.0,31.500011437674935,0.0,NON_CRYPTO
2.1112949406953985,0.0,32.0,1.0,0.0,1.0,0.0,0.0,10.650203783075122,0.0,NON_CRYPTO
4.056127542695028,0.0,48.0,1.0,0.0,1.0,0.0,0.0,22.773979242956603,0.0,NON_CRYPTO
1.7987949406953985,0.0,16.0,1.0,1.0,1.0,0.0,0.0,7.352507479121549,0.0,NON_CRYPTO
0.34726597513537405,0.0,64.0,1.0,0.0,1.0,0.0,0.0,2.0913634312152163,0.0,NON_CRYPTO
3.7201755214643453,0.0,24.0,1.0,1.0,1.0,0.0,0.0,17.275960122400612,0.0,NON_CRYPTO
1.1709145269364447,48658.0,256.0,1.0,0.0,1.0,0.0,0.0,9.373902081850138,0.0,NON_CRYPTO
4.380892047769037,0.0,64.0,1.0,0.0,1.0,0.0,0.0,26.38334326083656,0.0,NON_CRYPTO
4.141150648454355,0.0,48.0,1.0,0.0,1.0,0.0,0.0,23.251359311840744,0.0,NON_CRYPTO
4.695832356688545,3248.0,256.0,1.0,0.0,1.0,0.0,0.0,37.59307079360476,0.0,NON_CRYPTO
3.893288344970366,0.0,48.0,1.0,0.0,1.0,0.0,0.0,21.859684396484123,0.0,NON_CRYPTO
0.8112781244591328,0.0,16.0,1.0,1.0,1.0,0.0,0.0,3.316069187645973,0.0,NON_CRYPTO
1.061278124459133,0.0,8.0,1.0,1.0,1.0,0.0,0.0,3.3641720602068115,0.0,NON_CRYPTO
4.675246126931561,0.0,128.0,1.0,0.0,1.0,0.0,0.0,32.77921307095457,0.0,NON_CRYPTO
3.1665301730294653,0.0,32.0,1.0,0.0,1.0,0.0,0.0,15.973226183600941,0.0,NON_CRYPTO
-0.0,0.0,32.0,1.0,0.0,1.0,0.0,0.0,-0.0,0.0,NON_CRYPTO
2.611720719586586,22120.0,256.0,1.0,0.0,1.0,0.0,0.0,20.908455508360674,0.0,NON_CRYPTO
5.114515086514732,0.0,64.0,1.0,0.0,3.0,0.0,0.0,30.801491036274765,0.0,NON_CRYPTO
3.990289660001658,0.0,128.0,1.0,0.0,1.0,0.0,0.0,27.976827621237213,0.0,NON_CRYPTO
5.841227116259121,1698.0,256.0,1.0,0.0,3.0,0.0,0.0,46.76267119934099,0.0,NON_CRYPTO
4.17095859334435,0.0,64.0,1.0,0.0,1.0,0.0,0.0,25.119046782031454,0.0,NON_CRYPTO
2.5654056134229988,25268.0,256.0,1.0,0.0,1.0,0.0,0.0,20.53767415745894,0.0,NON_CRYPTO
4.8949746782469115,0.0,48.0,1.0,0.0,3.0,0.0,0.0,27.483862512647608,0.0,NON_CRYPTO
4.332760077057944,0.0,48.0,1.0,0.0,1.0,0.0,0.0,24.32719065684661,0.0,NON_CRYPTO
6.013345093914076,1378.0,256.0,1.0,0.0,3.0,0.0,0.0,48.14058310661309,0.0,NON_CRYPTO
3.892076227219907,0.0,64.0,1.0,0.0,1.0,0.0,0.0,23.43951459666239,0.0,NON_CRYPTO
3.195290968169103,0.0,64.0,1.0,0.0,1.0,0.0,0.0,19.243217479962134,0.0,NON_CRYPTO
4.443115931821705,0.0,48.0,1.0,0.0,1.0,0.0,0.0,24.946806760944444,0.0,NON_CRYPTO
1.991941543662219,0.0,48.0,1.0,0.0,1.0,0.0,0.0,11.184173794102305,0.0,NON_CRYPTO
3.0,0.0,8.0,1.0,1.0,3.0,0.0,0.0,9.509775004326936,0.0,NON_CRYPTO
3.459147917027245,0.0,24.0,1.0,1.0,1.0,0.0,0.0,16.063785465833316,0.0,NON_CRYPTO
5.361789478765981,2706.0,256.0,1.0,0.0,1.0,0.0,0.0,42.92447347881839,0.0,NON_CRYPTO
3.7264097655573916,0.0,32.0,1.0,0.0,1.0,0.0,0.0,18.79747950769762,0.0,NON_CRYPTO
4.051306431134465,0.0,48.0,1.0,0.0,1.0,0.0,0.0,22.746910100417935,0.0,NON_CRYPTO
0.6685644431995964,0.0,16.0,1.0,1.0,2.0,0.0,0.0,2.7327323185595733,0.0,NON_CRYPTO
0.8112781244591328,0.0,8.0,1.0,1.0,1.0,0.0,0.0,2.571690809846233,0.0,NON_CRYPTO
1.2806721295208872,0.0,24.0,1.0,1.0,1.0,0.0,0.0,5.947257195747549,0.0,NON_CRYPTO
5.500676539076289,0.0,128.0,1.0,0.0,1.0,0.0,0.0,38.56649327403893,0.0,NON_CRYPTO
3.727493427886333,0.0,48.0,1.0,0.0,3.0,0.0,0.0,20.928794043428137,0.0,NON_CRYPTO
5.220175521464345,0.0,48.0,1.0,0.0,2.0,0.0,0.0,29.3097708883751,0.0,NON_CRYPTO
3.75,0.0,16.0,1.0,1.0,1.0,0.0,0.0,15.32798565468877,0.0,NON_CRYPTO
4.8721809702385235,2700.0,256.0,1.0,0.0,1.0,0.0,0.0,39.00485158345678,0.0,NON_CRYPTO
4.706053618594097,4404.0,256.0,1.0,0.0,1.0,0.0,0.0,37.674898378839586,0.0,NON_CRYPTO
3.6295911617768235,6168.0,256.0,1.0,0.0,3.0,0.0,0.0,29.05714410825767,0.0,NON_CRYPTO
3.327819531114783,0.0,16.0,1.0,1.0,3.0,0.0,0.0,13.602338675818803,0.0,NON_CRYPTO
5.086486439429722,4122.0,256.0,1.0,0.0,3.0,0.0,0.0,40.720500708640344,0.0,NON_CRYPTO
0.24988229283318544,0.0,24.0,1.0,1.0,3.0,0.0,0.0,1.1604174322884884,0.0,NON_CRYPTO
0.3997900666170139,0.0,32.0,1.0,0.0,1.0,0.0,0.0,2.016698661020789,0.0,NON_CRYPTO
3.618803861896761,0.0,64.0,1.0,0.0,1.0,0.0,0.0,21.79376789955012,0.0,NON_CRYPTO
3.6703809560205896,6260.0,256.0,1.0,0.0,3.0,0.0,0.0,29.38369188641213,0.0,NON_CRYPTO
2.75,0.0,8.0,1.0,1.0,3.0,0.0,0.0,8.71729375396636,0.0,NON_CRYPTO
2.1112949406953985,0.0,32.0,1.0,0.0,1.0,0.0,0.0,10.650203783075122,0.0,NON_CRYPTO
-0.0,0.0,48.0,1.0,0.0,1.0,0.0,0.0,-0.0,0.0,NON_CRYPTO
1.5042236798590825,0.0,64.0,1.0,0.0,1.0,0.0,0.0,9.058988273178556,0.0,NON_CRYPTO
3.0087574414165545,0.0,48.0,1.0,0.0,2.0,0.0,0.0,16.893300024876417,0.0,NON_CRYPTO
1.1808927290103626,0.0,32.0,1.0,0.0,1.0,0.0,0.0,5.956888337813028,0.0,NON_CRYPTO
3.613471804248227,6426.0,256.0,1.0,0.0,3.0,0.0,0.0,28.928098583909502,0.0,NON_CRYPTO
4.4028658280427155,5304.0,256.0,1.0,0.0,1.0,0.0,0.0,35.2476907597856,0.0,NON_CRYPTO
3.5389097655573916,0.0,32.0,1.0,0.0,1.0,0.0,0.0,17.85165561031791,0.0,NON_CRYPTO
1.7153907621868583,0.0,64.0,1.0,0.0,1.0,0.0,0.0,10.330714112960482,0.0,NON_CRYPTO
2.5,0.0,16.0,1.0,1.0,1.0,0.0,0.0,10.218657103125848,0.0,NON_CRYPTO
1.7743974703476992,0.0,32.0,1.0,0.0,1.0,0.0,0.0,8.95076016482645,0.0,NON_CRYPTO
2.5110276044371003,0.0,24.0,1.0,1.0,1.0,0.0,0.0,11.660851083560425,0.0,NON_CRYPTO
2.561600992884646,26094.0,256.0,1.0,0.0,1.0,0.0,0.0,20.507215793876735,0.0,NON_CRYPTO
5.256095338651901,3322.0,256.0,1.0,0.0,1.0,0.0,0.0,42.07832587601518,0.0,NON_CRYPTO
3.038869101484276,23286.0,256.0,1.0,0.0,1.0,0.0,0.0,24.328045080629266,0.0,NON_CRYPTO
2.4056390622295662,0.0,8.0,1.0,1.0,1.0,0.0,0.0,7.62569540780774,0.0,NON_CRYPTO
3.452819531114783,0.0,16.0,1.0,1.0,1.0,0.0,0.0,14.113271530975094,0.0,NON_CRYPTO
2.542481250360578,0.0,24.0,1.0,1.0,1.0,0.0,0.0,11.806917291873152,0.0,NON_CRYPTO
1.7047285911160548,0.0,128.0,1.0,0.0,1.0,0.0,0.0,11.952239561132167,0.0,NON_CRYPTO
4.708843001459559,0.0,128.0,1.0,0.0,1.0,0.0,0.0,33.0147683933423,0.0,NON_CRYPTO
1.3741854163060885,0.0,24.0,1.0,1.0,2.0,0.0,0.0,6.381519451411186,0.0,NON_CRYPTO
3.6468225166542534,0.0,64.0,1.0,0.0,1.0,0.0,0.0,21.962506544126,0.0,NON_CRYPTO
5.61713291462472,0.0,128.0,1.0,0.0,3.0,0.0,0.0,39.382995388351894,0.0,NON_CRYPTO
2.75,0.0,8.0,1.0,1.0,1.0,0.0,0.0,8.71729375396636,0.0,NON_CRYPTO
4.651864454101657,0.0,64.0,1.0,0.0,1.0,0.0,0.0,28.015238758953004,0.0,NON_CRYPTO
3.8522170014624826,0.0,32.0,1.0,0.0,1.0,0.0,0.0,19.432100788670002,0.0,NON_CRYPTO
-0.0,0.0,128.0,1.0,0.0,1.0,0.0,0.0,-0.0,0.0,NON_CRYPTO
2.5,0.0,8.0,1.0,1.0,1.0,0.0,0.0,7.92481250360578,0.0,NON_CRYPTO
3.5,0.0,16.0,1.0,1.0,3.0,0.0,0.0,14.306119944376187,0.0,NON_CRYPTO
1.061278124459133,0.0,8.0,1.0,1.0,1.0,0.0,0.0,3.3641720602068115,0.0,NON_CRYPTO
2.4056390622295662,0.0,8.0,1.0,1.0,1.0,0.0,0.0,7.62569540780774,0.0,NON_CRYPTO
2.75,0.0,8.0,1.0,1.0,3.0,0.0,0.0,8.71729375396636,0.0,NON_CRYPTO
4.697123781480403,0.0,64.0,1.0,0.0,1.0,0.0,0.0,28.28780707539808,0.0,NON_CRYPTO
2.9508257945180887,0.0,24.0,1.0,1.0,1.0,0.0,0.0,13.703210630819745,0.0,NON_CRYPTO
2.6973387961875535,0.0,48.0,1.0,0.0,1.0,0.0,0.0,15.144774691868122,0.0,NON_CRYPTO
0.5435644431995964,0.0,8.0,1.0,1.0,1.0,0.0,0.0,1.7230585183934701,0.0,NON_CRYPTO
4.731419418631771,0.0,128.0,1.0,0.0,1.0,0.0,0.0,33.17305678474992,0.0,NON_CRYPTO
1.6626878900165245,0.0,64.0,1.0,0.0,1.0,0.0,0.0,10.013318031947712,0.0,NON_CRYPTO
4.4503538370418685,0.0,128.0,1.0,0.0,1.0,0.0,0.0,31.202442118545406,0.0,NON_CRYPTO
0.9182958340544896,0.0,24.0,1.0,1.0,1.0,0.0,0.0,4.264433793018284,0.0,NON_CRYPTO
4.516656771770678,0.0,128.0,1.0,0.0,1.0,0.0,0.0,31.667307061630584,0.0,NON_CRYPTO
3.5220552088742,0.0,24.0,1.0,1.0,1.0,0.0,0.0,16.355917882458765,0.0,NON_CRYPTO
0.9670534967765428,0.0,48.0,1.0,0.0,3.0,0.0,0.0,5.42972478813729,0.0,NON_CRYPTO
3.75,0.0,16.0,1.0,1.0,1.0,0.0,0.0,15.32798565468877,0.0,NON_CRYPTO
2.368822671216905,0.0,64.0,1.0,0.0,1.0,0.0,0.0,14.265921409908772,0.0,NON_CRYPTO
2.2277930388928713,0.0,32.0,1.0,0.0,1.0,0.0,0.0,11.237866104538899,0.0,NON_CRYPTO
3.375,0.0,32.0,1.0,0.0,2.0,0.0,0.0,17.02483015283478,0.0,NON_CRYPTO
-0.0,0.0,32.0,1.0,0.0,1.0,0.0,0.0,-0.0,0.0,NON_CRYPTO
4.768843945008262,0.0,64.0,1.0,0.0,3.0,0.0,0.0,28.719732279773396,0.0,NON_CRYPTO
4.0,0.0,16.0,1.0,1.0,3.0,0.0,0.0,16.349851365001356,0.0,NON_CRYPTO
5.15599980576557,0.0,64.0,1.0,0.0,3.0,0.0,0.0,31.05132727422353,0.0,NON_CRYPTO
5.120169635514018,3828.0,256.0,1.0,0.0,1.0,0.0,0.0,40.9901557301081,0.0,NON_CRYPTO
4.219449265965603,0.0,64.0,1.0,0.0,1.0,0.0,0.0,25.411075448057787,0.0,NON_CRYPTO
4.915873781480403,0.0,64.0,1.0,0.0,3.0,0.0,0.0,29.605200034498054,0.0,NON_CRYPTO
4.607810477134764,10010.0,256.0,1.0,0.0,1.0,0.0,0.0,36.88840067378283,0.0,NON_CRYPTO
3.585394666064775,8158.0,256.0,1.0,0.0,2.0,0.0,0.0,28.703323557196953,0.0,NON_CRYPTO
4.001463627454152,0.0,64.0,1.0,0.0,1.0,0.0,0.0,24.098285754983966,0.0,NON_CRYPTO
2.836195131143149,0.0,64.0,1.0,0.0,3.0,0.0,0.0,17.080610269264515,0.0,NON_CRYPTO
2.0487949406953985,0.0,32.0,1.0,0.0,1.0,0.0,0.0,10.334929150615219,0.0,NON_CRYPTO
4.935257552111628,0.0,128.0,1.0,0.0,1.0,0.0,0.0,34.6022122618985,0.0,NON_CRYPTO
2.329202804450263,0.0,32.0,1.0,0.0,3.0,0.0,0.0,11.749416929562123,0.0,NON_CRYPTO
5.82608832613863,0.0,128.0,1.0,0.0,3.0,0.0,0.0,40.84802926472641,0.0,NON_CRYPTO
2.7889097655573916,0.0,32.0,1.0,0.0,1.0,0.0,0.0,14.06836002079907,0.0,NON_CRYPTO
3.888213043958398,0.0,64.0,1.0,0.0,1.0,0.0,0.0,23.41624908613245,0.0,NON_CRYPTO
5.422550313341939,3082.0,256.0,1.0,0.0,1.0,0.0,0.0,43.41090190772919,0.0,NON_CRYPTO
3.589985692740438,0.0,64.0,1.0,0.0,3.0,0.0,0.0,21.62021428519267,0.0,NON_CRYPTO
3.699001650338932,5892.0,256.0,1.0,0.0,3.0,0.0,0.0,29.612818419462027,0.0,NON_CRYPTO
2.75,0.0,8.0,1.0,1.0,1.0,0.0,0.0,8.71729375396636,0.0,NON_CRYPTO
2.75,0.0,8.0,1.0,1.0,1.0,0.0,0.0,8.71729375396636,0.0,NON_CRYPTO
2.8024212838293647,0.0,32.0,1.0,0.0,1.0,0.0,0.0,14.136517444113816,0.0,NON_CRYPTO
2.7493896755123948,0.0,24.0,1.0,1.0,1.0,0.0,0.0,12.767770262730956,0.0,NON_CRYPTO
6.157544667134609,1394.0,256.0,1.0,0.0,3.0,0.0,0.0,49.29499074997067,0.0,NON_CRYPTO
0.44101597513537405,59292.0,256.0,1.0,0.0,2.0,0.0,0.0,3.5306083171304277,0.0,NON_CRYPTO
2.4056390622295662,0.0,8.0,1.0,1.0,1.0,0.0,0.0,7.62569540780774,0.0,NON_CRYPTO
3.6447878943666803,0.0,128.0,1.0,0.0,1.0,0.0,0.0,25.5544362252204,0.0,NON_CRYPTO
2.75,0.0,8.0,1.0,1.0,1.0,0.0,0.0,8.71729375396636,0.0,NON_CRYPTO
4.452819531114783,0.0,32.0,1.0,0.0,3.0,0.0,0.0,22.461776657319877,0.0,NON_CRYPTO
2.7574373408045862,0.0,48.0,1.0,0.0,1.0,0.0,0.0,15.482210581946372,0.0,NON_CRYPTO
2.0591407621868583,0.0,64.0,1.0,0.0,2.0,0.0,0.0,12.400903048689015,0.0,NON_CRYPTO
2.5,0.0,8.0,1.0,1.0,1.0,0.0,0.0,7.92481250360578,0.0,NON_CRYPTO
2.451020620703713,31990.0,256.0,1.0,0.0,1.0,0.0,0.0,19.621950851686066,0.0,NON_CRYPTO
2.75,0.0,8.0,1.0,1.0,1.0,0.0,0.0,8.71729375396636,0.0,NON_CRYPTO
3.2693161754094406,21700.0,256.0,1.0,0.0,2.0,0.0,0.0,26.17291783293446,0.0,NON_CRYPTO
5.0,0.0,32.0,1.0,0.0,2.0,0.0,0.0,25.221970596792268,0.0,NON_CRYPTO
6.0,0.0,64.0,1.0,0.0,2.0,0.0,0.0,36.13420687817073,0.0,NON_CRYPTO
5.0,0.0,32.0,1.0,0.0,2.0,0.0,0.0,25.221970596792268,0.0,NON_CRYPTO
6.0,0.0,64.0,1.0,0.0,2.0,0.0,0.0,36.13420687817073,0.0,NON_CRYPTO
4.0,0.0,16.0,1.0,1.0,2.0,0.0,0.0,16.349851365001356,0.0,NON_CRYPTO
6.0,0.0,64.0,1.0,0.0,2.0,0.0,0.0,36.13420687817073,0.0,NON_CRYPTO
4.0,0.0,16.0,1.0,1.0,2.0,0.0,0.0,16.349851365001356,0.0,NON_CRYPTO
4.0,0.0,16.0,1.0,1.0,2.0,0.0,0.0,16.349851365001356,0.0,NON_CRYPTO
4.0,0.0,16.0,1.0,1.0,2.0,0.0,0.0,16.349851365001356,0.0,NON_CRYPTO
6.0,0.0,64.0,1.0,0.0,2.0,0.0,0.0,36.13420687817073,0.0,NON_CRYPTO
6.0,0.0,64.0,1.0,0.0,2.0,0.0,0.0,36.13420687817073,0.0,NON_CRYPTO
5.0,0.0,32.0,1.0,0.0,2.0,0.0,0.0,25.221970596792268,0.0,NON_CRYPTO
5.0,0.0,32.0,1.0,0.0,2.0,0.0,0.0,25.221970596792268,0.0,NON_CRYPTO
4.0,0.0,16.0,1.0,1.0,2.0,0.0,0.0,16.349851365001356,0.0,NON_CRYPTO
4.0,0.0,16.0,1.0,1.0,2.0,0.0,0.0,16.349851365001356,0.0,NON_CRYPTO
6.0,0.0,64.0,1.0,0.0,2.0,0.0,0.0,36.13420687817073,0.0,NON_CRYPTO
5.0,0.0,32.0,1.0,0.0,2.0,0.0,0.0,25.221970596792268,0.0,NON_CRYPTO
6.0,0.0,64.0,1.0,0.0,2.0,0.0,0.0,36.13420687817073,0.0,NON_CRYPTO
6.0,0.0,64.0,1.0,0.0,2.0,0.0,0.0,36.13420687817073,0.0,NON_CRYPTO
6.0,0.0,64.0,1.0,0.0,2.0,0.0,0.0,36.13420687817073,0.0,NON_CRYPTO
5.0427359517630155,0.0,58.0,0.0,0.0,2.0,0.0,0.0,29.664615596405774,0.0,NON_CRYPTO
3.0,0.0,32.0,1.0,0.0,2.0,0.0,0.0,15.13318235807536,0.0,NON_CRYPTO
4.0,0.0,32.0,1.0,0.0,2.0,0.0,0.0,20.177576477433814,0.0,NON_CRYPTO
3.0,0.0,32.0,1.0,0.0,2.0,0.0,0.0,15.13318235807536,0.0,NON_CRYPTO
4.578171939471839,0.0,50.0,0.0,0.0,2.0,0.0,0.0,25.96933852936285,0.0,NON_CRYPTO
